Sunday,13,September,2026,21:12:25:00009-VCID:79F958E3F8D95B5B8C-802C,VCDS Version: Release 23.3.1 (x64),Data version: 20230421 DS346.2
03L 906 023 TB,ADVMB,R4 1.6l TDI   H43 9979,
,,G003,F0,G006,F0,G012,F0,G015,F0,G000,F0,G000,F0,G000,F0,G000,F0,G000,F0,G000,F0,G000,F0,G000,F0,

Marker,TIME,Loc. IDE00021,TIME,Loc. IDE00075,TIME,Loc. IDE00086,TIME,Loc. IDE00100-ENG101842,,,,,,,,,,,,,,,,,
,STAMP,Engine RPM,STAMP,Vehicle speed,STAMP,Accelerator pedal position,STAMP,Engine torque-TQI_SP,,,,,,,,,,,,,,,,,
,, /min,, km/h,, %,, Nm,,,,,,,,,,,,,,,,,
,0.15,2569,0.15,38,0.16,22.0,0.16,9.16,,,,,,,,,,,,,,,,,
,0.34,2555,0.34,38,0.34,22.0,0.34,11.81,,,,,,,,,,,,,,,,,
,0.54,2542,0.55,39,0.55,22.0,0.55,8.28,,,,,,,,,,,,,,,,,
,0.74,2545,0.75,38,0.75,22.4,0.75,7.88,,,,,,,,,,,,,,,,,
,0.95,2565,0.96,39,0.96,26.3,0.96,12.00,,,,,,,,,,,,,,,,,
,1.16,2587,1.16,38,1.17,29.0,1.17,20.09,,,,,,,,,,,,,,,,,
,1.35,2605,1.36,39,1.36,34.5,1.36,31.81,,,,,,,,,,,,,,,,,
,1.55,2598,1.56,39,1.56,42.4,1.56,106.28,,,,,,,,,,,,,,,,,
,1.76,2664,1.76,40,1.77,49.0,1.77,142.44,,,,,,,,,,,,,,,,,
,1.96,2717,1.97,40,1.97,52.5,1.97,169.69,,,,,,,,,,,,,,,,,
,2.17,2788,2.17,42,2.18,57.3,2.18,207.38,,,,,,,,,,,,,,,,,
,2.36,2890,2.37,43,2.37,57.6,2.37,209.50,,,,,,,,,,,,,,,,,
,2.57,2996,2.58,45,2.58,57.6,2.58,205.97,,,,,,,,,,,,,,,,,
,2.77,3132,2.78,47,2.78,60.8,2.78,223.75,,,,,,,,,,,,,,,,,
,2.97,3256,2.98,49,2.98,62.4,2.98,240.22,,,,,,,,,,,,,,,,,
,3.18,3402,3.18,51,3.18,62.7,3.18,237.47,,,,,,,,,,,,,,,,,
,3.38,3465,3.38,53,3.39,52.5,3.39,146.03,,,,,,,,,,,,,,,,,
,3.58,3422,3.59,53,3.59,21.6,3.59,9.22,,,,,,,,,,,,,,,,,
,3.78,3265,3.78,53,3.79,14.5,3.79,0.78,,,,,,,,,,,,,,,,,
,3.98,2901,3.98,53,3.99,14.5,3.99,0.00,,,,,,,,,,,,,,,,,
,4.18,2564,4.18,53,4.19,14.5,4.19,0.00,,,,,,,,,,,,,,,,,
,4.37,2056,4.38,53,4.38,21.6,4.38,29.25,,,,,,,,,,,,,,,,,
,4.57,2154,4.57,53,4.58,32.9,4.58,31.72,,,,,,,,,,,,,,,,,
,4.76,2127,4.76,53,4.77,38.8,4.77,86.88,,,,,,,,,,,,,,,,,
,4.95,2134,4.96,54,4.96,48.2,4.96,154.09,,,,,,,,,,,,,,,,,
,5.16,2168,5.16,54,5.17,59.6,5.17,210.25,,,,,,,,,,,,,,,,,
,5.34,2209,5.35,55,5.35,62.7,5.35,229.47,,,,,,,,,,,,,,,,,
,5.55,2253,5.56,56,5.56,62.7,5.56,260.53,,,,,,,,,,,,,,,,,
,5.76,2280,5.76,57,5.77,51.4,5.77,151.44,,,,,,,,,,,,,,,,,
,5.96,2277,5.97,57,5.97,37.6,5.97,72.47,,,,,,,,,,,,,,,,,
,6.17,2311,6.18,58,6.18,30.6,6.18,18.31,,,,,,,,,,,,,,,,,
,6.36,2312,6.36,58,6.37,27.1,6.37,21.75,,,,,,,,,,,,,,,,,
,6.57,2315,6.58,58,6.58,26.3,6.58,19.63,,,,,,,,,,,,,,,,,
,6.78,2321,6.78,58,6.78,25.9,6.78,18.22,,,,,,,,,,,,,,,,,
,6.97,2293,6.98,58,6.98,17.6,6.98,6.22,,,,,,,,,,,,,,,,,
,7.18,2154,7.18,58,7.19,14.5,7.19,0.00,,,,,,,,,,,,,,,,,
,7.39,1893,7.39,58,7.39,14.5,7.39,0.00,,,,,,,,,,,,,,,,,
,7.58,1529,7.59,58,7.59,14.5,7.59,0.00,,,,,,,,,,,,,,,,,
,7.78,1586,7.79,58,7.79,14.5,7.79,0.00,,,,,,,,,,,,,,,,,
,8.00,1563,8.00,58,8.00,14.5,8.00,0.00,,,,,,,,,,,,,,,,,
,8.20,1546,8.20,58,8.21,14.5,8.21,0.00,,,,,,,,,,,,,,,,,
,8.40,1541,8.40,57,8.40,14.9,8.40,0.00,,,,,,,,,,,,,,,,,
,8.59,1549,8.60,57,8.60,18.0,8.60,0.00,,,,,,,,,,,,,,,,,
,8.80,1545,8.80,57,8.81,20.4,8.81,10.81,,,,,,,,,,,,,,,,,
,9.00,1575,9.01,57,9.01,22.4,9.01,27.56,,,,,,,,,,,,,,,,,
,9.20,1548,9.21,57,9.21,31.8,9.21,52.09,,,,,,,,,,,,,,,,,
,9.41,1539,9.41,57,9.42,31.8,9.42,50.09,,,,,,,,,,,,,,,,,
,9.59,1549,9.59,57,9.60,31.8,9.60,48.94,,,,,,,,,,,,,,,,,
,9.79,1551,9.80,57,9.80,31.8,9.80,48.88,,,,,,,,,,,,,,,,,
,9.98,1549,9.98,57,9.99,31.8,9.99,48.84,,,,,,,,,,,,,,,,,
,10.18,1556,10.18,57,10.19,31.4,10.19,47.97,,,,,,,,,,,,,,,,,
,10.37,1545,10.38,57,10.38,27.8,10.38,32.84,,,,,,,,,,,,,,,,,
,10.57,1551,10.58,57,10.58,25.5,10.58,26.00,,,,,,,,,,,,,,,,,
,10.76,1557,10.76,57,10.77,23.9,10.77,20.69,,,,,,,,,,,,,,,,,
,10.95,1547,10.96,57,10.96,22.4,10.96,18.88,,,,,,,,,,,,,,,,,
,11.16,1539,11.16,57,11.17,22.0,11.17,15.88,,,,,,,,,,,,,,,,,
,11.35,1537,11.35,57,11.35,21.6,11.35,14.22,,,,,,,,,,,,,,,,,
,11.54,1536,11.55,57,11.55,21.2,11.55,12.97,,,,,,,,,,,,,,,,,
,11.72,1535,11.73,57,11.73,21.2,11.73,12.94,,,,,,,,,,,,,,,,,
,11.94,1534,11.95,57,11.95,21.2,11.95,13.09,,,,,,,,,,,,,,,,,
,12.13,1536,12.14,56,12.14,21.2,12.14,12.97,,,,,,,,,,,,,,,,,
,12.34,1533,12.34,56,12.34,20.8,12.34,11.69,,,,,,,,,,,,,,,,,
,12.54,1504,12.55,56,12.55,19.6,12.55,8.56,,,,,,,,,,,,,,,,,
,12.74,1518,12.74,56,12.74,19.6,12.74,6.31,,,,,,,,,,,,,,,,,
,12.95,1506,12.95,56,12.95,18.4,12.95,4.13,,,,,,,,,,,,,,,,,
,13.14,1511,13.14,56,13.15,18.0,13.15,0.34,,,,,,,,,,,,,,,,,
,13.35,1499,13.36,55,13.36,16.5,13.36,0.00,,,,,,,,,,,,,,,,,
,13.55,1494,13.56,55,13.56,15.3,13.56,0.00,,,,,,,,,,,,,,,,,
,13.75,1486,13.76,55,13.76,15.3,13.76,0.00,,,,,,,,,,,,,,,,,
,13.96,1474,13.96,55,13.97,15.3,13.97,0.00,,,,,,,,,,,,,,,,,
,14.15,1473,14.16,54,14.16,14.9,14.16,0.00,,,,,,,,,,,,,,,,,
,14.35,1469,14.35,54,14.35,14.9,14.35,0.00,,,,,,,,,,,,,,,,,
,14.54,1462,14.55,54,14.55,14.9,14.55,0.00,,,,,,,,,,,,,,,,,
,14.74,1455,14.74,54,14.74,14.9,14.74,0.00,,,,,,,,,,,,,,,,,
,14.94,1445,14.95,53,14.95,16.5,14.95,0.00,,,,,,,,,,,,,,,,,
,15.14,1427,15.14,53,15.14,18.8,15.14,1.72,,,,,,,,,,,,,,,,,
,15.32,1435,15.32,53,15.33,18.8,15.33,0.13,,,,,,,,,,,,,,,,,
,15.51,1426,15.52,53,15.52,18.8,15.52,0.91,,,,,,,,,,,,,,,,,
,15.71,1422,15.72,52,15.72,18.8,15.72,0.41,,,,,,,,,,,,,,,,,
,15.90,1413,15.91,52,15.91,18.8,15.91,0.84,,,,,,,,,,,,,,,,,
,16.09,1406,16.10,52,16.10,18.8,16.10,1.91,,,,,,,,,,,,,,,,,
,16.30,1401,16.30,52,16.30,18.8,16.30,2.06,,,,,,,,,,,,,,,,,
,16.52,1387,16.52,51,16.52,19.2,16.52,2.34,,,,,,,,,,,,,,,,,
,16.73,1385,16.73,51,16.73,19.2,16.73,1.97,,,,,,,,,,,,,,,,,
,16.94,1377,16.94,51,16.95,19.2,16.95,2.13,,,,,,,,,,,,,,,,,
,17.13,1370,17.14,51,17.14,19.2,17.14,2.81,,,,,,,,,,,,,,,,,
,17.34,1366,17.34,50,17.34,19.2,17.34,3.31,,,,,,,,,,,,,,,,,
,17.54,1350,17.54,50,17.54,19.2,17.54,3.66,,,,,,,,,,,,,,,,,
,17.74,1351,17.75,50,17.75,19.6,17.75,4.16,,,,,,,,,,,,,,,,,
,17.95,1348,17.95,50,17.96,19.6,17.96,4.81,,,,,,,,,,,,,,,,,
,18.15,1350,18.15,50,18.15,20.8,18.15,13.69,,,,,,,,,,,,,,,,,
,18.34,1368,18.34,49,18.35,21.2,18.35,14.47,,,,,,,,,,,,,,,,,
,18.53,1313,18.54,49,18.54,21.2,18.54,16.47,,,,,,,,,,,,,,,,,
,18.74,1321,18.74,49,18.75,21.6,18.75,15.38,,,,,,,,,,,,,,,,,
,18.94,1363,18.94,49,18.95,22.0,18.95,19.25,,,,,,,,,,,,,,,,,
,19.12,1318,19.13,49,19.13,22.0,19.13,20.25,,,,,,,,,,,,,,,,,
,19.32,1342,19.32,49,19.32,22.4,19.32,21.94,,,,,,,,,,,,,,,,,
,19.52,1338,19.52,49,19.52,22.4,19.52,23.50,,,,,,,,,,,,,,,,,
,19.72,1328,19.72,49,19.72,22.7,19.72,26.09,,,,,,,,,,,,,,,,,
,19.91,1318,19.91,49,19.91,23.1,19.91,27.91,,,,,,,,,,,,,,,,,
,20.10,1314,20.10,48,20.11,23.1,20.11,28.00,,,,,,,,,,,,,,,,,
,20.29,1318,20.30,49,20.30,23.1,20.30,29.28,,,,,,,,,,,,,,,,,
,20.48,1313,20.49,48,20.49,23.5,20.49,30.44,,,,,,,,,,,,,,,,,
,20.69,1311,20.69,49,20.69,23.5,20.69,31.19,,,,,,,,,,,,,,,,,
,20.88,1314,20.89,48,20.89,24.3,20.89,35.19,,,,,,,,,,,,,,,,,
,21.09,1312,21.09,48,21.09,26.3,21.09,41.00,,,,,,,,,,,,,,,,,
,21.29,1310,21.29,48,21.29,27.1,21.29,43.53,,,,,,,,,,,,,,,,,
,21.49,1315,21.50,48,21.50,27.5,21.50,44.56,,,,,,,,,,,,,,,,,
,21.69,1315,21.70,49,21.70,28.2,21.70,46.81,,,,,,,,,,,,,,,,,
,21.89,1308,21.90,48,21.90,28.2,21.90,47.56,,,,,,,,,,,,,,,,,
,22.11,1315,22.11,49,22.11,29.0,22.11,49.34,,,,,,,,,,,,,,,,,
,22.31,1319,22.31,49,22.31,29.4,22.31,51.31,,,,,,,,,,,,,,,,,
,22.51,1320,22.51,49,22.51,29.8,22.51,52.47,,,,,,,,,,,,,,,,,
,22.71,1316,22.72,49,22.72,29.8,22.72,52.56,,,,,,,,,,,,,,,,,
,22.92,1318,22.92,49,22.92,29.8,22.92,52.41,,,,,,,,,,,,,,,,,
,23.11,1331,23.12,48,23.12,29.8,23.12,51.81,,,,,,,,,,,,,,,,,
,23.31,1316,23.32,49,23.32,29.8,23.32,52.41,,,,,,,,,,,,,,,,,
,23.53,1335,23.53,49,23.53,29.8,23.53,51.63,,,,,,,,,,,,,,,,,
,23.73,1330,23.73,49,23.73,29.8,23.73,51.59,,,,,,,,,,,,,,,,,
,23.93,1337,23.94,49,23.94,29.8,23.94,51.25,,,,,,,,,,,,,,,,,
,24.13,1337,24.13,49,24.13,29.8,24.13,51.19,,,,,,,,,,,,,,,,,
,24.33,1333,24.33,49,24.33,29.0,24.33,48.97,,,,,,,,,,,,,,,,,
,24.53,1337,24.54,49,24.54,27.8,24.54,45.97,,,,,,,,,,,,,,,,,
,24.74,1340,24.74,49,24.74,26.7,24.74,41.06,,,,,,,,,,,,,,,,,
,24.96,1341,24.96,50,24.96,25.5,24.96,36.88,,,,,,,,,,,,,,,,,
,25.14,1341,25.15,50,25.15,25.5,25.15,36.78,,,,,,,,,,,,,,,,,
,25.34,1337,25.35,49,25.35,23.9,25.35,32.03,,,,,,,,,,,,,,,,,
,25.54,1339,25.55,49,25.55,23.9,25.55,30.63,,,,,,,,,,,,,,,,,
,25.76,1337,25.76,49,25.76,23.1,25.76,29.03,,,,,,,,,,,,,,,,,
,25.96,1324,25.97,49,25.97,22.7,25.97,27.88,,,,,,,,,,,,,,,,,
,26.15,1331,26.16,49,26.16,22.4,26.16,24.94,,,,,,,,,,,,,,,,,
,26.35,1338,26.35,49,26.35,22.4,26.35,24.56,,,,,,,,,,,,,,,,,
,26.55,1334,26.55,49,26.55,22.4,26.55,23.31,,,,,,,,,,,,,,,,,
,26.75,1322,26.76,49,26.76,22.0,26.76,20.81,,,,,,,,,,,,,,,,,
,26.96,1320,26.97,49,26.97,21.6,26.97,19.84,,,,,,,,,,,,,,,,,
,27.15,1324,27.16,49,27.16,21.6,27.16,19.41,,,,,,,,,,,,,,,,,
,27.34,1320,27.34,49,27.34,21.6,27.34,20.03,,,,,,,,,,,,,,,,,
,27.55,1314,27.55,48,27.55,21.6,27.55,20.59,,,,,,,,,,,,,,,,,
,27.76,1316,27.77,49,27.77,21.6,27.77,19.47,,,,,,,,,,,,,,,,,
,27.97,1310,27.98,48,27.98,21.6,27.98,20.63,,,,,,,,,,,,,,,,,
,28.19,1307,28.20,48,28.20,21.6,28.20,20.28,,,,,,,,,,,,,,,,,
,28.38,1307,28.39,48,28.39,21.6,28.39,20.41,,,,,,,,,,,,,,,,,
,28.58,1302,28.58,48,28.58,21.6,28.59,19.47,,,,,,,,,,,,,,,,,
,28.78,1320,28.79,48,28.79,22.7,28.79,25.34,,,,,,,,,,,,,,,,,
,28.99,1311,29.00,48,29.00,22.7,29.00,26.34,,,,,,,,,,,,,,,,,
,29.20,1300,29.20,48,29.21,23.1,29.21,30.25,,,,,,,,,,,,,,,,,
,29.39,1297,29.40,48,29.40,23.9,29.40,33.25,,,,,,,,,,,,,,,,,
,29.60,1302,29.61,48,29.61,24.3,29.61,34.16,,,,,,,,,,,,,,,,,
,29.80,1303,29.81,48,29.81,24.3,29.81,34.06,,,,,,,,,,,,,,,,,
,30.01,1302,30.01,48,30.01,24.3,30.01,34.53,,,,,,,,,,,,,,,,,
,30.21,1300,30.22,48,30.22,24.7,30.22,34.97,,,,,,,,,,,,,,,,,
,30.40,1310,30.41,48,30.41,24.7,30.41,34.78,,,,,,,,,,,,,,,,,
,30.59,1302,30.60,48,30.60,24.7,30.60,35.16,,,,,,,,,,,,,,,,,
,30.79,1300,30.80,48,30.80,24.7,30.80,35.25,,,,,,,,,,,,,,,,,
,30.99,1311,30.99,48,30.99,24.7,30.99,34.84,,,,,,,,,,,,,,,,,
,31.19,1297,31.20,48,31.20,24.7,31.20,36.13,,,,,,,,,,,,,,,,,
,31.37,1306,31.38,48,31.38,24.7,31.38,35.69,,,,,,,,,,,,,,,,,
,31.57,1312,31.58,48,31.58,24.7,31.58,35.53,,,,,,,,,,,,,,,,,
,31.76,1305,31.77,48,31.77,25.1,31.77,35.72,,,,,,,,,,,,,,,,,
,31.96,1313,31.97,48,31.97,25.1,31.97,35.59,,,,,,,,,,,,,,,,,
,32.15,1314,32.16,48,32.16,25.1,32.16,35.72,,,,,,,,,,,,,,,,,
,32.34,1302,32.35,48,32.35,25.1,32.35,36.09,,,,,,,,,,,,,,,,,
,32.54,1313,32.55,48,32.55,24.7,32.55,35.84,,,,,,,,,,,,,,,,,
,32.76,1306,32.77,48,32.77,23.5,32.77,31.09,,,,,,,,,,,,,,,,,
,32.99,1320,32.99,49,32.99,23.1,32.99,29.44,,,,,,,,,,,,,,,,,
,33.20,1312,33.21,49,33.21,23.1,33.21,29.41,,,,,,,,,,,,,,,,,
,33.40,1315,33.41,48,33.41,22.7,33.41,26.13,,,,,,,,,,,,,,,,,
,33.61,1312,33.62,48,33.62,22.4,33.62,25.03,,,,,,,,,,,,,,,,,
,33.82,1314,33.83,48,33.83,22.4,33.83,24.91,,,,,,,,,,,,,,,,,
,34.02,1313,34.03,48,34.03,22.4,34.03,25.09,,,,,,,,,,,,,,,,,
,34.22,1310,34.23,48,34.23,22.4,34.23,24.69,,,,,,,,,,,,,,,,,
,34.43,1314,34.44,49,34.44,22.0,34.44,23.56,,,,,,,,,,,,,,,,,
,34.63,1318,34.63,48,34.63,22.0,34.63,23.81,,,,,,,,,,,,,,,,,
,34.84,1310,34.84,48,34.84,22.0,34.84,22.03,,,,,,,,,,,,,,,,,
,35.03,1304,35.04,49,35.04,21.2,35.04,17.53,,,,,,,,,,,,,,,,,
,35.24,1299,35.24,48,35.24,20.8,35.24,16.56,,,,,,,,,,,,,,,,,
,35.44,1307,35.45,48,35.45,20.8,35.45,16.00,,,,,,,,,,,,,,,,,
,35.62,1306,35.62,48,35.63,20.8,35.63,16.84,,,,,,,,,,,,,,,,,
,35.81,1289,35.82,48,35.82,20.8,35.82,17.72,,,,,,,,,,,,,,,,,
,36.01,1300,36.02,48,36.02,21.2,36.02,15.41,,,,,,,,,,,,,,,,,
,36.21,1303,36.22,48,36.22,21.2,36.22,17.25,,,,,,,,,,,,,,,,,
,36.40,1294,36.41,47,36.41,21.6,36.41,23.59,,,,,,,,,,,,,,,,,
,36.59,1292,36.59,48,36.60,23.5,36.60,32.09,,,,,,,,,,,,,,,,,
,36.79,1286,36.80,48,36.80,23.5,36.80,32.56,,,,,,,,,,,,,,,,,
,36.98,1288,36.98,48,36.99,23.5,36.99,32.34,,,,,,,,,,,,,,,,,
,37.16,1289,37.17,47,37.17,23.5,37.17,32.47,,,,,,,,,,,,,,,,,
,37.35,1288,37.36,48,37.36,23.5,37.36,32.56,,,,,,,,,,,,,,,,,
,37.54,1291,37.54,48,37.55,23.5,37.55,32.56,,,,,,,,,,,,,,,,,
,37.73,1290,37.73,47,37.74,23.9,37.74,32.56,,,,,,,,,,,,,,,,,
,37.94,1293,37.94,48,37.95,23.5,37.95,32.50,,,,,,,,,,,,,,,,,
,38.12,1284,38.13,48,38.13,23.5,38.13,32.81,,,,,,,,,,,,,,,,,
,38.32,1288,38.33,47,38.33,23.5,38.33,32.53,,,,,,,,,,,,,,,,,
,38.52,1287,38.53,48,38.53,23.5,38.53,32.66,,,,,,,,,,,,,,,,,
,38.71,1280,38.72,48,38.72,23.5,38.72,32.91,,,,,,,,,,,,,,,,,
,38.90,1293,38.91,47,38.91,23.5,38.91,32.34,,,,,,,,,,,,,,,,,
,39.08,1302,39.09,48,39.09,23.5,39.09,32.84,,,,,,,,,,,,,,,,,
,39.29,1275,39.30,47,39.30,24.3,39.30,35.00,,,,,,,,,,,,,,,,,
,39.49,1292,39.49,48,39.50,24.3,39.50,34.34,,,,,,,,,,,,,,,,,
,39.70,1296,39.70,48,39.70,24.3,39.70,34.34,,,,,,,,,,,,,,,,,
,39.89,1275,39.90,48,39.90,24.3,39.90,35.50,,,,,,,,,,,,,,,,,
,40.10,1299,40.11,48,40.11,24.3,40.11,34.25,,,,,,,,,,,,,,,,,
,40.30,1277,40.31,47,40.31,24.7,40.31,37.94,,,,,,,,,,,,,,,,,
,40.50,1295,40.51,48,40.51,25.5,40.51,39.09,,,,,,,,,,,,,,,,,
,40.71,1285,40.71,48,40.72,25.9,40.72,39.53,,,,,,,,,,,,,,,,,
,40.91,1292,40.92,48,40.92,25.5,40.92,39.19,,,,,,,,,,,,,,,,,
,41.11,1289,41.12,47,41.12,25.9,41.12,39.66,,,,,,,,,,,,,,,,,
,41.31,1288,41.32,48,41.32,25.9,41.32,39.97,,,,,,,,,,,,,,,,,
,41.51,1299,41.52,48,41.52,25.9,41.52,39.59,,,,,,,,,,,,,,,,,
,41.71,1292,41.71,48,41.71,25.9,41.71,39.84,,,,,,,,,,,,,,,,,
,41.90,1295,41.90,47,41.91,25.9,41.91,39.38,,,,,,,,,,,,,,,,,
,42.09,1297,42.10,48,42.10,25.9,42.10,39.28,,,,,,,,,,,,,,,,,
,42.31,1304,42.31,48,42.31,25.9,42.31,39.38,,,,,,,,,,,,,,,,,
,42.50,1293,42.51,48,42.51,25.9,42.51,39.72,,,,,,,,,,,,,,,,,
,42.71,1313,42.71,48,42.72,26.3,42.72,40.94,,,,,,,,,,,,,,,,,
,42.91,1302,42.91,48,42.91,26.7,42.91,44.03,,,,,,,,,,,,,,,,,
,43.12,1310,43.13,48,43.13,27.8,43.13,45.84,,,,,,,,,,,,,,,,,
,43.33,1308,43.33,48,43.34,28.6,43.34,48.50,,,,,,,,,,,,,,,,,
,43.55,1317,43.55,49,43.55,29.0,43.55,49.53,,,,,,,,,,,,,,,,,
,43.77,1312,43.77,48,43.77,29.0,43.77,50.16,,,,,,,,,,,,,,,,,
,43.97,1326,43.98,49,43.98,29.8,43.98,51.41,,,,,,,,,,,,,,,,,
,44.19,1321,44.19,49,44.20,31.8,44.20,61.53,,,,,,,,,,,,,,,,,
,44.39,1330,44.39,49,44.39,31.8,44.39,62.38,,,,,,,,,,,,,,,,,
,44.58,1335,44.59,49,44.59,31.8,44.59,62.09,,,,,,,,,,,,,,,,,
,44.78,1332,44.79,49,44.79,31.8,44.79,61.97,,,,,,,,,,,,,,,,,
,44.99,1345,45.00,50,45.00,31.8,45.00,61.38,,,,,,,,,,,,,,,,,
,45.20,1349,45.20,50,45.21,31.8,45.21,61.22,,,,,,,,,,,,,,,,,
,45.39,1349,45.40,50,45.40,31.8,45.40,60.91,,,,,,,,,,,,,,,,,
,45.61,1353,45.61,50,45.61,31.8,45.61,60.75,,,,,,,,,,,,,,,,,
,45.80,1360,45.81,50,45.81,31.8,45.81,60.31,,,,,,,,,,,,,,,,,
,46.01,1361,46.01,50,46.01,31.8,46.01,60.13,,,,,,,,,,,,,,,,,
,46.21,1367,46.22,51,46.22,31.8,46.22,59.84,,,,,,,,,,,,,,,,,
,46.40,1370,46.40,50,46.41,31.8,46.41,59.56,,,,,,,,,,,,,,,,,
,46.59,1372,46.60,50,46.60,31.8,46.60,59.38,,,,,,,,,,,,,,,,,
,46.79,1378,46.80,50,46.80,31.8,46.80,59.03,,,,,,,,,,,,,,,,,
,46.98,1384,46.98,51,46.99,31.8,46.99,58.72,,,,,,,,,,,,,,,,,
,47.20,1387,47.20,51,47.20,31.8,47.20,58.38,,,,,,,,,,,,,,,,,
,47.39,1388,47.40,51,47.40,31.8,47.40,58.22,,,,,,,,,,,,,,,,,
,47.59,1394,47.60,51,47.60,31.8,47.60,57.84,,,,,,,,,,,,,,,,,
,47.80,1394,47.81,52,47.81,31.8,47.81,57.69,,,,,,,,,,,,,,,,,
,48.00,1401,48.01,51,48.01,31.8,48.01,57.34,,,,,,,,,,,,,,,,,
,48.21,1394,48.22,51,48.22,31.8,48.22,57.59,,,,,,,,,,,,,,,,,
,48.40,1410,48.41,52,48.41,31.8,48.41,56.69,,,,,,,,,,,,,,,,,
,48.59,1414,48.60,52,48.60,31.8,48.60,58.47,,,,,,,,,,,,,,,,,
,48.79,1411,48.80,52,48.80,31.8,48.80,57.66,,,,,,,,,,,,,,,,,
,48.99,1412,48.99,52,48.99,31.4,48.99,55.38,,,,,,,,,,,,,,,,,
,49.19,1412,49.19,52,49.19,30.6,49.19,50.28,,,,,,,,,,,,,,,,,
,49.37,1425,49.37,52,49.38,30.6,49.38,50.50,,,,,,,,,,,,,,,,,
,49.57,1423,49.58,53,49.58,30.2,49.58,48.94,,,,,,,,,,,,,,,,,
,49.77,1426,49.77,53,49.77,29.4,49.78,44.09,,,,,,,,,,,,,,,,,
,49.97,1421,49.97,53,49.97,28.6,49.97,42.63,,,,,,,,,,,,,,,,,
,50.18,1423,50.18,53,50.18,26.7,50.18,34.63,,,,,,,,,,,,,,,,,
,50.37,1417,50.37,52,50.37,25.1,50.37,32.34,,,,,,,,,,,,,,,,,
,50.57,1426,50.57,53,50.57,25.1,50.57,29.56,,,,,,,,,,,,,,,,,
,50.78,1424,50.78,53,50.78,25.1,50.78,30.53,,,,,,,,,,,,,,,,,
,50.97,1424,50.98,52,50.98,25.1,50.98,29.91,,,,,,,,,,,,,,,,,
,51.19,1417,51.20,52,51.20,25.1,51.20,30.72,,,,,,,,,,,,,,,,,
,51.38,1424,51.39,53,51.39,25.1,51.39,29.78,,,,,,,,,,,,,,,,,
,51.59,1414,51.59,52,51.59,25.1,51.59,31.09,,,,,,,,,,,,,,,,,
,51.78,1416,51.79,52,51.79,25.1,51.79,30.41,,,,,,,,,,,,,,,,,
,51.99,1413,52.00,52,52.00,25.1,52.00,30.81,,,,,,,,,,,,,,,,,
,52.20,1420,52.20,52,52.21,25.1,52.21,30.22,,,,,,,,,,,,,,,,,
,52.39,1408,52.39,52,52.40,25.5,52.40,32.06,,,,,,,,,,,,,,,,,
,52.59,1413,52.60,52,52.60,25.5,52.60,31.28,,,,,,,,,,,,,,,,,
,52.79,1404,52.80,52,52.80,25.5,52.80,32.19,,,,,,,,,,,,,,,,,
,52.98,1409,52.99,52,52.99,25.5,52.99,30.75,,,,,,,,,,,,,,,,,
,53.20,1410,53.20,52,53.20,25.9,53.20,33.75,,,,,,,,,,,,,,,,,
,53.38,1418,53.39,52,53.39,26.3,53.39,33.34,,,,,,,,,,,,,,,,,
,53.57,1395,53.58,52,53.58,26.3,53.58,36.03,,,,,,,,,,,,,,,,,
,53.77,1406,53.77,52,53.77,26.3,53.77,35.06,,,,,,,,,,,,,,,,,
,53.97,1400,53.98,52,53.98,26.7,53.98,35.78,,,,,,,,,,,,,,,,,
,54.19,1403,54.20,51,54.20,26.7,54.20,35.81,,,,,,,,,,,,,,,,,
,54.40,1401,54.41,52,54.41,26.7,54.41,35.78,,,,,,,,,,,,,,,,,
,54.61,1400,54.62,52,54.62,26.7,54.62,35.91,,,,,,,,,,,,,,,,,
,54.81,1403,54.82,52,54.82,26.7,54.82,35.78,,,,,,,,,,,,,,,,,
,55.03,1399,55.03,52,55.03,26.7,55.03,35.91,,,,,,,,,,,,,,,,,
,55.23,1407,55.23,52,55.23,26.7,55.23,35.72,,,,,,,,,,,,,,,,,
,55.44,1401,55.44,52,55.44,26.7,55.45,35.84,,,,,,,,,,,,,,,,,
,55.63,1395,55.63,52,55.63,26.7,55.63,36.03,,,,,,,,,,,,,,,,,
,55.83,1397,55.84,52,55.84,26.7,55.84,36.00,,,,,,,,,,,,,,,,,
,56.03,1399,56.04,52,56.04,26.7,56.04,36.09,,,,,,,,,,,,,,,,,
,56.23,1396,56.24,51,56.24,28.6,56.24,41.81,,,,,,,,,,,,,,,,,
,56.44,1390,56.45,51,56.45,28.6,56.45,42.63,,,,,,,,,,,,,,,,,
,56.63,1398,56.63,51,56.63,28.6,56.63,42.44,,,,,,,,,,,,,,,,,
,56.82,1382,56.83,51,56.83,28.6,56.83,43.09,,,,,,,,,,,,,,,,,
,57.01,1399,57.01,51,57.02,28.6,57.02,42.50,,,,,,,,,,,,,,,,,
,57.20,1382,57.21,51,57.21,28.6,57.21,43.19,,,,,,,,,,,,,,,,,
,57.40,1403,57.41,51,57.41,28.6,57.41,42.16,,,,,,,,,,,,,,,,,
,57.61,1381,57.61,52,57.61,28.6,57.61,43.22,,,,,,,,,,,,,,,,,
,57.80,1397,57.80,51,57.80,28.6,57.80,42.44,,,,,,,,,,,,,,,,,
,57.99,1383,58.00,52,58.00,28.6,58.00,43.25,,,,,,,,,,,,,,,,,
,58.20,1390,58.20,51,58.21,28.6,58.21,42.75,,,,,,,,,,,,,,,,,
,58.39,1400,58.40,51,58.40,28.6,58.40,42.44,,,,,,,,,,,,,,,,,
,58.59,1394,58.60,52,58.60,28.6,58.60,42.63,,,,,,,,,,,,,,,,,
,58.80,1390,58.81,51,58.81,28.6,58.81,42.69,,,,,,,,,,,,,,,,,
,59.01,1399,59.01,51,59.01,28.6,59.01,42.38,,,,,,,,,,,,,,,,,
,59.21,1381,59.22,51,59.22,28.6,59.22,43.25,,,,,,,,,,,,,,,,,
,59.40,1396,59.41,51,59.41,28.6,59.41,42.56,,,,,,,,,,,,,,,,,
,59.60,1389,59.61,51,59.61,28.6,59.61,43.00,,,,,,,,,,,,,,,,,
,59.79,1390,59.80,51,59.80,28.6,59.80,42.81,,,,,,,,,,,,,,,,,
,59.98,1403,59.99,51,59.99,28.6,59.99,42.25,,,,,,,,,,,,,,,,,
,60.19,1389,60.20,51,60.20,28.6,60.20,42.94,,,,,,,,,,,,,,,,,
,60.37,1402,60.38,51,60.38,28.6,60.38,42.16,,,,,,,,,,,,,,,,,
,60.57,1384,60.58,52,60.58,28.6,60.58,43.03,,,,,,,,,,,,,,,,,
,60.77,1397,60.77,52,60.78,28.6,60.78,42.38,,,,,,,,,,,,,,,,,
,60.98,1392,60.99,52,60.99,28.6,60.99,42.66,,,,,,,,,,,,,,,,,
,61.20,1412,61.20,52,61.20,28.6,61.20,41.72,,,,,,,,,,,,,,,,,
,61.41,1403,61.41,52,61.41,28.6,61.41,42.03,,,,,,,,,,,,,,,,,
,61.58,1413,61.59,52,61.59,28.6,61.59,41.59,,,,,,,,,,,,,,,,,
,61.78,1400,61.79,52,61.79,28.6,61.79,42.13,,,,,,,,,,,,,,,,,
,61.99,1417,61.99,52,61.99,28.6,61.99,41.25,,,,,,,,,,,,,,,,,
,62.20,1406,62.20,52,62.21,28.6,62.21,41.88,,,,,,,,,,,,,,,,,
,62.40,1418,62.41,52,62.41,28.6,62.41,41.25,,,,,,,,,,,,,,,,,
,62.63,1412,62.63,52,62.63,28.6,62.63,41.41,,,,,,,,,,,,,,,,,
,62.83,1415,62.84,52,62.84,28.6,62.84,41.31,,,,,,,,,,,,,,,,,
,63.03,1419,63.03,52,63.03,28.6,63.03,40.97,,,,,,,,,,,,,,,,,
,63.22,1420,63.23,52,63.23,28.6,63.23,41.00,,,,,,,,,,,,,,,,,
,63.41,1416,63.42,52,63.42,28.6,63.42,41.00,,,,,,,,,,,,,,,,,
,63.60,1419,63.61,53,63.61,28.6,63.61,40.94,,,,,,,,,,,,,,,,,
,63.79,1422,63.79,52,63.80,28.6,63.80,40.78,,,,,,,,,,,,,,,,,
,63.98,1420,63.99,52,63.99,28.6,63.99,40.78,,,,,,,,,,,,,,,,,
,64.19,1427,64.20,52,64.20,28.6,64.20,40.53,,,,,,,,,,,,,,,,,
,64.37,1427,64.37,53,64.37,28.6,64.37,40.59,,,,,,,,,,,,,,,,,
,64.57,1425,64.58,53,64.58,28.2,64.58,40.19,,,,,,,,,,,,,,,,,
,64.77,1428,64.78,53,64.78,27.8,64.78,37.66,,,,,,,,,,,,,,,,,
,64.99,1430,64.99,53,64.99,26.3,64.99,33.69,,,,,,,,,,,,,,,,,
,65.20,1435,65.20,53,65.21,25.9,65.21,31.56,,,,,,,,,,,,,,,,,
,65.39,1430,65.40,53,65.40,25.5,65.40,31.41,,,,,,,,,,,,,,,,,
,65.60,1439,65.61,53,65.61,25.1,65.61,28.81,,,,,,,,,,,,,,,,,
,65.80,1432,65.81,53,65.81,23.9,65.81,25.38,,,,,,,,,,,,,,,,,
,66.00,1433,66.01,53,66.01,23.9,66.01,25.03,,,,,,,,,,,,,,,,,
,66.21,1428,66.22,53,66.22,23.5,66.22,26.22,,,,,,,,,,,,,,,,,
,66.41,1436,66.42,53,66.42,23.5,66.42,24.84,,,,,,,,,,,,,,,,,
,66.61,1434,66.62,53,66.62,23.5,66.62,25.28,,,,,,,,,,,,,,,,,
,66.81,1435,66.82,53,66.82,23.5,66.82,25.25,,,,,,,,,,,,,,,,,
,67.02,1429,67.03,53,67.03,23.9,67.03,25.53,,,,,,,,,,,,,,,,,
,67.23,1433,67.23,53,67.23,23.5,67.23,25.16,,,,,,,,,,,,,,,,,
,67.43,1436,67.43,53,67.43,23.5,67.44,24.78,,,,,,,,,,,,,,,,,
,67.63,1431,67.63,53,67.64,23.5,67.64,24.72,,,,,,,,,,,,,,,,,
,67.83,1441,67.83,53,67.83,23.1,67.83,22.69,,,,,,,,,,,,,,,,,
,68.03,1432,68.04,53,68.04,23.1,68.04,23.25,,,,,,,,,,,,,,,,,
,68.23,1435,68.24,54,68.24,23.1,68.24,23.09,,,,,,,,,,,,,,,,,
,68.44,1437,68.45,53,68.45,23.1,68.45,22.94,,,,,,,,,,,,,,,,,
,68.63,1431,68.63,53,68.63,23.1,68.63,24.03,,,,,,,,,,,,,,,,,
,68.83,1432,68.83,53,68.83,22.7,68.83,22.09,,,,,,,,,,,,,,,,,
,69.01,1441,69.02,53,69.02,22.7,69.02,20.59,,,,,,,,,,,,,,,,,
,69.23,1428,69.23,53,69.23,22.7,69.23,23.38,,,,,,,,,,,,,,,,,
,69.43,1442,69.43,53,69.44,22.4,69.44,19.25,,,,,,,,,,,,,,,,,
,69.63,1446,69.63,53,69.63,22.4,69.63,19.88,,,,,,,,,,,,,,,,,
,69.82,1440,69.83,53,69.83,22.4,69.83,18.66,,,,,,,,,,,,,,,,,
,70.01,1439,70.02,53,70.02,22.0,70.02,17.31,,,,,,,,,,,,,,,,,
,70.21,1440,70.22,53,70.22,21.6,70.22,16.03,,,,,,,,,,,,,,,,,
,70.40,1443,70.41,53,70.41,21.6,70.41,15.28,,,,,,,,,,,,,,,,,
,70.59,1440,70.60,53,70.60,21.6,70.60,14.44,,,,,,,,,,,,,,,,,
,70.79,1434,70.80,53,70.80,20.8,70.80,12.69,,,,,,,,,,,,,,,,,
,70.98,1451,70.99,54,70.99,20.8,70.99,9.66,,,,,,,,,,,,,,,,,
,71.19,1454,71.19,53,71.20,20.8,71.20,12.47,,,,,,,,,,,,,,,,,
,71.37,1450,71.38,53,71.38,20.8,71.38,12.84,,,,,,,,,,,,,,,,,
,71.59,1449,71.59,53,71.59,20.8,71.59,12.13,,,,,,,,,,,,,,,,,
,71.79,1451,71.79,53,71.79,20.8,71.79,12.22,,,,,,,,,,,,,,,,,
,71.99,1460,72.00,54,72.00,20.8,72.00,11.72,,,,,,,,,,,,,,,,,
,72.20,1459,72.20,54,72.20,20.8,72.20,12.41,,,,,,,,,,,,,,,,,
,72.39,1456,72.40,54,72.40,20.8,72.40,12.06,,,,,,,,,,,,,,,,,
,72.59,1466,72.60,54,72.60,20.8,72.60,10.97,,,,,,,,,,,,,,,,,
,72.80,1460,72.81,54,72.81,20.8,72.81,12.44,,,,,,,,,,,,,,,,,
,73.00,1460,73.01,54,73.01,20.8,73.01,11.75,,,,,,,,,,,,,,,,,
,73.21,1464,73.22,54,73.22,20.8,73.22,12.16,,,,,,,,,,,,,,,,,
,73.40,1464,73.41,54,73.41,20.8,73.41,11.88,,,,,,,,,,,,,,,,,
,73.59,1466,73.60,54,73.60,20.8,73.60,11.69,,,,,,,,,,,,,,,,,
,73.79,1469,73.80,54,73.80,20.8,73.80,11.72,,,,,,,,,,,,,,,,,
,73.98,1469,73.99,54,73.99,20.4,73.99,10.16,,,,,,,,,,,,,,,,,
,74.19,1468,74.20,54,74.20,20.4,74.20,10.22,,,,,,,,,,,,,,,,,
,74.37,1470,74.38,54,74.38,20.4,74.38,10.19,,,,,,,,,,,,,,,,,
,74.57,1471,74.58,54,74.58,20.4,74.58,9.91,,,,,,,,,,,,,,,,,
,74.77,1470,74.77,54,74.77,20.4,74.77,10.34,,,,,,,,,,,,,,,,,
,74.99,1469,74.99,54,74.99,20.4,74.99,9.00,,,,,,,,,,,,,,,,,
,75.19,1470,75.19,54,75.20,20.0,75.20,8.56,,,,,,,,,,,,,,,,,
,75.39,1468,75.40,54,75.40,20.0,75.40,8.09,,,,,,,,,,,,,,,,,
,75.60,1476,75.61,54,75.61,19.6,75.61,5.31,,,,,,,,,,,,,,,,,
,75.80,1468,75.81,54,75.81,20.0,75.81,6.94,,,,,,,,,,,,,,,,,
,76.01,1475,76.01,54,76.01,20.0,76.01,5.53,,,,,,,,,,,,,,,,,
,76.20,1471,76.21,54,76.21,20.0,76.21,6.59,,,,,,,,,,,,,,,,,
,76.40,1472,76.41,54,76.41,20.0,76.41,5.97,,,,,,,,,,,,,,,,,
,76.59,1469,76.59,54,76.60,20.0,76.60,6.34,,,,,,,,,,,,,,,,,
,76.79,1463,76.80,54,76.80,20.0,76.80,7.09,,,,,,,,,,,,,,,,,
,76.99,1469,77.00,54,77.00,19.6,77.00,5.69,,,,,,,,,,,,,,,,,
,77.18,1465,77.19,54,77.19,19.6,77.19,5.63,,,,,,,,,,,,,,,,,
,77.37,1458,77.38,53,77.38,19.6,77.38,5.78,,,,,,,,,,,,,,,,,
,77.58,1457,77.59,54,77.59,19.6,77.59,5.50,,,,,,,,,,,,,,,,,
,77.77,1456,77.78,54,77.78,19.6,77.78,5.53,,,,,,,,,,,,,,,,,
,77.97,1457,77.98,54,77.98,19.6,77.98,4.84,,,,,,,,,,,,,,,,,
,78.17,1452,78.18,53,78.18,19.6,78.18,4.34,,,,,,,,,,,,,,,,,
,78.37,1449,78.38,53,78.38,19.6,78.38,5.19,,,,,,,,,,,,,,,,,
,78.57,1443,78.58,53,78.58,19.6,78.58,4.53,,,,,,,,,,,,,,,,,
,78.77,1442,78.77,54,78.78,19.2,78.78,5.44,,,,,,,,,,,,,,,,,
,78.97,1447,78.97,53,78.97,19.6,78.97,3.69,,,,,,,,,,,,,,,,,
,79.15,1440,79.15,53,79.16,19.6,79.16,4.75,,,,,,,,,,,,,,,,,
,79.34,1435,79.35,53,79.35,19.2,79.35,3.94,,,,,,,,,,,,,,,,,
,79.55,1432,79.55,53,79.55,18.4,79.55,1.13,,,,,,,,,,,,,,,,,
,79.74,1439,79.75,53,79.75,18.0,79.75,0.00,,,,,,,,,,,,,,,,,
,79.93,1425,79.93,53,79.94,17.6,79.94,0.00,,,,,,,,,,,,,,,,,
,80.13,1417,80.13,52,80.14,18.0,80.14,0.00,,,,,,,,,,,,,,,,,
,80.33,1420,80.34,52,80.34,18.0,80.34,0.00,,,,,,,,,,,,,,,,,
,80.55,1417,80.55,52,80.55,18.0,80.55,0.00,,,,,,,,,,,,,,,,,
,80.75,1399,80.76,52,80.76,18.0,80.76,0.00,,,,,,,,,,,,,,,,,
,80.97,1398,80.97,51,80.97,17.6,80.97,0.00,,,,,,,,,,,,,,,,,
,81.17,1399,81.17,51,81.17,17.6,81.17,0.00,,,,,,,,,,,,,,,,,
,81.35,1386,81.36,51,81.36,17.6,81.36,0.00,,,,,,,,,,,,,,,,,
,81.55,1394,81.56,51,81.56,17.6,81.56,0.00,,,,,,,,,,,,,,,,,
,81.75,1384,81.76,51,81.76,17.6,81.76,0.00,,,,,,,,,,,,,,,,,
,81.96,1374,81.96,51,81.97,17.3,81.97,0.00,,,,,,,,,,,,,,,,,
,82.17,1374,82.17,51,82.17,17.3,82.17,0.00,,,,,,,,,,,,,,,,,
,82.37,1365,82.37,50,82.38,16.9,82.38,0.00,,,,,,,,,,,,,,,,,
,82.57,1362,82.57,50,82.57,16.5,82.57,0.00,,,,,,,,,,,,,,,,,
,82.77,1360,82.77,50,82.77,16.5,82.77,0.00,,,,,,,,,,,,,,,,,
,82.97,1351,82.97,50,82.98,16.5,82.98,0.00,,,,,,,,,,,,,,,,,
,83.15,1358,83.16,50,83.16,16.5,83.16,0.00,,,,,,,,,,,,,,,,,
,83.34,1340,83.34,49,83.35,16.1,83.35,0.00,,,,,,,,,,,,,,,,,
,83.55,1334,83.55,49,83.55,15.7,83.55,0.00,,,,,,,,,,,,,,,,,
,83.74,1339,83.75,49,83.75,14.9,83.75,0.00,,,,,,,,,,,,,,,,,
,83.93,1334,83.94,49,83.94,14.5,83.94,0.00,,,,,,,,,,,,,,,,,
,84.12,1314,84.13,49,84.13,14.5,84.13,0.00,,,,,,,,,,,,,,,,,
,84.32,1321,84.33,49,84.33,14.5,84.33,0.00,,,,,,,,,,,,,,,,,
,84.51,1313,84.52,48,84.52,14.5,84.52,0.00,,,,,,,,,,,,,,,,,
,84.72,1304,84.72,48,84.72,14.5,84.72,0.00,,,,,,,,,,,,,,,,,
,84.91,1306,84.92,48,84.92,14.5,84.92,0.00,,,,,,,,,,,,,,,,,
,85.11,1299,85.12,48,85.12,14.5,85.12,0.00,,,,,,,,,,,,,,,,,
,85.31,1292,85.32,48,85.32,14.5,85.32,0.00,,,,,,,,,,,,,,,,,
,85.52,1288,85.53,48,85.53,14.5,85.53,0.00,,,,,,,,,,,,,,,,,
,85.73,1281,85.73,47,85.74,14.5,85.74,0.00,,,,,,,,,,,,,,,,,
,85.92,1269,85.93,47,85.93,14.5,85.93,0.00,,,,,,,,,,,,,,,,,
,86.12,1262,86.13,47,86.13,14.5,86.13,0.00,,,,,,,,,,,,,,,,,
,86.33,1253,86.33,46,86.33,14.5,86.33,0.00,,,,,,,,,,,,,,,,,
,86.53,1240,86.54,46,86.54,14.5,86.54,0.00,,,,,,,,,,,,,,,,,
,86.74,1234,86.75,45,86.75,14.5,86.75,0.00,,,,,,,,,,,,,,,,,
,86.93,1222,86.94,45,86.94,14.5,86.94,0.00,,,,,,,,,,,,,,,,,
,87.12,1186,87.13,44,87.13,14.5,87.13,0.00,,,,,,,,,,,,,,,,,
,87.32,1013,87.33,43,87.33,14.5,87.33,7.22,,,,,,,,,,,,,,,,,
,87.51,932,87.52,43,87.52,14.5,87.52,19.44,,,,,,,,,,,,,,,,,
,87.72,927,87.72,42,87.72,14.5,87.72,15.41,,,,,,,,,,,,,,,,,
,87.90,906,87.91,41,87.91,14.5,87.91,18.03,,,,,,,,,,,,,,,,,
,88.08,899,88.09,40,88.09,14.5,88.09,20.28,,,,,,,,,,,,,,,,,
,88.27,958,88.28,40,88.28,14.5,88.28,6.84,,,,,,,,,,,,,,,,,
,88.47,1033,88.48,40,88.48,14.5,88.48,3.50,,,,,,,,,,,,,,,,,
,88.65,1189,88.66,39,88.66,14.5,88.66,3.06,,,,,,,,,,,,,,,,,
,88.83,1377,88.83,39,88.84,14.5,88.84,0.00,,,,,,,,,,,,,,,,,
,89.02,1562,89.03,39,89.03,14.5,89.03,0.00,,,,,,,,,,,,,,,,,
,89.22,1539,89.22,38,89.22,14.5,89.22,0.00,,,,,,,,,,,,,,,,,
,89.40,1529,89.40,38,89.41,14.5,89.41,0.00,,,,,,,,,,,,,,,,,
,89.58,1512,89.58,38,89.58,14.5,89.59,0.00,,,,,,,,,,,,,,,,,
,89.77,1490,89.78,37,89.78,14.5,89.78,0.00,,,,,,,,,,,,,,,,,
,89.98,1294,89.98,37,89.99,14.5,89.99,0.00,,,,,,,,,,,,,,,,,
,90.18,1046,90.19,36,90.19,14.5,90.19,6.28,,,,,,,,,,,,,,,,,
,90.38,959,90.39,36,90.39,14.5,90.39,14.09,,,,,,,,,,,,,,,,,
,90.58,922,90.58,35,90.59,14.5,90.59,16.13,,,,,,,,,,,,,,,,,
,90.78,898,90.79,34,90.79,14.5,90.79,19.78,,,,,,,,,,,,,,,,,
,90.99,901,90.99,34,91.00,14.5,91.00,20.97,,,,,,,,,,,,,,,,,
,91.19,964,91.20,33,91.20,14.5,91.20,6.19,,,,,,,,,,,,,,,,,
,91.39,1003,91.40,33,91.40,14.5,91.40,2.41,,,,,,,,,,,,,,,,,
,91.60,1078,91.61,32,91.61,14.5,91.61,1.97,,,,,,,,,,,,,,,,,
,91.80,1156,91.81,31,91.81,14.5,91.81,1.75,,,,,,,,,,,,,,,,,
,92.00,1244,92.01,30,92.01,14.5,92.01,1.50,,,,,,,,,,,,,,,,,
,92.21,1318,92.21,29,92.22,14.5,92.22,0.00,,,,,,,,,,,,,,,,,
,92.40,1357,92.41,28,92.41,14.5,92.41,0.00,,,,,,,,,,,,,,,,,
,92.59,1433,92.60,28,92.60,14.5,92.60,0.00,,,,,,,,,,,,,,,,,
,92.79,1523,92.80,27,92.80,14.5,92.80,0.00,,,,,,,,,,,,,,,,,
,92.99,1641,92.99,26,92.99,14.5,92.99,0.00,,,,,,,,,,,,,,,,,
,93.18,1693,93.19,25,93.19,14.5,93.19,0.00,,,,,,,,,,,,,,,,,
,93.37,1650,93.38,25,93.38,14.5,93.38,0.00,,,,,,,,,,,,,,,,,
,93.57,1597,93.58,24,93.58,14.5,93.58,0.00,,,,,,,,,,,,,,,,,
,93.76,1577,93.77,24,93.77,14.5,93.77,0.00,,,,,,,,,,,,,,,,,
,93.97,1547,93.97,23,93.97,14.5,93.97,0.00,,,,,,,,,,,,,,,,,
,94.15,1541,94.15,23,94.16,14.5,94.16,0.00,,,,,,,,,,,,,,,,,
,94.34,1513,94.34,23,94.35,14.5,94.35,0.00,,,,,,,,,,,,,,,,,
,94.54,1484,94.55,22,94.55,16.5,94.55,0.00,,,,,,,,,,,,,,,,,
,94.73,1467,94.74,22,94.74,19.6,94.74,2.00,,,,,,,,,,,,,,,,,
,94.93,1462,94.94,22,94.94,20.0,94.94,5.81,,,,,,,,,,,,,,,,,
,95.12,1453,95.13,22,95.13,20.0,95.13,9.31,,,,,,,,,,,,,,,,,
,95.33,1470,95.33,22,95.33,21.2,95.33,20.31,,,,,,,,,,,,,,,,,
,95.52,1494,95.52,21,95.52,23.9,95.52,32.97,,,,,,,,,,,,,,,,,
,95.72,1471,95.72,22,95.73,24.7,95.73,21.34,,,,,,,,,,,,,,,,,
,95.91,1454,95.91,22,95.91,25.5,95.91,31.50,,,,,,,,,,,,,,,,,
,96.10,1431,96.11,22,96.11,28.6,96.11,42.25,,,,,,,,,,,,,,,,,
,96.29,1483,96.30,22,96.30,29.0,96.30,28.72,,,,,,,,,,,,,,,,,
,96.49,1513,96.49,23,96.49,29.0,96.49,41.31,,,,,,,,,,,,,,,,,
,96.69,1529,96.70,23,96.70,29.0,96.70,35.13,,,,,,,,,,,,,,,,,
,96.89,1558,96.89,23,96.90,29.0,96.90,34.13,,,,,,,,,,,,,,,,,
,97.10,1586,97.11,24,97.11,29.0,97.11,30.19,,,,,,,,,,,,,,,,,
,97.31,1607,97.31,24,97.31,28.6,97.31,25.19,,,,,,,,,,,,,,,,,
,97.50,1626,97.50,24,97.51,27.5,97.51,17.03,,,,,,,,,,,,,,,,,
,97.71,1634,97.71,25,97.71,27.1,97.71,16.72,,,,,,,,,,,,,,,,,
,97.90,1653,97.91,25,97.91,27.1,97.91,12.66,,,,,,,,,,,,,,,,,
,98.09,1644,98.10,25,98.10,27.1,98.10,15.91,,,,,,,,,,,,,,,,,
,98.30,1658,98.31,25,98.31,27.1,98.31,13.84,,,,,,,,,,,,,,,,,
,98.50,1680,98.51,25,98.51,27.1,98.51,15.16,,,,,,,,,,,,,,,,,
,98.71,1673,98.71,25,98.71,27.1,98.71,27.56,,,,,,,,,,,,,,,,,
,98.90,1690,98.91,25,98.91,27.1,98.91,19.09,,,,,,,,,,,,,,,,,
,99.10,1705,99.10,26,99.10,27.1,99.10,18.97,,,,,,,,,,,,,,,,,
,99.31,1704,99.31,26,99.31,27.1,99.31,24.81,,,,,,,,,,,,,,,,,
,99.50,1702,99.51,26,99.51,27.1,99.51,25.63,,,,,,,,,,,,,,,,,
,99.70,1764,99.71,27,99.71,27.8,99.71,15.06,,,,,,,,,,,,,,,,,
,99.90,1799,99.90,27,99.91,27.8,99.91,9.28,,,,,,,,,,,,,,,,,
,100.09,1724,100.10,26,100.10,29.8,100.10,33.53,,,,,,,,,,,,,,,,,
,100.29,1822,100.30,27,100.30,34.1,100.30,30.13,,,,,,,,,,,,,,,,,
,100.48,1812,100.49,27,100.49,35.3,100.49,55.97,,,,,,,,,,,,,,,,,
,100.69,1855,100.69,28,100.69,38.4,100.69,80.53,,,,,,,,,,,,,,,,,
,100.89,1904,100.90,29,100.90,41.6,100.90,97.13,,,,,,,,,,,,,,,,,
,101.09,1951,101.10,29,101.10,42.7,101.10,111.72,,,,,,,,,,,,,,,,,
,101.30,2016,101.30,30,101.30,43.5,101.30,117.16,,,,,,,,,,,,,,,,,
,101.49,2065,101.50,31,101.50,45.9,101.50,125.44,,,,,,,,,,,,,,,,,
,101.68,2115,101.69,32,101.69,47.1,101.69,145.59,,,,,,,,,,,,,,,,,
,101.87,2180,101.88,33,101.88,48.2,101.88,144.69,,,,,,,,,,,,,,,,,
,102.07,2246,102.08,34,102.08,48.2,102.08,148.13,,,,,,,,,,,,,,,,,
,102.27,2306,102.27,35,102.27,48.2,102.27,145.50,,,,,,,,,,,,,,,,,
,102.48,2385,102.48,36,102.48,48.6,102.48,147.13,,,,,,,,,,,,,,,,,
,102.67,2448,102.68,37,102.68,48.6,102.68,147.78,,,,,,,,,,,,,,,,,
,102.87,2501,102.88,38,102.88,43.9,102.88,105.78,,,,,,,,,,,,,,,,,
,103.09,2534,103.09,38,103.09,31.4,103.09,19.97,,,,,,,,,,,,,,,,,
,103.28,2464,103.29,39,103.29,14.5,103.29,1.81,,,,,,,,,,,,,,,,,
,103.48,2233,103.49,38,103.49,14.5,103.49,0.00,,,,,,,,,,,,,,,,,
,103.68,1966,103.69,38,103.69,14.5,103.69,0.00,,,,,,,,,,,,,,,,,
,103.87,1715,103.88,39,103.88,16.5,103.88,0.00,,,,,,,,,,,,,,,,,
,104.07,1544,104.08,39,104.08,25.1,104.08,26.09,,,,,,,,,,,,,,,,,
,104.27,1561,104.27,39,104.27,30.2,104.27,34.66,,,,,,,,,,,,,,,,,
,104.47,1573,104.47,39,104.48,32.5,104.48,51.50,,,,,,,,,,,,,,,,,
,104.65,1581,104.66,39,104.66,32.5,104.66,53.06,,,,,,,,,,,,,,,,,
,104.84,1603,104.85,40,104.85,32.5,104.85,52.56,,,,,,,,,,,,,,,,,
,105.04,1611,105.05,40,105.05,32.5,105.05,52.53,,,,,,,,,,,,,,,,,
,105.23,1627,105.23,41,105.24,32.5,105.24,52.03,,,,,,,,,,,,,,,,,
,105.44,1639,105.44,41,105.44,32.5,105.45,51.59,,,,,,,,,,,,,,,,,
,105.64,1654,105.64,42,105.64,31.8,105.64,47.47,,,,,,,,,,,,,,,,,
,105.82,1669,105.82,42,105.83,31.4,105.83,39.31,,,,,,,,,,,,,,,,,
,106.01,1677,106.01,42,106.02,29.4,106.02,33.72,,,,,,,,,,,,,,,,,
,106.20,1686,106.20,42,106.20,29.0,106.20,33.28,,,,,,,,,,,,,,,,,
,106.39,1697,106.40,42,106.40,29.0,106.40,32.25,,,,,,,,,,,,,,,,,
,106.58,1711,106.59,43,106.59,29.0,106.59,30.97,,,,,,,,,,,,,,,,,
,106.77,1717,106.78,43,106.78,29.0,106.78,30.53,,,,,,,,,,,,,,,,,
,106.98,1721,106.98,43,106.99,29.0,106.99,30.88,,,,,,,,,,,,,,,,,
,107.19,1733,107.19,44,107.19,29.0,107.19,30.97,,,,,,,,,,,,,,,,,
,107.38,1738,107.39,44,107.39,29.0,107.39,31.09,,,,,,,,,,,,,,,,,
,107.58,1743,107.59,44,107.59,29.0,107.59,31.09,,,,,,,,,,,,,,,,,
,107.78,1763,107.79,44,107.79,29.0,107.79,29.06,,,,,,,,,,,,,,,,,
,108.00,1761,108.01,44,108.01,29.0,108.01,30.91,,,,,,,,,,,,,,,,,
,108.19,1778,108.20,45,108.20,28.2,108.20,26.75,,,,,,,,,,,,,,,,,
,108.39,1779,108.40,45,108.40,26.7,108.40,23.91,,,,,,,,,,,,,,,,,
,108.59,1786,108.60,45,108.60,26.3,108.60,23.72,,,,,,,,,,,,,,,,,
,108.81,1778,108.81,45,108.81,25.5,108.81,24.69,,,,,,,,,,,,,,,,,
,109.01,1787,109.02,45,109.02,24.7,109.02,21.50,,,,,,,,,,,,,,,,,
,109.23,1802,109.23,45,109.24,24.3,109.24,18.38,,,,,,,,,,,,,,,,,
,109.42,1802,109.43,45,109.43,23.9,109.43,18.56,,,,,,,,,,,,,,,,,
,109.62,1811,109.63,46,109.63,23.1,109.63,13.31,,,,,,,,,,,,,,,,,
,109.82,1801,109.83,45,109.83,22.0,109.83,12.38,,,,,,,,,,,,,,,,,
,110.01,1797,110.01,45,110.01,21.6,110.01,10.63,,,,,,,,,,,,,,,,,
,110.22,1802,110.22,45,110.23,20.8,110.23,9.09,,,,,,,,,,,,,,,,,
,110.41,1798,110.41,45,110.41,20.4,110.41,8.19,,,,,,,,,,,,,,,,,
,110.61,1790,110.61,45,110.62,20.4,110.62,7.63,,,,,,,,,,,,,,,,,
,110.82,1792,110.83,45,110.83,20.0,110.83,6.41,,,,,,,,,,,,,,,,,
,111.02,1793,111.03,45,111.03,20.0,111.03,5.41,,,,,,,,,,,,,,,,,
,111.23,1799,111.24,45,111.24,20.0,111.24,3.97,,,,,,,,,,,,,,,,,
,111.43,1786,111.43,45,111.44,19.6,111.44,5.06,,,,,,,,,,,,,,,,,
,111.62,1784,111.62,45,111.63,19.6,111.63,4.03,,,,,,,,,,,,,,,,,
,111.81,1778,111.81,45,111.82,19.6,111.82,5.34,,,,,,,,,,,,,,,,,
,112.02,1778,112.02,45,112.02,19.6,112.02,4.94,,,,,,,,,,,,,,,,,
,112.23,1768,112.23,44,112.23,18.4,112.23,0.00,,,,,,,,,,,,,,,,,
,112.42,1743,112.43,44,112.43,18.4,112.43,0.00,,,,,,,,,,,,,,,,,
,112.62,1737,112.63,44,112.63,16.9,112.63,0.00,,,,,,,,,,,,,,,,,
,112.82,1734,112.83,44,112.83,16.9,112.83,0.00,,,,,,,,,,,,,,,,,
,113.01,1726,113.02,43,113.02,16.9,113.02,0.00,,,,,,,,,,,,,,,,,
,113.23,1724,113.23,43,113.24,16.9,113.24,0.00,,,,,,,,,,,,,,,,,
,113.41,1708,113.41,43,113.42,16.5,113.42,0.00,,,,,,,,,,,,,,,,,
,113.61,1692,113.61,43,113.61,16.5,113.62,0.00,,,,,,,,,,,,,,,,,
,113.81,1677,113.82,42,113.82,16.5,113.82,0.00,,,,,,,,,,,,,,,,,
,114.02,1677,114.02,42,114.02,16.5,114.02,0.00,,,,,,,,,,,,,,,,,
,114.22,1645,114.22,42,114.23,16.5,114.23,0.00,,,,,,,,,,,,,,,,,
,114.40,1640,114.41,41,114.41,16.9,114.41,0.00,,,,,,,,,,,,,,,,,
,114.58,1629,114.59,41,114.59,16.9,114.59,0.00,,,,,,,,,,,,,,,,,
,114.77,1619,114.78,41,114.78,17.3,114.78,0.00,,,,,,,,,,,,,,,,,
,114.97,1613,114.98,41,114.98,17.3,114.98,0.00,,,,,,,,,,,,,,,,,
,115.16,1600,115.17,40,115.17,17.3,115.17,0.00,,,,,,,,,,,,,,,,,
,115.35,1588,115.36,40,115.36,17.3,115.36,0.00,,,,,,,,,,,,,,,,,
,115.55,1585,115.56,40,115.56,17.3,115.56,0.00,,,,,,,,,,,,,,,,,
,115.77,1580,115.77,39,115.77,17.3,115.77,0.00,,,,,,,,,,,,,,,,,
,115.97,1557,115.98,39,115.98,17.3,115.98,0.00,,,,,,,,,,,,,,,,,
,116.17,1540,116.18,39,116.18,17.3,116.18,0.00,,,,,,,,,,,,,,,,,
,116.37,1528,116.38,38,116.38,16.9,116.38,0.00,,,,,,,,,,,,,,,,,
,116.59,1523,116.59,38,116.59,16.9,116.59,0.00,,,,,,,,,,,,,,,,,
,116.78,1515,116.79,38,116.79,16.9,116.79,0.00,,,,,,,,,,,,,,,,,
,116.99,1507,116.99,38,116.99,14.5,116.99,0.00,,,,,,,,,,,,,,,,,
,117.18,1501,117.19,38,117.19,14.5,117.19,0.00,,,,,,,,,,,,,,,,,
,117.37,1485,117.38,37,117.38,14.5,117.38,0.00,,,,,,,,,,,,,,,,,
,117.58,1464,117.59,37,117.59,14.5,117.59,0.00,,,,,,,,,,,,,,,,,
,117.77,1453,117.78,37,117.78,14.5,117.78,0.00,,,,,,,,,,,,,,,,,
,117.97,1440,117.97,36,117.97,14.5,117.97,0.00,,,,,,,,,,,,,,,,,
,118.15,1421,118.16,36,118.16,14.5,118.16,0.00,,,,,,,,,,,,,,,,,
,118.34,1411,118.35,35,118.35,14.5,118.35,0.00,,,,,,,,,,,,,,,,,
,118.54,1406,118.55,35,118.55,14.5,118.55,0.00,,,,,,,,,,,,,,,,,
,118.74,1386,118.74,35,118.75,14.5,118.75,0.00,,,,,,,,,,,,,,,,,
,118.93,1380,118.94,35,118.94,14.5,118.94,0.00,,,,,,,,,,,,,,,,,
,119.11,1380,119.12,35,119.12,14.5,119.12,0.00,,,,,,,,,,,,,,,,,
,119.32,1372,119.33,34,119.33,14.5,119.33,0.00,,,,,,,,,,,,,,,,,
,119.52,1341,119.53,34,119.53,14.5,119.53,0.00,,,,,,,,,,,,,,,,,
,119.73,1331,119.74,33,119.74,14.5,119.74,0.00,,,,,,,,,,,,,,,,,
,119.92,1318,119.93,33,119.93,14.5,119.93,0.00,,,,,,,,,,,,,,,,,
,120.13,1304,120.14,33,120.14,14.5,120.14,0.00,,,,,,,,,,,,,,,,,
,120.32,1286,120.33,32,120.33,14.5,120.33,0.00,,,,,,,,,,,,,,,,,
,120.52,1272,120.53,32,120.53,14.5,120.53,0.00,,,,,,,,,,,,,,,,,
,120.73,1262,120.73,32,120.74,14.5,120.74,0.00,,,,,,,,,,,,,,,,,
,120.92,1242,120.93,31,120.93,14.5,120.93,0.00,,,,,,,,,,,,,,,,,
,121.13,1239,121.14,31,121.14,14.5,121.14,0.00,,,,,,,,,,,,,,,,,
,121.33,1215,121.34,31,121.34,14.5,121.34,0.00,,,,,,,,,,,,,,,,,
,121.53,1198,121.54,30,121.54,14.5,121.54,0.00,,,,,,,,,,,,,,,,,
,121.75,1183,121.75,30,121.76,14.5,121.76,0.00,,,,,,,,,,,,,,,,,
,121.94,1168,121.95,29,121.95,14.5,121.95,0.00,,,,,,,,,,,,,,,,,
,122.14,1147,122.14,29,122.15,14.5,122.15,0.00,,,,,,,,,,,,,,,,,
,122.34,1134,122.35,29,122.35,14.5,122.35,0.00,,,,,,,,,,,,,,,,,
,122.54,1119,122.55,28,122.55,14.5,122.55,0.00,,,,,,,,,,,,,,,,,
,122.74,1110,122.74,28,122.75,14.9,122.75,0.00,,,,,,,,,,,,,,,,,
,122.93,1094,122.94,28,122.94,15.7,122.94,0.00,,,,,,,,,,,,,,,,,
,123.12,1080,123.13,27,123.13,16.1,123.13,0.00,,,,,,,,,,,,,,,,,
,123.32,1071,123.33,27,123.33,16.9,123.33,0.00,,,,,,,,,,,,,,,,,
,123.51,1054,123.52,26,123.52,16.9,123.52,0.44,,,,,,,,,,,,,,,,,
,123.72,1040,123.72,26,123.73,17.3,123.73,0.88,,,,,,,,,,,,,,,,,
,123.90,1030,123.91,26,123.91,17.3,123.91,1.16,,,,,,,,,,,,,,,,,
,124.09,1013,124.10,25,124.10,17.6,124.10,2.19,,,,,,,,,,,,,,,,,
,124.29,1004,124.30,25,124.30,17.6,124.30,2.66,,,,,,,,,,,,,,,,,
,124.49,993,124.49,25,124.50,19.2,124.50,4.31,,,,,,,,,,,,,,,,,
,124.68,985,124.68,25,124.69,19.2,124.69,8.56,,,,,,,,,,,,,,,,,
,124.87,982,124.88,25,124.88,21.2,124.88,28.06,,,,,,,,,,,,,,,,,
,125.07,1064,125.08,25,125.08,23.9,125.08,31.78,,,,,,,,,,,,,,,,,
,125.27,1010,125.27,25,125.27,25.5,125.27,61.91,,,,,,,,,,,,,,,,,
,125.47,1013,125.48,25,125.48,26.7,125.48,63.13,,,,,,,,,,,,,,,,,
,125.66,984,125.66,25,125.66,27.1,125.66,63.63,,,,,,,,,,,,,,,,,
,125.85,976,125.86,25,125.86,27.1,125.86,63.56,,,,,,,,,,,,,,,,,
,126.05,1014,126.05,25,126.05,27.5,126.05,63.22,,,,,,,,,,,,,,,,,
,126.27,1026,126.27,26,126.27,28.2,126.27,67.31,,,,,,,,,,,,,,,,,
,126.48,1013,126.48,26,126.49,29.0,126.49,70.88,,,,,,,,,,,,,,,,,
,126.68,1026,126.69,26,126.69,29.4,126.69,71.97,,,,,,,,,,,,,,,,,
,126.88,1048,126.89,26,126.89,30.2,126.89,74.44,,,,,,,,,,,,,,,,,
,127.08,1056,127.09,26,127.09,31.4,127.09,80.84,,,,,,,,,,,,,,,,,
,127.29,1057,127.29,27,127.29,32.2,127.29,84.22,,,,,,,,,,,,,,,,,
,127.49,1070,127.49,27,127.50,33.3,127.50,91.84,,,,,,,,,,,,,,,,,
,127.69,1091,127.70,27,127.70,36.1,127.70,104.94,,,,,,,,,,,,,,,,,
,127.89,1110,127.90,28,127.90,37.3,127.90,112.81,,,,,,,,,,,,,,,,,
,128.09,1135,128.10,28,128.10,38.8,128.10,124.44,,,,,,,,,,,,,,,,,
,128.29,1155,128.30,29,128.30,40.8,128.30,134.53,,,,,,,,,,,,,,,,,
,128.51,1173,128.51,30,128.51,43.1,128.51,140.78,,,,,,,,,,,,,,,,,
,128.70,1211,128.71,30,128.71,45.5,128.71,146.31,,,,,,,,,,,,,,,,,
,128.90,1214,128.90,30,128.91,46.7,128.91,150.78,,,,,,,,,,,,,,,,,
,129.10,1248,129.10,31,129.10,50.2,129.10,155.84,,,,,,,,,,,,,,,,,
,129.29,1267,129.30,31,129.30,52.2,129.30,162.06,,,,,,,,,,,,,,,,,
,129.49,1283,129.50,32,129.50,54.5,129.50,166.88,,,,,,,,,,,,,,,,,
,129.68,1315,129.69,33,129.69,56.9,129.69,173.97,,,,,,,,,,,,,,,,,
,129.87,1331,129.88,33,129.88,58.0,129.88,178.28,,,,,,,,,,,,,,,,,
,130.07,1362,130.08,34,130.08,58.4,130.08,185.16,,,,,,,,,,,,,,,,,
,130.26,1386,130.27,35,130.27,58.4,130.27,189.97,,,,,,,,,,,,,,,,,
,130.47,1417,130.48,35,130.48,58.8,130.48,196.28,,,,,,,,,,,,,,,,,
,130.65,1455,130.66,36,130.66,58.4,130.66,202.44,,,,,,,,,,,,,,,,,
,130.85,1489,130.85,37,130.86,58.8,130.86,210.31,,,,,,,,,,,,,,,,,
,131.05,1523,131.05,38,131.05,58.4,131.05,218.66,,,,,,,,,,,,,,,,,
,131.25,1564,131.26,39,131.26,58.8,131.26,228.66,,,,,,,,,,,,,,,,,
,131.48,1604,131.48,40,131.48,58.4,131.48,242.00,,,,,,,,,,,,,,,,,
,131.69,1662,131.69,42,131.69,58.4,131.70,241.16,,,,,,,,,,,,,,,,,
,131.90,1699,131.90,43,131.90,58.8,131.90,240.28,,,,,,,,,,,,,,,,,
,132.10,1743,132.11,44,132.11,58.8,132.11,239.53,,,,,,,,,,,,,,,,,
,132.31,1799,132.31,45,132.31,58.4,132.31,238.09,,,,,,,,,,,,,,,,,
,132.51,1843,132.52,46,132.52,58.4,132.52,239.03,,,,,,,,,,,,,,,,,
,132.72,1887,132.73,47,132.73,58.4,132.73,237.03,,,,,,,,,,,,,,,,,
,132.92,1947,132.92,49,132.93,58.8,132.93,234.00,,,,,,,,,,,,,,,,,
,133.13,1987,133.13,50,133.13,58.8,133.14,233.56,,,,,,,,,,,,,,,,,
,133.34,2014,133.34,51,133.34,55.7,133.34,215.44,,,,,,,,,,,,,,,,,
,133.53,2061,133.54,52,133.54,50.6,133.54,166.47,,,,,,,,,,,,,,,,,
,133.74,2079,133.75,52,133.75,47.1,133.75,146.03,,,,,,,,,,,,,,,,,
,133.95,2111,133.95,53,133.95,42.7,133.95,108.84,,,,,,,,,,,,,,,,,
,134.15,2123,134.15,53,134.15,39.6,134.15,90.94,,,,,,,,,,,,,,,,,
,134.35,2138,134.35,54,134.36,34.5,134.36,53.06,,,,,,,,,,,,,,,,,
,134.56,2148,134.56,54,134.56,28.2,134.57,18.44,,,,,,,,,,,,,,,,,
,134.77,2125,134.77,54,134.77,19.6,134.77,7.78,,,,,,,,,,,,,,,,,
,134.97,2060,134.97,54,134.97,14.5,134.97,2.25,,,,,,,,,,,,,,,,,
,135.17,2073,135.18,53,135.18,14.5,135.18,0.00,,,,,,,,,,,,,,,,,
,135.37,2080,135.38,53,135.38,14.5,135.38,0.00,,,,,,,,,,,,,,,,,
,135.57,2077,135.58,52,135.58,14.5,135.58,0.00,,,,,,,,,,,,,,,,,
,135.76,2070,135.76,52,135.77,14.5,135.77,0.00,,,,,,,,,,,,,,,,,
,135.94,2057,135.95,52,135.95,14.5,135.95,0.00,,,,,,,,,,,,,,,,,
,136.13,2047,136.14,51,136.14,14.5,136.14,0.00,,,,,,,,,,,,,,,,,
,136.32,2026,136.33,51,136.33,14.5,136.33,0.00,,,,,,,,,,,,,,,,,
,136.51,2017,136.52,51,136.52,14.5,136.52,0.00,,,,,,,,,,,,,,,,,
,136.72,2000,136.73,50,136.73,14.5,136.73,0.00,,,,,,,,,,,,,,,,,
,136.91,1988,136.92,50,136.92,15.7,136.92,0.00,,,,,,,,,,,,,,,,,
,137.11,1975,137.12,50,137.12,17.6,137.12,0.00,,,,,,,,,,,,,,,,,
,137.33,1966,137.33,49,137.33,19.6,137.33,3.78,,,,,,,,,,,,,,,,,
,137.55,1965,137.55,49,137.55,24.3,137.55,8.03,,,,,,,,,,,,,,,,,
,137.74,2005,137.75,49,137.75,25.9,137.75,16.19,,,,,,,,,,,,,,,,,
,137.95,1936,137.95,49,137.95,25.9,137.95,18.66,,,,,,,,,,,,,,,,,
,138.14,1947,138.15,49,138.15,25.1,138.15,19.34,,,,,,,,,,,,,,,,,
,138.36,1969,138.36,49,138.36,23.1,138.36,14.72,,,,,,,,,,,,,,,,,
,138.55,1960,138.55,49,138.56,23.1,138.56,14.75,,,,,,,,,,,,,,,,,
,138.76,1955,138.76,49,138.76,23.1,138.76,15.13,,,,,,,,,,,,,,,,,
,138.95,1953,138.96,49,138.96,22.7,138.96,10.78,,,,,,,,,,,,,,,,,
,139.17,1927,139.17,49,139.17,22.0,139.17,12.94,,,,,,,,,,,,,,,,,
,139.37,1923,139.37,49,139.37,22.0,139.37,11.28,,,,,,,,,,,,,,,,,
,139.57,1930,139.57,49,139.57,21.6,139.57,10.09,,,,,,,,,,,,,,,,,
,139.77,1920,139.78,48,139.78,20.8,139.78,9.31,,,,,,,,,,,,,,,,,
,139.97,1912,139.97,48,139.97,20.8,139.97,8.06,,,,,,,,,,,,,,,,,
,140.18,1906,140.18,48,140.18,20.8,140.18,8.28,,,,,,,,,,,,,,,,,
,140.37,1907,140.38,48,140.38,20.8,140.38,8.41,,,,,,,,,,,,,,,,,
,140.59,1919,140.59,48,140.60,21.6,140.60,8.91,,,,,,,,,,,,,,,,,
,140.78,1915,140.79,48,140.79,22.0,140.79,11.88,,,,,,,,,,,,,,,,,
,140.99,1914,140.99,48,141.00,23.9,141.00,17.03,,,,,,,,,,,,,,,,,
,141.19,1906,141.19,48,141.19,23.9,141.20,16.88,,,,,,,,,,,,,,,,,
,141.40,1910,141.40,48,141.40,24.3,141.40,17.06,,,,,,,,,,,,,,,,,
,141.60,1901,141.60,48,141.60,23.9,141.60,17.22,,,,,,,,,,,,,,,,,
,141.80,1903,141.80,48,141.80,23.1,141.80,14.69,,,,,,,,,,,,,,,,,
,142.00,1877,142.01,48,142.01,20.8,142.01,9.03,,,,,,,,,,,,,,,,,
,142.18,1861,142.19,47,142.19,20.4,142.19,6.38,,,,,,,,,,,,,,,,,
,142.38,1892,142.38,47,142.38,20.0,142.38,2.44,,,,,,,,,,,,,,,,,
,142.57,1880,142.58,47,142.58,20.0,142.58,6.53,,,,,,,,,,,,,,,,,
,142.77,1885,142.78,47,142.78,21.6,142.78,10.09,,,,,,,,,,,,,,,,,
,142.97,1907,142.97,47,142.97,22.0,142.97,10.81,,,,,,,,,,,,,,,,,
,143.16,1836,143.17,47,143.17,22.0,143.17,12.06,,,,,,,,,,,,,,,,,
,143.37,1865,143.37,47,143.37,22.4,143.37,12.56,,,,,,,,,,,,,,,,,
,143.57,1831,143.57,46,143.57,22.4,143.57,14.31,,,,,,,,,,,,,,,,,
,143.78,1849,143.79,46,143.79,22.7,143.79,13.41,,,,,,,,,,,,,,,,,
,143.98,1844,143.98,46,143.98,22.7,143.98,14.28,,,,,,,,,,,,,,,,,
,144.18,1832,144.19,46,144.19,22.7,144.19,14.28,,,,,,,,,,,,,,,,,
,144.39,1838,144.39,46,144.39,22.7,144.39,14.34,,,,,,,,,,,,,,,,,
,144.58,1822,144.58,46,144.58,22.7,144.58,14.41,,,,,,,,,,,,,,,,,
,144.76,1830,144.76,46,144.77,22.7,144.77,14.22,,,,,,,,,,,,,,,,,
,144.97,1821,144.97,46,144.97,22.7,144.97,14.53,,,,,,,,,,,,,,,,,
,145.17,1819,145.18,46,145.18,22.4,145.18,13.25,,,,,,,,,,,,,,,,,
,145.37,1798,145.37,46,145.37,20.8,145.38,9.00,,,,,,,,,,,,,,,,,
,145.55,1786,145.56,45,145.56,20.4,145.56,6.63,,,,,,,,,,,,,,,,,
,145.75,1804,145.76,45,145.76,20.4,145.76,2.59,,,,,,,,,,,,,,,,,
,145.96,1796,145.97,45,145.97,20.8,145.97,8.41,,,,,,,,,,,,,,,,,
,146.16,1832,146.17,45,146.17,23.9,146.17,17.59,,,,,,,,,,,,,,,,,
,146.37,1756,146.37,45,146.38,24.3,146.38,20.44,,,,,,,,,,,,,,,,,
,146.57,1769,146.57,45,146.57,24.3,146.57,20.94,,,,,,,,,,,,,,,,,
,146.78,1805,146.79,45,146.79,24.3,146.79,19.16,,,,,,,,,,,,,,,,,
,146.97,1803,146.98,45,146.98,24.3,146.98,19.13,,,,,,,,,,,,,,,,,
,147.17,1798,147.18,45,147.18,24.3,147.18,19.19,,,,,,,,,,,,,,,,,
,147.39,1785,147.39,45,147.39,24.3,147.39,19.69,,,,,,,,,,,,,,,,,
,147.58,1788,147.59,45,147.59,23.5,147.59,16.56,,,,,,,,,,,,,,,,,
,147.79,1786,147.79,45,147.80,22.7,147.80,15.91,,,,,,,,,,,,,,,,,
,147.99,1785,147.99,45,147.99,22.4,148.00,14.81,,,,,,,,,,,,,,,,,
,148.20,1778,148.20,45,148.20,22.4,148.20,15.91,,,,,,,,,,,,,,,,,
,148.40,1783,148.40,44,148.40,22.4,148.40,13.91,,,,,,,,,,,,,,,,,
,148.59,1785,148.60,45,148.60,22.4,148.60,14.25,,,,,,,,,,,,,,,,,
,148.80,1778,148.80,45,148.80,22.4,148.80,14.06,,,,,,,,,,,,,,,,,
,149.00,1775,149.00,44,149.00,22.4,149.00,14.06,,,,,,,,,,,,,,,,,
,149.18,1771,149.19,44,149.19,22.4,149.19,14.06,,,,,,,,,,,,,,,,,
,149.37,1779,149.38,45,149.38,22.4,149.38,12.69,,,,,,,,,,,,,,,,,
,149.57,1762,149.58,44,149.58,22.0,149.58,16.59,,,,,,,,,,,,,,,,,
,149.77,1769,149.78,45,149.78,22.0,149.78,14.09,,,,,,,,,,,,,,,,,
,149.97,1769,149.97,44,149.97,22.4,149.98,13.97,,,,,,,,,,,,,,,,,
,150.17,1759,150.17,44,150.17,22.4,150.17,15.78,,,,,,,,,,,,,,,,,
,150.36,1766,150.36,44,150.36,22.4,150.36,13.91,,,,,,,,,,,,,,,,,
,150.55,1753,150.55,44,150.55,22.7,150.55,17.03,,,,,,,,,,,,,,,,,
,150.74,1762,150.75,44,150.75,22.7,150.75,15.81,,,,,,,,,,,,,,,,,
,150.95,1746,150.95,44,150.95,22.7,150.95,17.88,,,,,,,,,,,,,,,,,
,151.15,1749,151.15,44,151.16,22.7,151.16,15.72,,,,,,,,,,,,,,,,,
,151.36,1758,151.36,44,151.36,22.7,151.36,14.72,,,,,,,,,,,,,,,,,
,151.56,1754,151.56,44,151.56,22.7,151.56,14.75,,,,,,,,,,,,,,,,,
,151.76,1761,151.76,44,151.76,22.7,151.76,13.66,,,,,,,,,,,,,,,,,
,151.96,1755,151.96,44,151.96,22.7,151.96,14.69,,,,,,,,,,,,,,,,,
,152.17,1757,152.17,44,152.17,23.1,152.17,14.16,,,,,,,,,,,,,,,,,
,152.36,1748,152.37,44,152.37,23.1,152.37,16.50,,,,,,,,,,,,,,,,,
,152.57,1744,152.57,44,152.58,23.1,152.58,17.38,,,,,,,,,,,,,,,,,
,152.78,1740,152.79,44,152.79,23.5,152.79,18.09,,,,,,,,,,,,,,,,,
,152.98,1736,152.98,44,152.98,24.7,152.98,21.44,,,,,,,,,,,,,,,,,
,153.18,1733,153.18,44,153.18,25.1,153.18,21.50,,,,,,,,,,,,,,,,,
,153.38,1743,153.38,44,153.39,25.1,153.39,21.25,,,,,,,,,,,,,,,,,
,153.57,1749,153.58,44,153.58,25.1,153.58,21.16,,,,,,,,,,,,,,,,,
,153.77,1748,153.78,44,153.78,25.1,153.78,21.19,,,,,,,,,,,,,,,,,
,153.97,1745,153.97,44,153.98,25.1,153.98,21.50,,,,,,,,,,,,,,,,,
,154.17,1733,154.18,44,154.18,25.1,154.18,21.56,,,,,,,,,,,,,,,,,
,154.38,1745,154.38,44,154.38,25.1,154.38,21.22,,,,,,,,,,,,,,,,,
,154.57,1744,154.58,44,154.58,25.1,154.58,21.38,,,,,,,,,,,,,,,,,
,154.77,1736,154.77,44,154.77,25.1,154.77,21.50,,,,,,,,,,,,,,,,,
,154.97,1743,154.97,44,154.97,25.1,154.97,21.38,,,,,,,,,,,,,,,,,
,155.17,1744,155.17,44,155.17,25.1,155.17,21.28,,,,,,,,,,,,,,,,,
,155.35,1743,155.36,44,155.36,25.1,155.36,21.38,,,,,,,,,,,,,,,,,
,155.55,1738,155.55,44,155.55,25.1,155.55,21.53,,,,,,,,,,,,,,,,,
,155.74,1739,155.75,44,155.75,24.7,155.75,21.09,,,,,,,,,,,,,,,,,
,155.94,1735,155.94,44,155.94,24.3,155.94,20.66,,,,,,,,,,,,,,,,,
,156.13,1738,156.13,44,156.13,24.3,156.14,20.66,,,,,,,,,,,,,,,,,
,156.32,1739,156.33,44,156.33,24.3,156.33,20.53,,,,,,,,,,,,,,,,,
,156.52,1743,156.53,44,156.53,24.3,156.53,20.38,,,,,,,,,,,,,,,,,
,156.71,1741,156.71,44,156.71,24.3,156.71,20.44,,,,,,,,,,,,,,,,,
,156.91,1743,156.91,44,156.92,24.3,156.92,20.50,,,,,,,,,,,,,,,,,
,157.11,1735,157.11,44,157.12,24.3,157.12,20.69,,,,,,,,,,,,,,,,,
,157.31,1737,157.31,44,157.32,24.3,157.32,20.25,,,,,,,,,,,,,,,,,
,157.49,1738,157.50,44,157.50,22.4,157.50,14.56,,,,,,,,,,,,,,,,,
,157.69,1729,157.69,44,157.69,21.6,157.69,11.78,,,,,,,,,,,,,,,,,
,157.89,1728,157.90,44,157.90,20.8,157.90,8.03,,,,,,,,,,,,,,,,,
,158.11,1714,158.11,43,158.11,20.0,158.11,7.09,,,,,,,,,,,,,,,,,
,158.32,1738,158.32,43,158.32,20.0,158.32,4.28,,,,,,,,,,,,,,,,,
,158.53,1745,158.54,44,158.54,21.2,158.54,10.72,,,,,,,,,,,,,,,,,
,158.72,1761,158.73,43,158.73,22.4,158.73,14.78,,,,,,,,,,,,,,,,,
,158.93,1715,158.93,43,158.93,22.4,158.93,15.63,,,,,,,,,,,,,,,,,
,159.13,1746,159.13,43,159.14,23.1,159.14,17.31,,,,,,,,,,,,,,,,,
,159.33,1723,159.33,43,159.33,23.1,159.33,17.50,,,,,,,,,,,,,,,,,
,159.55,1727,159.55,43,159.55,23.5,159.55,18.81,,,,,,,,,,,,,,,,,
,159.76,1714,159.76,43,159.76,23.5,159.76,18.75,,,,,,,,,,,,,,,,,
,159.95,1712,159.96,43,159.96,23.5,159.96,18.78,,,,,,,,,,,,,,,,,
,160.17,1718,160.17,43,160.18,23.9,160.18,18.72,,,,,,,,,,,,,,,,,
,160.37,1715,160.37,43,160.38,23.9,160.38,18.81,,,,,,,,,,,,,,,,,
,160.57,1722,160.57,43,160.57,23.9,160.57,18.66,,,,,,,,,,,,,,,,,
,160.78,1718,160.78,43,160.78,23.9,160.78,18.72,,,,,,,,,,,,,,,,,
,160.97,1728,160.97,43,160.97,23.9,160.97,18.31,,,,,,,,,,,,,,,,,
,161.18,1719,161.18,43,161.18,23.9,161.18,18.72,,,,,,,,,,,,,,,,,
,161.38,1725,161.38,43,161.38,23.9,161.38,18.50,,,,,,,,,,,,,,,,,
,161.57,1711,161.58,43,161.58,23.9,161.58,19.22,,,,,,,,,,,,,,,,,
,161.77,1716,161.78,43,161.78,23.9,161.78,19.72,,,,,,,,,,,,,,,,,
,161.97,1702,161.97,43,161.97,23.9,161.97,19.75,,,,,,,,,,,,,,,,,
,162.15,1711,162.16,43,162.16,23.9,162.16,19.41,,,,,,,,,,,,,,,,,
,162.36,1708,162.36,43,162.36,23.9,162.36,19.47,,,,,,,,,,,,,,,,,
,162.55,1704,162.55,43,162.55,23.9,162.55,19.69,,,,,,,,,,,,,,,,,
,162.74,1703,162.75,43,162.75,23.9,162.75,19.50,,,,,,,,,,,,,,,,,
,162.94,1713,162.94,43,162.95,23.9,162.95,19.28,,,,,,,,,,,,,,,,,
,163.13,1714,163.14,43,163.14,23.9,163.14,19.13,,,,,,,,,,,,,,,,,
,163.33,1718,163.33,43,163.33,23.9,163.33,19.13,,,,,,,,,,,,,,,,,
,163.53,1708,163.54,43,163.54,23.5,163.54,18.47,,,,,,,,,,,,,,,,,
,163.73,1711,163.73,43,163.74,22.7,163.74,15.53,,,,,,,,,,,,,,,,,
,163.93,1710,163.93,43,163.93,21.6,163.93,12.91,,,,,,,,,,,,,,,,,
,164.14,1695,164.14,43,164.14,20.4,164.14,7.53,,,,,,,,,,,,,,,,,
,164.34,1682,164.34,43,164.34,20.0,164.34,7.53,,,,,,,,,,,,,,,,,
,164.55,1710,164.55,43,164.56,20.4,164.56,2.41,,,,,,,,,,,,,,,,,
,164.76,1691,164.77,42,164.77,20.8,164.77,8.72,,,,,,,,,,,,,,,,,
,164.96,1761,164.96,42,164.96,24.3,164.96,18.09,,,,,,,,,,,,,,,,,
,165.16,1667,165.16,42,165.16,24.7,165.16,21.66,,,,,,,,,,,,,,,,,
,165.37,1651,165.37,42,165.38,25.1,165.38,24.47,,,,,,,,,,,,,,,,,
,165.57,1696,165.57,43,165.57,25.1,165.57,22.59,,,,,,,,,,,,,,,,,
,165.78,1717,165.79,42,165.79,25.1,165.79,21.72,,,,,,,,,,,,,,,,,
,165.97,1711,165.98,42,165.98,27.1,165.98,27.03,,,,,,,,,,,,,,,,,
,166.17,1711,166.18,42,166.18,28.6,166.18,30.09,,,,,,,,,,,,,,,,,
,166.38,1707,166.38,43,166.38,30.2,166.38,37.31,,,,,,,,,,,,,,,,,
,166.58,1704,166.58,43,166.59,32.2,166.59,46.59,,,,,,,,,,,,,,,,,
,166.80,1705,166.80,43,166.80,32.5,166.80,49.16,,,,,,,,,,,,,,,,,
,167.01,1725,167.02,43,167.02,32.5,167.02,48.63,,,,,,,,,,,,,,,,,
,167.21,1726,167.21,43,167.21,32.5,167.21,48.34,,,,,,,,,,,,,,,,,
,167.41,1738,167.41,44,167.41,32.2,167.42,47.53,,,,,,,,,,,,,,,,,
,167.61,1744,167.61,44,167.61,32.2,167.61,47.19,,,,,,,,,,,,,,,,,
,167.80,1762,167.80,44,167.80,32.2,167.80,46.75,,,,,,,,,,,,,,,,,
,168.00,1785,168.01,44,168.01,32.2,168.01,45.84,,,,,,,,,,,,,,,,,
,168.19,1794,168.19,45,168.19,32.2,168.20,44.19,,,,,,,,,,,,,,,,,
,168.38,1784,168.39,45,168.39,32.2,168.39,45.44,,,,,,,,,,,,,,,,,
,168.58,1789,168.58,45,168.58,31.8,168.58,43.28,,,,,,,,,,,,,,,,,
,168.77,1792,168.78,45,168.78,31.0,168.78,37.75,,,,,,,,,,,,,,,,,
,168.97,1797,168.97,45,168.97,29.8,168.97,30.53,,,,,,,,,,,,,,,,,
,169.17,1804,169.17,45,169.18,29.0,169.18,27.84,,,,,,,,,,,,,,,,,
,169.39,1811,169.39,46,169.39,28.6,169.39,27.50,,,,,,,,,,,,,,,,,
,169.58,1811,169.59,45,169.59,28.6,169.59,27.19,,,,,,,,,,,,,,,,,
,169.80,1809,169.80,45,169.80,28.2,169.80,26.31,,,,,,,,,,,,,,,,,
,170.01,1816,170.02,46,170.02,27.8,170.02,25.53,,,,,,,,,,,,,,,,,
,170.21,1818,170.21,46,170.22,27.1,170.22,24.47,,,,,,,,,,,,,,,,,
,170.40,1817,170.41,46,170.41,26.7,170.41,23.81,,,,,,,,,,,,,,,,,
,170.61,1821,170.61,46,170.62,25.5,170.62,22.03,,,,,,,,,,,,,,,,,
,170.82,1818,170.82,45,170.82,24.7,170.82,21.00,,,,,,,,,,,,,,,,,
,171.02,1803,171.03,46,171.03,24.3,171.03,23.28,,,,,,,,,,,,,,,,,
,171.22,1818,171.22,46,171.22,23.9,171.22,17.50,,,,,,,,,,,,,,,,,
,171.43,1824,171.43,45,171.43,23.5,171.43,16.25,,,,,,,,,,,,,,,,,
,171.63,1821,171.63,46,171.63,23.1,171.63,15.78,,,,,,,,,,,,,,,,,
,171.83,1826,171.83,46,171.84,22.7,171.84,14.38,,,,,,,,,,,,,,,,,
,172.04,1820,172.04,45,172.04,22.7,172.04,15.09,,,,,,,,,,,,,,,,,
,172.24,1806,172.24,45,172.24,22.4,172.24,14.88,,,,,,,,,,,,,,,,,
,172.45,1811,172.45,46,172.46,22.4,172.46,14.31,,,,,,,,,,,,,,,,,
,172.64,1809,172.65,45,172.65,22.4,172.65,14.06,,,,,,,,,,,,,,,,,
,172.85,1811,172.85,45,172.86,22.4,172.86,13.94,,,,,,,,,,,,,,,,,
,173.06,1799,173.06,45,173.06,22.4,173.06,15.09,,,,,,,,,,,,,,,,,
,173.26,1793,173.26,45,173.27,22.4,173.27,14.19,,,,,,,,,,,,,,,,,
,173.46,1796,173.46,45,173.46,22.4,173.46,14.28,,,,,,,,,,,,,,,,,
,173.66,1786,173.66,45,173.66,22.4,173.66,15.31,,,,,,,,,,,,,,,,,
,173.87,1789,173.87,45,173.87,22.7,173.87,14.78,,,,,,,,,,,,,,,,,
,174.07,1777,174.07,45,174.07,22.7,174.08,17.53,,,,,,,,,,,,,,,,,
,174.28,1784,174.28,45,174.28,23.1,174.28,16.84,,,,,,,,,,,,,,,,,
,174.46,1784,174.47,45,174.47,23.5,174.47,15.47,,,,,,,,,,,,,,,,,
,174.65,1785,174.66,45,174.66,23.5,174.66,16.56,,,,,,,,,,,,,,,,,
,174.86,1781,174.86,45,174.86,23.5,174.86,16.88,,,,,,,,,,,,,,,,,
,175.04,1783,175.05,45,175.05,23.5,175.05,16.44,,,,,,,,,,,,,,,,,
,175.24,1782,175.24,45,175.24,23.5,175.24,17.25,,,,,,,,,,,,,,,,,
,175.44,1775,175.44,44,175.45,23.5,175.45,17.78,,,,,,,,,,,,,,,,,
,175.64,1772,175.64,44,175.64,23.5,175.64,18.03,,,,,,,,,,,,,,,,,
,175.83,1773,175.83,45,175.84,23.5,175.84,17.44,,,,,,,,,,,,,,,,,
,176.04,1774,176.04,45,176.05,23.9,176.05,18.50,,,,,,,,,,,,,,,,,
,176.23,1769,176.23,44,176.23,23.9,176.23,18.81,,,,,,,,,,,,,,,,,
,176.42,1766,176.43,44,176.43,23.9,176.43,19.63,,,,,,,,,,,,,,,,,
,176.64,1763,176.64,45,176.64,25.1,176.64,20.94,,,,,,,,,,,,,,,,,
,176.84,1766,176.84,44,176.85,25.5,176.85,21.28,,,,,,,,,,,,,,,,,
,177.05,1769,177.05,44,177.05,25.9,177.05,22.09,,,,,,,,,,,,,,,,,
,177.26,1772,177.26,45,177.26,26.7,177.26,24.00,,,,,,,,,,,,,,,,,
,177.46,1775,177.46,45,177.46,27.5,177.46,25.53,,,,,,,,,,,,,,,,,
,177.67,1778,177.67,44,177.67,27.8,177.67,26.69,,,,,,,,,,,,,,,,,
,177.86,1781,177.87,45,177.87,28.2,177.87,27.03,,,,,,,,,,,,,,,,,
,178.07,1790,178.07,45,178.07,29.4,178.07,29.16,,,,,,,,,,,,,,,,,
,178.27,1777,178.27,45,178.28,34.5,178.28,63.34,,,,,,,,,,,,,,,,,
,178.47,1787,178.47,45,178.48,34.5,178.48,58.91,,,,,,,,,,,,,,,,,
,178.68,1810,178.68,45,178.69,34.9,178.69,59.59,,,,,,,,,,,,,,,,,
,178.87,1818,178.88,46,178.88,34.9,178.88,60.94,,,,,,,,,,,,,,,,,
,179.08,1825,179.08,46,179.08,34.9,179.08,61.97,,,,,,,,,,,,,,,,,
,179.27,1830,179.27,46,179.28,35.3,179.28,61.84,,,,,,,,,,,,,,,,,
,179.47,1843,179.47,46,179.48,35.3,179.48,61.56,,,,,,,,,,,,,,,,,
,179.67,1852,179.67,46,179.67,35.3,179.67,61.19,,,,,,,,,,,,,,,,,
,179.86,1860,179.86,47,179.86,35.3,179.86,62.16,,,,,,,,,,,,,,,,,
,180.05,1874,180.05,47,180.05,35.3,180.05,61.84,,,,,,,,,,,,,,,,,
,180.25,1871,180.25,47,180.25,35.3,180.25,61.13,,,,,,,,,,,,,,,,,
,180.45,1879,180.45,47,180.45,34.9,180.45,60.94,,,,,,,,,,,,,,,,,
,180.63,1881,180.64,47,180.64,34.9,180.64,60.81,,,,,,,,,,,,,,,,,
,180.82,1887,180.83,47,180.83,34.9,180.83,57.88,,,,,,,,,,,,,,,,,
,181.02,1899,181.02,48,181.02,34.1,181.02,54.47,,,,,,,,,,,,,,,,,
,181.22,1895,181.22,48,181.22,34.1,181.22,54.94,,,,,,,,,,,,,,,,,
,181.41,1912,181.41,48,181.41,33.7,181.41,50.41,,,,,,,,,,,,,,,,,
,181.62,1909,181.62,48,181.62,33.7,181.62,52.84,,,,,,,,,,,,,,,,,
,181.83,1920,181.83,48,181.83,33.7,181.83,51.19,,,,,,,,,,,,,,,,,
,182.01,1917,182.01,48,182.02,33.7,182.02,51.13,,,,,,,,,,,,,,,,,
,182.22,1919,182.22,48,182.22,32.9,182.22,43.19,,,,,,,,,,,,,,,,,
,182.41,1931,182.41,48,182.42,32.5,182.42,41.41,,,,,,,,,,,,,,,,,
,182.61,1927,182.61,48,182.62,32.2,182.62,39.59,,,,,,,,,,,,,,,,,
,182.81,1941,182.81,49,182.81,31.4,182.81,34.25,,,,,,,,,,,,,,,,,
,183.01,1932,183.02,48,183.02,31.0,183.02,29.78,,,,,,,,,,,,,,,,,
,183.21,1947,183.21,49,183.22,30.2,183.22,22.53,,,,,,,,,,,,,,,,,
,183.42,1937,183.42,49,183.42,29.0,183.42,23.81,,,,,,,,,,,,,,,,,
,183.62,1936,183.62,49,183.62,25.9,183.62,12.47,,,,,,,,,,,,,,,,,
,183.82,1916,183.82,49,183.82,20.4,183.83,6.56,,,,,,,,,,,,,,,,,
,184.03,1850,184.04,48,184.04,17.3,184.04,2.25,,,,,,,,,,,,,,,,,
,184.23,1889,184.23,48,184.23,14.5,184.23,0.00,,,,,,,,,,,,,,,,,
,184.43,1852,184.43,47,184.43,14.5,184.44,0.00,,,,,,,,,,,,,,,,,
,184.64,1845,184.64,47,184.64,14.5,184.64,0.00,,,,,,,,,,,,,,,,,
,184.84,1842,184.84,46,184.84,14.5,184.84,0.00,,,,,,,,,,,,,,,,,
,185.05,1828,185.05,46,185.05,14.5,185.05,0.00,,,,,,,,,,,,,,,,,
,185.26,1818,185.26,45,185.26,14.5,185.27,0.00,,,,,,,,,,,,,,,,,
,185.45,1806,185.46,45,185.46,14.5,185.46,0.00,,,,,,,,,,,,,,,,,
,185.66,1786,185.66,45,185.66,14.5,185.66,0.00,,,,,,,,,,,,,,,,,
,185.87,1767,185.87,44,185.87,18.8,185.87,2.25,,,,,,,,,,,,,,,,,
,186.07,1757,186.07,44,186.07,20.4,186.08,7.72,,,,,,,,,,,,,,,,,
,186.28,1769,186.28,44,186.28,22.0,186.28,12.75,,,,,,,,,,,,,,,,,
,186.47,1765,186.47,44,186.47,22.0,186.47,14.34,,,,,,,,,,,,,,,,,
,186.67,1737,186.68,44,186.68,22.7,186.68,18.50,,,,,,,,,,,,,,,,,
,186.88,1703,186.88,43,186.88,25.5,186.88,25.16,,,,,,,,,,,,,,,,,
,187.07,1752,187.08,44,187.08,27.1,187.08,25.31,,,,,,,,,,,,,,,,,
,187.27,1740,187.27,43,187.28,27.1,187.28,26.22,,,,,,,,,,,,,,,,,
,187.47,1738,187.47,44,187.47,27.8,187.47,27.75,,,,,,,,,,,,,,,,,
,187.67,1731,187.67,44,187.68,28.2,187.68,28.59,,,,,,,,,,,,,,,,,
,187.86,1724,187.86,43,187.87,28.6,187.87,28.84,,,,,,,,,,,,,,,,,
,188.05,1739,188.05,44,188.05,29.4,188.05,30.91,,,,,,,,,,,,,,,,,
,188.25,1730,188.26,44,188.26,29.8,188.26,31.50,,,,,,,,,,,,,,,,,
,188.44,1743,188.44,44,188.44,29.8,188.44,31.19,,,,,,,,,,,,,,,,,
,188.65,1739,188.65,44,188.65,29.8,188.66,31.16,,,,,,,,,,,,,,,,,
,188.86,1745,188.86,44,188.86,29.8,188.86,30.91,,,,,,,,,,,,,,,,,
,189.05,1753,189.05,44,189.05,29.8,189.05,30.81,,,,,,,,,,,,,,,,,
,189.26,1750,189.27,44,189.27,29.8,189.27,31.00,,,,,,,,,,,,,,,,,
,189.45,1747,189.46,44,189.46,29.8,189.46,31.22,,,,,,,,,,,,,,,,,
,189.67,1748,189.67,44,189.68,29.8,189.68,31.00,,,,,,,,,,,,,,,,,
,189.86,1759,189.86,44,189.86,29.8,189.86,30.53,,,,,,,,,,,,,,,,,
,190.06,1768,190.06,44,190.07,29.8,190.07,30.38,,,,,,,,,,,,,,,,,
,190.26,1772,190.26,44,190.26,29.8,190.26,30.19,,,,,,,,,,,,,,,,,
,190.46,1769,190.46,44,190.47,29.8,190.47,30.38,,,,,,,,,,,,,,,,,
,190.67,1768,190.67,45,190.68,29.8,190.68,30.38,,,,,,,,,,,,,,,,,
,190.87,1767,190.87,45,190.88,29.8,190.88,30.31,,,,,,,,,,,,,,,,,
,191.07,1780,191.07,45,191.08,29.8,191.08,29.81,,,,,,,,,,,,,,,,,
,191.28,1784,191.29,45,191.29,29.8,191.29,29.84,,,,,,,,,,,,,,,,,
,191.48,1788,191.48,45,191.48,29.8,191.49,29.75,,,,,,,,,,,,,,,,,
,191.68,1789,191.68,45,191.68,29.8,191.68,29.50,,,,,,,,,,,,,,,,,
,191.89,1794,191.89,45,191.90,29.8,191.90,29.38,,,,,,,,,,,,,,,,,
,192.10,1805,192.10,45,192.10,29.8,192.10,29.38,,,,,,,,,,,,,,,,,
,192.31,1793,192.31,45,192.32,29.8,192.32,29.47,,,,,,,,,,,,,,,,,
,192.51,1800,192.51,46,192.51,29.8,192.51,29.31,,,,,,,,,,,,,,,,,
,192.71,1801,192.71,45,192.71,29.0,192.71,26.69,,,,,,,,,,,,,,,,,
,192.92,1802,192.92,45,192.92,27.1,192.92,24.53,,,,,,,,,,,,,,,,,
,193.12,1817,193.12,45,193.12,25.5,193.12,17.69,,,,,,,,,,,,,,,,,
,193.32,1815,193.32,45,193.32,24.7,193.32,19.13,,,,,,,,,,,,,,,,,
,193.53,1802,193.53,46,193.53,23.9,193.53,19.88,,,,,,,,,,,,,,,,,
,193.73,1809,193.73,46,193.73,23.5,193.73,18.91,,,,,,,,,,,,,,,,,
,193.93,1813,193.93,46,193.93,23.1,193.93,14.41,,,,,,,,,,,,,,,,,
,194.13,1810,194.13,45,194.13,22.4,194.13,14.22,,,,,,,,,,,,,,,,,
,194.34,1796,194.34,46,194.34,21.2,194.34,9.94,,,,,,,,,,,,,,,,,
,194.55,1781,194.55,45,194.56,20.0,194.56,8.66,,,,,,,,,,,,,,,,,
,194.76,1781,194.76,45,194.77,17.3,194.77,0.00,,,,,,,,,,,,,,,,,
,194.96,1775,194.96,45,194.96,14.5,194.96,0.00,,,,,,,,,,,,,,,,,
,195.17,1772,195.17,44,195.18,14.5,195.18,0.00,,,,,,,,,,,,,,,,,
,195.37,1771,195.37,44,195.37,14.5,195.38,0.00,,,,,,,,,,,,,,,,,
,195.57,1743,195.57,44,195.58,14.5,195.58,0.00,,,,,,,,,,,,,,,,,
,195.77,1736,195.78,43,195.78,14.5,195.78,0.00,,,,,,,,,,,,,,,,,
,195.97,1712,195.97,43,195.97,14.5,195.97,0.00,,,,,,,,,,,,,,,,,
,196.18,1685,196.18,43,196.18,14.5,196.18,0.00,,,,,,,,,,,,,,,,,
,196.38,1669,196.38,42,196.38,14.5,196.38,0.00,,,,,,,,,,,,,,,,,
,196.58,1669,196.58,42,196.58,14.5,196.59,0.00,,,,,,,,,,,,,,,,,
,196.79,1651,196.79,42,196.80,14.5,196.80,0.00,,,,,,,,,,,,,,,,,
,196.99,1633,196.99,41,196.99,14.5,196.99,0.00,,,,,,,,,,,,,,,,,
,197.19,1620,197.19,41,197.19,14.5,197.19,0.00,,,,,,,,,,,,,,,,,
,197.39,1609,197.39,41,197.39,14.5,197.39,0.00,,,,,,,,,,,,,,,,,
,197.57,1592,197.58,40,197.58,14.5,197.58,0.00,,,,,,,,,,,,,,,,,
,197.79,1589,197.79,40,197.79,14.5,197.79,0.00,,,,,,,,,,,,,,,,,
,198.00,1567,198.01,39,198.01,14.5,198.01,0.00,,,,,,,,,,,,,,,,,
,198.20,1553,198.20,39,198.20,14.5,198.20,0.00,,,,,,,,,,,,,,,,,
,198.40,1533,198.40,38,198.41,14.5,198.41,0.00,,,,,,,,,,,,,,,,,
,198.59,1523,198.59,38,198.59,14.5,198.59,0.00,,,,,,,,,,,,,,,,,
,198.78,1508,198.79,38,198.79,14.5,198.79,0.00,,,,,,,,,,,,,,,,,
,198.98,1501,198.98,38,198.98,14.5,198.98,0.00,,,,,,,,,,,,,,,,,
,199.17,1471,199.17,37,199.18,14.5,199.18,0.00,,,,,,,,,,,,,,,,,
,199.37,1454,199.37,37,199.38,14.5,199.38,0.00,,,,,,,,,,,,,,,,,
,199.56,1433,199.56,36,199.56,14.5,199.56,0.00,,,,,,,,,,,,,,,,,
,199.75,1426,199.75,36,199.75,14.5,199.75,0.00,,,,,,,,,,,,,,,,,
,199.95,1413,199.95,36,199.95,14.5,199.95,0.00,,,,,,,,,,,,,,,,,
,200.15,1399,200.15,36,200.15,14.5,200.15,0.00,,,,,,,,,,,,,,,,,
,200.35,1392,200.35,35,200.36,14.5,200.36,0.00,,,,,,,,,,,,,,,,,
,200.55,1388,200.56,35,200.56,14.5,200.56,0.00,,,,,,,,,,,,,,,,,
,200.75,1368,200.75,35,200.76,14.5,200.76,0.00,,,,,,,,,,,,,,,,,
,200.94,1354,200.94,34,200.94,14.5,200.94,0.00,,,,,,,,,,,,,,,,,
,201.14,1142,201.14,34,201.14,14.5,201.14,0.00,,,,,,,,,,,,,,,,,
,201.33,971,201.33,34,201.33,14.5,201.33,16.28,,,,,,,,,,,,,,,,,
,201.52,945,201.52,34,201.53,14.5,201.53,13.56,,,,,,,,,,,,,,,,,
,201.72,910,201.72,34,201.72,14.5,201.72,17.09,,,,,,,,,,,,,,,,,
,201.91,895,201.92,34,201.92,14.5,201.92,21.06,,,,,,,,,,,,,,,,,
,202.11,902,202.11,33,202.11,14.5,202.11,20.59,,,,,,,,,,,,,,,,,
,202.31,903,202.31,33,202.31,14.5,202.31,20.97,,,,,,,,,,,,,,,,,
,202.50,906,202.50,33,202.50,14.5,202.50,21.09,,,,,,,,,,,,,,,,,
,202.68,907,202.69,33,202.69,14.5,202.69,21.22,,,,,,,,,,,,,,,,,
,202.88,954,202.89,32,202.89,14.5,202.89,11.78,,,,,,,,,,,,,,,,,
,203.07,996,203.08,32,203.08,14.5,203.08,1.63,,,,,,,,,,,,,,,,,
,203.26,1050,203.26,31,203.27,14.5,203.27,1.44,,,,,,,,,,,,,,,,,
,203.47,1170,203.47,30,203.48,14.5,203.48,1.19,,,,,,,,,,,,,,,,,
,203.69,1308,203.69,30,203.69,14.5,203.69,0.00,,,,,,,,,,,,,,,,,
,203.90,1421,203.90,29,203.90,14.5,203.90,0.00,,,,,,,,,,,,,,,,,
,204.11,1573,204.11,29,204.11,14.5,204.12,0.00,,,,,,,,,,,,,,,,,
,204.31,1728,204.32,28,204.32,14.5,204.32,0.00,,,,,,,,,,,,,,,,,
,204.51,1803,204.51,27,204.51,14.5,204.52,0.00,,,,,,,,,,,,,,,,,
,204.71,1756,204.71,26,204.71,14.5,204.71,0.00,,,,,,,,,,,,,,,,,
,204.91,1704,204.92,26,204.92,14.5,204.92,0.00,,,,,,,,,,,,,,,,,
,205.12,1683,205.12,26,205.12,14.5,205.12,0.00,,,,,,,,,,,,,,,,,
,205.33,1653,205.33,25,205.33,14.5,205.33,0.00,,,,,,,,,,,,,,,,,
,205.54,1656,205.54,25,205.55,14.5,205.55,0.00,,,,,,,,,,,,,,,,,
,205.73,1614,205.74,24,205.74,14.5,205.74,0.00,,,,,,,,,,,,,,,,,
,205.94,1566,205.94,24,205.94,14.5,205.94,0.00,,,,,,,,,,,,,,,,,
,206.14,1526,206.15,23,206.15,14.5,206.15,0.00,,,,,,,,,,,,,,,,,
,206.34,1517,206.35,23,206.35,14.5,206.35,0.00,,,,,,,,,,,,,,,,,
,206.55,1478,206.56,22,206.56,14.5,206.56,0.00,,,,,,,,,,,,,,,,,
,206.75,1461,206.75,22,206.76,14.5,206.76,0.00,,,,,,,,,,,,,,,,,
,206.96,1425,206.96,22,206.96,14.5,206.97,0.00,,,,,,,,,,,,,,,,,
,207.16,1397,207.16,21,207.16,14.5,207.16,0.00,,,,,,,,,,,,,,,,,
,207.36,1372,207.36,21,207.36,14.5,207.36,0.00,,,,,,,,,,,,,,,,,
,207.55,1334,207.55,20,207.56,18.0,207.56,0.00,,,,,,,,,,,,,,,,,
,207.75,1307,207.75,20,207.76,20.4,207.76,10.53,,,,,,,,,,,,,,,,,
,207.95,1305,207.95,20,207.95,22.0,207.95,14.44,,,,,,,,,,,,,,,,,
,208.14,1377,208.14,20,208.14,23.5,208.14,21.44,,,,,,,,,,,,,,,,,
,208.33,1368,208.33,20,208.33,24.7,208.33,58.34,,,,,,,,,,,,,,,,,
,208.53,1348,208.53,21,208.53,27.5,208.54,47.78,,,,,,,,,,,,,,,,,
,208.73,1408,208.73,21,208.73,34.1,208.73,83.38,,,,,,,,,,,,,,,,,
,208.93,1427,208.93,21,208.93,37.6,208.93,95.03,,,,,,,,,,,,,,,,,
,209.13,1457,209.13,22,209.13,38.4,209.13,96.38,,,,,,,,,,,,,,,,,
,209.34,1493,209.34,23,209.34,37.6,209.34,93.78,,,,,,,,,,,,,,,,,
,209.54,1508,209.54,23,209.54,35.3,209.54,78.69,,,,,,,,,,,,,,,,,
,209.74,1552,209.74,23,209.74,35.3,209.74,73.94,,,,,,,,,,,,,,,,,
,209.94,1603,209.94,24,209.94,34.9,209.94,68.78,,,,,,,,,,,,,,,,,
,210.14,1622,210.14,24,210.14,34.1,210.14,64.53,,,,,,,,,,,,,,,,,
,210.33,1633,210.33,25,210.34,34.1,210.34,56.59,,,,,,,,,,,,,,,,,
,210.53,1673,210.53,25,210.53,32.2,210.53,50.84,,,,,,,,,,,,,,,,,
,210.71,1695,210.72,25,210.72,31.8,210.72,45.84,,,,,,,,,,,,,,,,,
,210.91,1728,210.91,26,210.91,31.8,210.91,44.91,,,,,,,,,,,,,,,,,
,211.11,1753,211.11,26,211.12,31.8,211.12,44.63,,,,,,,,,,,,,,,,,
,211.33,1779,211.33,27,211.33,31.8,211.33,44.03,,,,,,,,,,,,,,,,,
,211.52,1800,211.52,27,211.53,31.8,211.53,43.59,,,,,,,,,,,,,,,,,
,211.73,1838,211.73,27,211.74,31.8,211.74,39.34,,,,,,,,,,,,,,,,,
,211.93,1870,211.93,28,211.93,31.8,211.93,37.34,,,,,,,,,,,,,,,,,
,212.13,1901,212.13,29,212.14,32.2,212.14,39.22,,,,,,,,,,,,,,,,,
,212.35,1900,212.35,29,212.35,33.3,212.35,43.75,,,,,,,,,,,,,,,,,
,212.54,1945,212.54,29,212.55,34.9,212.55,49.97,,,,,,,,,,,,,,,,,
,212.74,1958,212.74,29,212.74,36.5,212.74,70.25,,,,,,,,,,,,,,,,,
,212.94,1993,212.94,30,212.95,38.4,212.95,75.31,,,,,,,,,,,,,,,,,
,213.15,2036,213.15,31,213.16,40.4,213.16,90.44,,,,,,,,,,,,,,,,,
,213.36,2074,213.36,31,213.36,41.6,213.36,100.56,,,,,,,,,,,,,,,,,
,213.55,2099,213.55,32,213.55,42.4,213.56,104.03,,,,,,,,,,,,,,,,,
,213.75,2151,213.75,32,213.76,44.3,213.76,113.34,,,,,,,,,,,,,,,,,
,213.94,2193,213.94,33,213.94,45.1,213.94,121.72,,,,,,,,,,,,,,,,,
,214.14,2242,214.15,34,214.15,45.1,214.15,122.00,,,,,,,,,,,,,,,,,
,214.35,2300,214.35,35,214.36,45.9,214.36,127.25,,,,,,,,,,,,,,,,,
,214.55,2354,214.55,35,214.55,47.5,214.55,138.06,,,,,,,,,,,,,,,,,
,214.75,2422,214.75,36,214.75,49.4,214.75,150.41,,,,,,,,,,,,,,,,,
,214.94,2486,214.95,37,214.95,49.8,214.95,151.31,,,,,,,,,,,,,,,,,
,215.14,2536,215.14,38,215.14,49.8,215.14,153.75,,,,,,,,,,,,,,,,,
,215.33,2602,215.34,39,215.34,49.8,215.34,151.47,,,,,,,,,,,,,,,,,
,215.53,2641,215.53,40,215.54,49.4,215.54,126.56,,,,,,,,,,,,,,,,,
,215.73,2648,215.73,40,215.73,36.1,215.73,17.97,,,,,,,,,,,,,,,,,
,215.92,2527,215.92,40,215.92,14.5,215.92,3.81,,,,,,,,,,,,,,,,,
,216.11,2273,216.11,40,216.11,14.5,216.11,0.00,,,,,,,,,,,,,,,,,
,216.32,2007,216.32,40,216.32,14.5,216.32,0.00,,,,,,,,,,,,,,,,,
,216.50,1743,216.50,40,216.50,21.6,216.50,15.22,,,,,,,,,,,,,,,,,
,216.68,1585,216.68,40,216.68,30.6,216.68,38.28,,,,,,,,,,,,,,,,,
,216.87,1611,216.87,40,216.87,36.5,216.87,72.47,,,,,,,,,,,,,,,,,
,217.07,1624,217.08,41,217.08,36.5,217.08,75.13,,,,,,,,,,,,,,,,,
,217.27,1637,217.27,41,217.27,36.5,217.27,75.88,,,,,,,,,,,,,,,,,
,217.47,1637,217.48,41,217.48,35.7,217.48,75.53,,,,,,,,,,,,,,,,,
,217.68,1654,217.68,41,217.68,35.3,217.68,69.91,,,,,,,,,,,,,,,,,
,217.87,1666,217.88,42,217.88,35.3,217.88,69.19,,,,,,,,,,,,,,,,,
,218.08,1677,218.08,42,218.09,34.9,218.09,63.69,,,,,,,,,,,,,,,,,
,218.28,1689,218.28,42,218.28,32.9,218.28,47.09,,,,,,,,,,,,,,,,,
,218.47,1695,218.47,43,218.48,30.2,218.48,36.44,,,,,,,,,,,,,,,,,
,218.67,1696,218.67,43,218.67,28.2,218.67,28.53,,,,,,,,,,,,,,,,,
,218.85,1697,218.86,43,218.86,25.9,218.86,23.19,,,,,,,,,,,,,,,,,
,219.05,1695,219.05,43,219.06,23.9,219.06,20.69,,,,,,,,,,,,,,,,,
,219.25,1685,219.25,43,219.25,20.4,219.25,11.03,,,,,,,,,,,,,,,,,
,219.44,1671,219.44,42,219.44,19.2,219.44,5.53,,,,,,,,,,,,,,,,,
,219.63,1637,219.64,42,219.64,18.4,219.64,0.00,,,,,,,,,,,,,,,,,
,219.83,1648,219.83,42,219.84,18.4,219.84,0.66,,,,,,,,,,,,,,,,,
,220.03,1634,220.03,41,220.03,17.3,220.03,0.00,,,,,,,,,,,,,,,,,
,220.22,1635,220.22,41,220.22,16.5,220.22,0.00,,,,,,,,,,,,,,,,,
,220.40,1621,220.40,41,220.40,16.1,220.40,0.00,,,,,,,,,,,,,,,,,
,220.60,1614,220.60,41,220.60,15.7,220.60,0.00,,,,,,,,,,,,,,,,,
,220.79,1606,220.79,40,220.80,15.7,220.80,0.00,,,,,,,,,,,,,,,,,
,220.98,1597,220.98,40,220.98,15.3,220.98,0.00,,,,,,,,,,,,,,,,,
,221.17,1598,221.17,40,221.18,15.3,221.18,0.00,,,,,,,,,,,,,,,,,
,221.36,1562,221.36,39,221.36,15.3,221.37,0.00,,,,,,,,,,,,,,,,,
,221.56,1555,221.56,39,221.56,15.3,221.56,0.00,,,,,,,,,,,,,,,,,
,221.75,1534,221.75,38,221.75,15.3,221.75,0.00,,,,,,,,,,,,,,,,,
,221.94,1519,221.95,38,221.95,15.7,221.95,0.00,,,,,,,,,,,,,,,,,
,222.15,1511,222.15,38,222.16,16.9,222.16,0.00,,,,,,,,,,,,,,,,,
,222.36,1472,222.36,37,222.36,16.9,222.36,0.00,,,,,,,,,,,,,,,,,
,222.55,1474,222.55,37,222.56,18.4,222.56,0.00,,,,,,,,,,,,,,,,,
,222.75,1467,222.75,37,222.76,19.6,222.76,2.81,,,,,,,,,,,,,,,,,
,222.96,1460,222.96,37,222.96,19.6,222.96,4.72,,,,,,,,,,,,,,,,,
,223.16,1454,223.16,36,223.16,20.0,223.16,6.09,,,,,,,,,,,,,,,,,
,223.37,1435,223.37,36,223.38,20.0,223.38,6.59,,,,,,,,,,,,,,,,,
,223.57,1424,223.57,36,223.58,20.0,223.58,6.63,,,,,,,,,,,,,,,,,
,223.77,1403,223.77,36,223.78,20.0,223.78,7.31,,,,,,,,,,,,,,,,,
,223.97,1408,223.97,35,223.97,19.6,223.97,5.94,,,,,,,,,,,,,,,,,
,224.17,1398,224.17,35,224.17,19.6,224.18,6.19,,,,,,,,,,,,,,,,,
,224.36,1392,224.36,35,224.36,19.2,224.36,5.16,,,,,,,,,,,,,,,,,
,224.55,1387,224.55,35,224.55,19.2,224.55,5.09,,,,,,,,,,,,,,,,,
,224.75,1383,224.75,34,224.76,19.2,224.76,5.16,,,,,,,,,,,,,,,,,
,224.96,1362,224.96,34,224.96,19.2,224.96,4.56,,,,,,,,,,,,,,,,,
,225.16,1358,225.16,34,225.16,19.2,225.16,3.50,,,,,,,,,,,,,,,,,
,225.36,1352,225.36,34,225.36,18.8,225.36,1.06,,,,,,,,,,,,,,,,,
,225.55,1332,225.55,34,225.55,17.3,225.55,0.31,,,,,,,,,,,,,,,,,
,225.75,1326,225.75,33,225.75,16.5,225.75,0.00,,,,,,,,,,,,,,,,,
,225.94,1316,225.94,33,225.95,15.3,225.95,0.00,,,,,,,,,,,,,,,,,
,226.14,1306,226.14,33,226.14,14.5,226.14,0.00,,,,,,,,,,,,,,,,,
,226.33,1294,226.34,33,226.34,14.5,226.34,0.00,,,,,,,,,,,,,,,,,
,226.52,1282,226.52,32,226.52,14.5,226.52,0.00,,,,,,,,,,,,,,,,,
,226.71,1270,226.72,32,226.72,14.5,226.72,0.00,,,,,,,,,,,,,,,,,
,226.92,1256,226.92,32,226.93,14.5,226.93,0.00,,,,,,,,,,,,,,,,,
,227.12,1242,227.12,31,227.12,14.5,227.12,0.00,,,,,,,,,,,,,,,,,
,227.32,1233,227.32,31,227.32,14.5,227.32,0.00,,,,,,,,,,,,,,,,,
,227.52,1215,227.52,30,227.53,14.5,227.53,0.00,,,,,,,,,,,,,,,,,
,227.73,1200,227.73,30,227.74,14.5,227.74,0.00,,,,,,,,,,,,,,,,,
,227.93,1187,227.93,30,227.93,14.5,227.93,0.00,,,,,,,,,,,,,,,,,
,228.13,1171,228.13,30,228.13,14.5,228.13,0.00,,,,,,,,,,,,,,,,,
,228.35,1154,228.35,29,228.35,14.5,228.35,0.00,,,,,,,,,,,,,,,,,
,228.54,1136,228.54,29,228.54,14.5,228.54,0.00,,,,,,,,,,,,,,,,,
,228.74,1109,228.74,28,228.74,14.5,228.74,0.00,,,,,,,,,,,,,,,,,
,228.95,1084,228.95,27,228.95,14.5,228.95,0.00,,,,,,,,,,,,,,,,,
,229.15,1057,229.15,26,229.15,14.5,229.15,0.00,,,,,,,,,,,,,,,,,
,229.35,947,229.35,26,229.36,14.5,229.36,14.34,,,,,,,,,,,,,,,,,
,229.55,915,229.55,25,229.55,14.5,229.55,20.91,,,,,,,,,,,,,,,,,
,229.76,901,229.76,24,229.76,14.5,229.76,21.66,,,,,,,,,,,,,,,,,
,229.96,897,229.96,23,229.96,14.5,229.96,23.56,,,,,,,,,,,,,,,,,
,230.16,904,230.16,22,230.16,14.5,230.16,22.50,,,,,,,,,,,,,,,,,
,230.36,905,230.36,21,230.36,14.5,230.36,22.28,,,,,,,,,,,,,,,,,
,230.55,904,230.55,21,230.55,14.5,230.55,23.03,,,,,,,,,,,,,,,,,
,230.75,904,230.75,20,230.75,14.5,230.75,23.41,,,,,,,,,,,,,,,,,
,230.94,906,230.94,19,230.94,14.5,230.94,23.34,,,,,,,,,,,,,,,,,
,231.14,911,231.14,18,231.14,14.5,231.14,22.81,,,,,,,,,,,,,,,,,
,231.33,967,231.33,17,231.33,14.5,231.33,7.72,,,,,,,,,,,,,,,,,
,231.53,979,231.53,17,231.54,14.5,231.54,2.75,,,,,,,,,,,,,,,,,
,231.72,1016,231.73,16,231.73,14.5,231.73,2.38,,,,,,,,,,,,,,,,,
,231.92,1077,231.92,16,231.92,16.9,231.92,1.97,,,,,,,,,,,,,,,,,
,232.11,1070,232.11,16,232.11,18.8,232.11,27.97,,,,,,,,,,,,,,,,,
,232.29,1198,232.29,16,232.29,23.5,232.29,36.28,,,,,,,,,,,,,,,,,
,232.48,1085,232.48,16,232.48,23.9,232.48,42.84,,,,,,,,,,,,,,,,,
,232.68,1126,232.68,16,232.68,28.2,232.68,49.13,,,,,,,,,,,,,,,,,
,232.89,1124,232.89,17,232.89,29.4,232.89,67.44,,,,,,,,,,,,,,,,,
,233.09,1189,233.09,18,233.09,30.2,233.10,64.28,,,,,,,,,,,,,,,,,
,233.29,1212,233.29,18,233.29,31.4,233.29,76.16,,,,,,,,,,,,,,,,,
,233.50,1266,233.50,19,233.51,34.9,233.51,89.19,,,,,,,,,,,,,,,,,
,233.71,1318,233.71,20,233.71,35.3,233.71,85.00,,,,,,,,,,,,,,,,,
,233.91,1378,233.91,20,233.91,36.1,233.91,85.13,,,,,,,,,,,,,,,,,
,234.12,1437,234.12,21,234.13,36.5,234.13,85.88,,,,,,,,,,,,,,,,,
,234.33,1478,234.33,22,234.33,38.0,234.33,106.66,,,,,,,,,,,,,,,,,
,234.53,1555,234.53,24,234.53,41.2,234.53,115.75,,,,,,,,,,,,,,,,,
,234.73,1610,234.73,24,234.73,43.5,234.74,130.97,,,,,,,,,,,,,,,,,
,234.93,1673,234.93,25,234.93,44.7,234.93,132.56,,,,,,,,,,,,,,,,,
,235.13,1732,235.14,26,235.14,44.7,235.14,127.63,,,,,,,,,,,,,,,,,
,235.33,1784,235.34,27,235.34,44.7,235.34,131.94,,,,,,,,,,,,,,,,,
,235.54,1868,235.54,28,235.55,45.9,235.55,134.16,,,,,,,,,,,,,,,,,
,235.74,1903,235.74,28,235.74,51.0,235.74,175.78,,,,,,,,,,,,,,,,,
,235.94,2000,235.94,30,235.94,51.0,235.94,163.13,,,,,,,,,,,,,,,,,
,236.15,2065,236.15,31,236.16,51.4,236.16,177.47,,,,,,,,,,,,,,,,,
,236.36,2184,236.36,33,236.36,56.5,236.36,209.56,,,,,,,,,,,,,,,,,
,236.55,2277,236.55,34,236.55,58.4,236.55,224.56,,,,,,,,,,,,,,,,,
,236.75,2395,236.75,36,236.76,58.8,236.76,224.97,,,,,,,,,,,,,,,,,
,236.95,2509,236.95,38,236.95,58.8,236.95,224.06,,,,,,,,,,,,,,,,,
,237.14,2644,237.14,40,237.14,58.8,237.14,220.41,,,,,,,,,,,,,,,,,
,237.33,2741,237.33,41,237.33,58.8,237.33,223.38,,,,,,,,,,,,,,,,,
,237.51,2854,237.51,43,237.52,58.8,237.52,219.66,,,,,,,,,,,,,,,,,
,237.71,2877,237.71,44,237.71,48.2,237.71,96.31,,,,,,,,,,,,,,,,,
,237.92,2816,237.92,44,237.92,14.5,237.92,7.13,,,,,,,,,,,,,,,,,
,238.12,2530,238.12,45,238.12,14.5,238.12,0.00,,,,,,,,,,,,,,,,,
,238.32,2249,238.32,44,238.33,14.5,238.33,0.00,,,,,,,,,,,,,,,,,
,238.52,1938,238.52,44,238.52,14.5,238.52,0.00,,,,,,,,,,,,,,,,,
,238.72,1640,238.73,44,238.73,14.5,238.73,0.00,,,,,,,,,,,,,,,,,
,238.93,1725,238.93,44,238.93,15.7,238.93,0.00,,,,,,,,,,,,,,,,,
,239.13,1724,239.13,44,239.13,16.5,239.13,0.00,,,,,,,,,,,,,,,,,
,239.33,1712,239.34,43,239.34,16.9,239.34,0.00,,,,,,,,,,,,,,,,,
,239.53,1711,239.53,43,239.53,16.9,239.53,0.00,,,,,,,,,,,,,,,,,
,239.72,1701,239.72,43,239.72,16.9,239.72,0.00,,,,,,,,,,,,,,,,,
,239.92,1690,239.92,42,239.92,16.9,239.93,0.00,,,,,,,,,,,,,,,,,
,240.10,1670,240.10,42,240.11,16.9,240.11,0.00,,,,,,,,,,,,,,,,,
,240.29,1674,240.29,42,240.29,17.3,240.29,0.00,,,,,,,,,,,,,,,,,
,240.48,1654,240.48,42,240.48,17.3,240.48,0.00,,,,,,,,,,,,,,,,,
,240.67,1648,240.67,41,240.67,17.3,240.67,0.00,,,,,,,,,,,,,,,,,
,240.86,1635,240.86,41,240.86,17.3,240.86,0.00,,,,,,,,,,,,,,,,,
,241.06,1618,241.06,41,241.06,17.3,241.06,0.00,,,,,,,,,,,,,,,,,
,241.26,1594,241.26,40,241.26,17.3,241.26,0.00,,,,,,,,,,,,,,,,,
,241.46,1583,241.46,40,241.46,17.3,241.46,0.00,,,,,,,,,,,,,,,,,
,241.66,1572,241.66,40,241.66,17.3,241.66,0.00,,,,,,,,,,,,,,,,,
,241.86,1567,241.86,39,241.86,17.3,241.86,0.00,,,,,,,,,,,,,,,,,
,242.05,1550,242.05,39,242.05,17.3,242.05,0.00,,,,,,,,,,,,,,,,,
,242.24,1537,242.25,38,242.25,16.9,242.25,0.00,,,,,,,,,,,,,,,,,
,242.44,1521,242.44,38,242.44,14.9,242.44,0.00,,,,,,,,,,,,,,,,,
,242.63,1511,242.64,38,242.64,14.5,242.64,0.00,,,,,,,,,,,,,,,,,
,242.83,1493,242.83,38,242.83,14.5,242.83,0.00,,,,,,,,,,,,,,,,,
,243.03,1470,243.03,37,243.03,14.5,243.03,0.00,,,,,,,,,,,,,,,,,
,243.21,1456,243.21,37,243.21,14.5,243.21,0.00,,,,,,,,,,,,,,,,,
,243.40,1445,243.40,36,243.40,14.5,243.40,0.00,,,,,,,,,,,,,,,,,
,243.59,1428,243.59,36,243.60,14.5,243.60,0.00,,,,,,,,,,,,,,,,,
,243.78,1410,243.79,35,243.79,14.5,243.79,0.00,,,,,,,,,,,,,,,,,
,243.98,1387,243.99,35,243.99,14.5,243.99,0.00,,,,,,,,,,,,,,,,,
,244.19,1363,244.19,34,244.19,14.5,244.19,0.00,,,,,,,,,,,,,,,,,
,244.40,1334,244.40,34,244.40,14.5,244.40,0.00,,,,,,,,,,,,,,,,,
,244.60,1297,244.60,33,244.60,14.5,244.60,0.00,,,,,,,,,,,,,,,,,
,244.80,1090,244.80,32,244.80,14.5,244.80,2.16,,,,,,,,,,,,,,,,,
,244.99,965,245.00,31,245.00,14.5,245.00,14.50,,,,,,,,,,,,,,,,,
,245.19,920,245.19,30,245.19,14.5,245.19,17.75,,,,,,,,,,,,,,,,,
,245.39,900,245.39,29,245.39,14.5,245.39,20.59,,,,,,,,,,,,,,,,,
,245.57,898,245.58,28,245.58,14.5,245.58,21.78,,,,,,,,,,,,,,,,,
,245.77,900,245.77,27,245.77,14.5,245.77,22.34,,,,,,,,,,,,,,,,,
,245.96,947,245.97,26,245.97,14.5,245.97,13.41,,,,,,,,,,,,,,,,,
,246.16,992,246.16,25,246.16,14.5,246.16,2.47,,,,,,,,,,,,,,,,,
,246.36,1005,246.37,24,246.37,14.5,246.37,2.03,,,,,,,,,,,,,,,,,
,246.56,1024,246.56,23,246.56,14.5,246.56,1.75,,,,,,,,,,,,,,,,,
,246.74,1044,246.75,21,246.75,14.5,246.75,1.56,,,,,,,,,,,,,,,,,
,246.93,1075,246.94,21,246.94,14.5,246.94,1.34,,,,,,,,,,,,,,,,,
,247.13,1094,247.14,19,247.14,14.5,247.14,1.13,,,,,,,,,,,,,,,,,
,247.33,1092,247.33,19,247.33,14.5,247.33,0.00,,,,,,,,,,,,,,,,,
,247.53,1059,247.53,18,247.53,14.5,247.53,0.00,,,,,,,,,,,,,,,,,
,247.71,1041,247.72,18,247.72,14.5,247.72,0.00,,,,,,,,,,,,,,,,,
,247.91,1054,247.91,17,247.91,14.5,247.91,0.00,,,,,,,,,,,,,,,,,
,248.12,1098,248.12,17,248.12,16.1,248.12,0.00,,,,,,,,,,,,,,,,,
,248.32,1066,248.32,16,248.33,18.0,248.33,0.00,,,,,,,,,,,,,,,,,
,248.52,1053,248.52,16,248.53,18.4,248.53,1.13,,,,,,,,,,,,,,,,,
,248.71,1029,248.72,15,248.72,19.2,248.72,8.09,,,,,,,,,,,,,,,,,
,248.91,1005,248.91,15,248.91,20.4,248.91,19.16,,,,,,,,,,,,,,,,,
,249.12,1058,249.12,15,249.12,22.7,249.12,41.63,,,,,,,,,,,,,,,,,
,249.31,919,249.32,15,249.32,24.7,249.32,55.91,,,,,,,,,,,,,,,,,
,249.52,1048,249.52,15,249.52,27.5,249.52,47.91,,,,,,,,,,,,,,,,,
,249.72,1059,249.72,16,249.73,27.8,249.73,54.88,,,,,,,,,,,,,,,,,
,249.92,1055,249.92,16,249.93,28.6,249.93,66.47,,,,,,,,,,,,,,,,,
,250.11,1082,250.11,16,250.11,29.8,250.11,67.84,,,,,,,,,,,,,,,,,
,250.30,1109,250.30,17,250.31,30.2,250.31,67.31,,,,,,,,,,,,,,,,,
,250.50,1140,250.50,17,250.50,30.6,250.50,67.47,,,,,,,,,,,,,,,,,
,250.67,1165,250.68,17,250.68,31.0,250.68,70.47,,,,,,,,,,,,,,,,,
,250.87,1185,250.87,18,250.87,31.4,250.87,70.91,,,,,,,,,,,,,,,,,
,251.06,1226,251.07,18,251.07,31.0,251.07,65.88,,,,,,,,,,,,,,,,,
,251.27,1258,251.27,19,251.27,31.0,251.27,67.50,,,,,,,,,,,,,,,,,
,251.47,1305,251.47,19,251.47,31.0,251.47,61.91,,,,,,,,,,,,,,,,,
,251.68,1305,251.68,19,251.68,31.0,251.68,58.97,,,,,,,,,,,,,,,,,
,251.88,1349,251.88,20,251.88,31.0,251.88,60.84,,,,,,,,,,,,,,,,,
,252.08,1379,252.08,21,252.08,31.0,252.08,57.63,,,,,,,,,,,,,,,,,
,252.28,1401,252.29,21,252.29,30.6,252.29,52.81,,,,,,,,,,,,,,,,,
,252.49,1421,252.49,21,252.50,29.0,252.50,45.50,,,,,,,,,,,,,,,,,
,252.69,1442,252.69,22,252.69,28.2,252.69,41.81,,,,,,,,,,,,,,,,,
,252.89,1472,252.89,22,252.89,28.2,252.89,36.09,,,,,,,,,,,,,,,,,
,253.10,1478,253.11,23,253.11,27.5,253.11,38.66,,,,,,,,,,,,,,,,,
,253.30,1509,253.30,23,253.30,27.5,253.30,34.03,,,,,,,,,,,,,,,,,
,253.50,1531,253.50,23,253.51,27.5,253.51,29.09,,,,,,,,,,,,,,,,,
,253.71,1515,253.71,23,253.72,27.1,253.72,31.28,,,,,,,,,,,,,,,,,
,253.91,1551,253.91,23,253.91,26.7,253.91,31.44,,,,,,,,,,,,,,,,,
,254.11,1551,254.11,23,254.12,26.7,254.12,30.47,,,,,,,,,,,,,,,,,
,254.31,1580,254.31,24,254.31,26.7,254.31,27.47,,,,,,,,,,,,,,,,,
,254.50,1570,254.50,24,254.50,26.7,254.51,30.78,,,,,,,,,,,,,,,,,
,254.69,1580,254.69,24,254.70,25.5,254.70,25.72,,,,,,,,,,,,,,,,,
,254.88,1597,254.89,24,254.89,25.1,254.89,23.22,,,,,,,,,,,,,,,,,
,255.08,1601,255.08,24,255.08,24.3,255.08,23.16,,,,,,,,,,,,,,,,,
,255.28,1593,255.28,24,255.28,23.9,255.28,27.25,,,,,,,,,,,,,,,,,
,255.47,1606,255.47,24,255.47,23.9,255.47,17.81,,,,,,,,,,,,,,,,,
,255.67,1609,255.67,24,255.68,23.9,255.68,21.88,,,,,,,,,,,,,,,,,
,255.87,1609,255.87,24,255.87,23.9,255.87,22.56,,,,,,,,,,,,,,,,,
,256.07,1613,256.07,24,256.08,23.9,256.08,22.34,,,,,,,,,,,,,,,,,
,256.27,1615,256.27,24,256.28,23.9,256.28,21.25,,,,,,,,,,,,,,,,,
,256.48,1624,256.48,24,256.49,23.9,256.49,20.25,,,,,,,,,,,,,,,,,
,256.68,1624,256.68,25,256.68,23.9,256.68,21.63,,,,,,,,,,,,,,,,,
,256.88,1625,256.88,25,256.88,23.9,256.89,20.53,,,,,,,,,,,,,,,,,
,257.09,1630,257.10,25,257.10,23.9,257.10,21.81,,,,,,,,,,,,,,,,,
,257.29,1634,257.29,25,257.30,23.9,257.30,20.66,,,,,,,,,,,,,,,,,
,257.50,1642,257.50,25,257.51,23.9,257.51,20.28,,,,,,,,,,,,,,,,,
,257.71,1652,257.72,25,257.72,23.1,257.72,16.97,,,,,,,,,,,,,,,,,
,257.91,1650,257.91,25,257.91,22.7,257.91,15.78,,,,,,,,,,,,,,,,,
,258.13,1658,258.13,25,258.14,22.4,258.14,16.09,,,,,,,,,,,,,,,,,
,258.33,1669,258.34,25,258.34,22.4,258.34,14.75,,,,,,,,,,,,,,,,,
,258.54,1672,258.54,25,258.54,22.0,258.55,13.69,,,,,,,,,,,,,,,,,
,258.74,1671,258.74,25,258.74,22.0,258.74,14.78,,,,,,,,,,,,,,,,,
,258.94,1652,258.94,25,258.95,20.8,258.95,15.41,,,,,,,,,,,,,,,,,
,259.14,1630,259.14,25,259.15,20.8,259.15,11.06,,,,,,,,,,,,,,,,,
,259.35,1598,259.36,25,259.36,18.8,259.36,0.81,,,,,,,,,,,,,,,,,
,259.55,1621,259.55,24,259.55,18.8,259.56,7.94,,,,,,,,,,,,,,,,,
,259.75,1593,259.75,24,259.76,18.4,259.76,1.22,,,,,,,,,,,,,,,,,
,259.96,1571,259.96,24,259.96,18.4,259.97,0.00,,,,,,,,,,,,,,,,,
,260.16,1544,260.16,23,260.16,18.4,260.16,0.00,,,,,,,,,,,,,,,,,
,260.37,1510,260.37,23,260.38,18.4,260.38,0.00,,,,,,,,,,,,,,,,,
,260.56,1493,260.56,23,260.57,18.8,260.57,0.00,,,,,,,,,,,,,,,,,
,260.75,1456,260.75,22,260.75,18.8,260.75,0.00,,,,,,,,,,,,,,,,,
,260.93,1454,260.93,22,260.94,18.8,260.94,1.50,,,,,,,,,,,,,,,,,
,261.14,1423,261.14,21,261.14,18.8,261.14,0.00,,,,,,,,,,,,,,,,,
,261.34,1401,261.34,21,261.34,18.8,261.34,0.00,,,,,,,,,,,,,,,,,
,261.54,1366,261.54,21,261.55,18.8,261.55,1.44,,,,,,,,,,,,,,,,,
,261.74,1332,261.74,20,261.74,18.8,261.74,0.63,,,,,,,,,,,,,,,,,
,261.95,1317,261.95,20,261.95,18.8,261.96,0.00,,,,,,,,,,,,,,,,,
,262.15,1283,262.15,19,262.16,18.8,262.16,0.75,,,,,,,,,,,,,,,,,
,262.36,1253,262.36,19,262.36,18.8,262.36,1.03,,,,,,,,,,,,,,,,,
,262.55,1231,262.55,19,262.55,18.8,262.55,0.19,,,,,,,,,,,,,,,,,
,262.76,1199,262.76,18,262.76,18.8,262.76,1.44,,,,,,,,,,,,,,,,,
,262.96,1188,262.96,18,262.96,19.6,262.97,4.34,,,,,,,,,,,,,,,,,
,263.16,1152,263.16,17,263.16,20.0,263.16,8.91,,,,,,,,,,,,,,,,,
,263.37,1153,263.37,17,263.38,20.8,263.38,16.41,,,,,,,,,,,,,,,,,
,263.57,1167,263.57,17,263.57,21.2,263.57,16.00,,,,,,,,,,,,,,,,,
,263.77,1147,263.77,17,263.78,21.2,263.78,31.19,,,,,,,,,,,,,,,,,
,263.97,1121,263.97,17,263.97,21.2,263.97,19.03,,,,,,,,,,,,,,,,,
,264.18,1139,264.18,17,264.18,21.6,264.19,17.38,,,,,,,,,,,,,,,,,
,264.38,1151,264.38,17,264.39,22.0,264.39,28.78,,,,,,,,,,,,,,,,,
,264.59,1152,264.59,17,264.60,22.0,264.60,28.22,,,,,,,,,,,,,,,,,
,264.78,1168,264.78,17,264.79,22.7,264.79,31.84,,,,,,,,,,,,,,,,,
,264.99,1170,264.99,17,264.99,23.5,265.00,43.81,,,,,,,,,,,,,,,,,
,265.18,1202,265.19,18,265.19,23.9,265.19,38.19,,,,,,,,,,,,,,,,,
,265.39,1220,265.39,18,265.39,23.9,265.39,37.59,,,,,,,,,,,,,,,,,
,265.58,1238,265.58,19,265.58,23.9,265.58,37.75,,,,,,,,,,,,,,,,,
,265.77,1250,265.78,19,265.78,24.3,265.78,36.81,,,,,,,,,,,,,,,,,
,265.97,1269,265.97,19,265.97,24.3,265.97,37.34,,,,,,,,,,,,,,,,,
,266.17,1288,266.17,19,266.17,24.3,266.17,36.34,,,,,,,,,,,,,,,,,
,266.36,1304,266.36,20,266.37,24.3,266.37,35.03,,,,,,,,,,,,,,,,,
,266.56,1318,266.56,20,266.56,24.3,266.56,35.16,,,,,,,,,,,,,,,,,
,266.76,1331,266.76,20,266.76,24.3,266.76,35.59,,,,,,,,,,,,,,,,,
,266.96,1349,266.96,20,266.96,24.3,266.97,32.47,,,,,,,,,,,,,,,,,
,267.16,1367,267.16,20,267.16,24.3,267.16,29.63,,,,,,,,,,,,,,,,,
,267.38,1375,267.38,21,267.39,24.3,267.39,31.56,,,,,,,,,,,,,,,,,
,267.58,1399,267.58,21,267.59,24.3,267.59,28.47,,,,,,,,,,,,,,,,,
,267.79,1404,267.79,21,267.79,23.5,267.80,27.34,,,,,,,,,,,,,,,,,
,267.99,1421,267.99,21,267.99,22.7,267.99,20.72,,,,,,,,,,,,,,,,,
,268.19,1433,268.19,22,268.19,22.7,268.19,19.75,,,,,,,,,,,,,,,,,
,268.40,1427,268.40,21,268.41,22.7,268.41,21.97,,,,,,,,,,,,,,,,,
,268.60,1449,268.60,22,268.60,22.4,268.60,18.69,,,,,,,,,,,,,,,,,
,268.81,1444,268.81,22,268.81,22.0,268.82,20.66,,,,,,,,,,,,,,,,,
,269.01,1460,269.01,22,269.01,22.0,269.02,15.31,,,,,,,,,,,,,,,,,
,269.21,1456,269.21,22,269.22,22.0,269.22,21.25,,,,,,,,,,,,,,,,,
,269.42,1487,269.42,22,269.43,21.6,269.43,10.94,,,,,,,,,,,,,,,,,
,269.63,1464,269.63,22,269.63,21.2,269.63,18.72,,,,,,,,,,,,,,,,,
,269.84,1468,269.84,22,269.85,21.2,269.85,13.50,,,,,,,,,,,,,,,,,
,270.04,1461,270.04,22,270.04,21.2,270.05,15.28,,,,,,,,,,,,,,,,,
,270.24,1456,270.24,22,270.24,20.8,270.24,11.78,,,,,,,,,,,,,,,,,
,270.45,1443,270.45,22,270.46,20.8,270.46,13.72,,,,,,,,,,,,,,,,,
,270.65,1441,270.65,22,270.65,20.4,270.65,10.38,,,,,,,,,,,,,,,,,
,270.85,1429,270.85,22,270.86,20.4,270.86,10.84,,,,,,,,,,,,,,,,,
,271.05,1428,271.05,22,271.05,20.4,271.05,8.94,,,,,,,,,,,,,,,,,
,271.25,1439,271.25,22,271.26,20.4,271.26,9.56,,,,,,,,,,,,,,,,,
,271.44,1432,271.44,22,271.45,20.4,271.45,12.06,,,,,,,,,,,,,,,,,
,271.64,1416,271.64,21,271.64,19.6,271.64,9.03,,,,,,,,,,,,,,,,,
,271.83,1388,271.83,21,271.83,19.6,271.83,6.81,,,,,,,,,,,,,,,,,
,272.03,1381,272.03,21,272.03,19.6,272.03,1.28,,,,,,,,,,,,,,,,,
,272.21,1378,272.21,21,272.22,19.6,272.22,6.00,,,,,,,,,,,,,,,,,
,272.42,1365,272.42,20,272.43,19.6,272.43,5.94,,,,,,,,,,,,,,,,,
,272.61,1344,272.61,20,272.61,19.6,272.61,4.06,,,,,,,,,,,,,,,,,
,272.79,1322,272.79,20,272.79,19.2,272.79,5.78,,,,,,,,,,,,,,,,,
,272.98,1309,272.98,20,272.99,18.8,272.99,1.91,,,,,,,,,,,,,,,,,
,273.17,1288,273.17,19,273.17,18.4,273.17,0.00,,,,,,,,,,,,,,,,,
,273.36,1259,273.36,19,273.36,17.6,273.36,0.31,,,,,,,,,,,,,,,,,
,273.54,1250,273.54,19,273.55,17.6,273.55,0.00,,,,,,,,,,,,,,,,,
,273.74,1218,273.74,18,273.74,17.3,273.74,0.00,,,,,,,,,,,,,,,,,
,273.94,1180,273.95,18,273.95,16.9,273.95,0.00,,,,,,,,,,,,,,,,,
,274.15,1159,274.15,17,274.15,14.9,274.15,0.00,,,,,,,,,,,,,,,,,
,274.36,1144,274.36,17,274.36,14.5,274.37,0.00,,,,,,,,,,,,,,,,,
,274.55,1093,274.55,17,274.55,14.5,274.55,0.00,,,,,,,,,,,,,,,,,
,274.75,1065,274.75,16,274.75,14.5,274.76,0.22,,,,,,,,,,,,,,,,,
,274.94,1037,274.94,16,274.95,14.5,274.95,1.19,,,,,,,,,,,,,,,,,
,275.14,1038,275.14,16,275.14,14.5,275.14,0.00,,,,,,,,,,,,,,,,,
,275.33,988,275.33,15,275.33,14.5,275.33,4.56,,,,,,,,,,,,,,,,,
,275.53,960,275.53,15,275.53,14.5,275.53,8.00,,,,,,,,,,,,,,,,,
,275.72,926,275.72,14,275.73,14.5,275.73,20.09,,,,,,,,,,,,,,,,,
,275.92,911,275.92,14,275.93,14.5,275.93,19.50,,,,,,,,,,,,,,,,,
,276.12,893,276.12,13,276.12,14.5,276.12,23.78,,,,,,,,,,,,,,,,,
,276.29,900,276.29,12,276.29,14.5,276.29,23.41,,,,,,,,,,,,,,,,,
,276.48,901,276.48,11,276.49,14.5,276.49,23.63,,,,,,,,,,,,,,,,,
,276.67,902,276.67,10,276.68,14.5,276.68,23.88,,,,,,,,,,,,,,,,,
,276.88,907,276.88,8,276.89,14.5,276.89,23.72,,,,,,,,,,,,,,,,,
,277.07,908,277.07,7,277.07,14.5,277.07,23.59,,,,,,,,,,,,,,,,,
,277.28,911,277.28,7,277.29,14.5,277.29,23.34,,,,,,,,,,,,,,,,,
,277.47,913,277.48,6,277.48,14.5,277.48,23.31,,,,,,,,,,,,,,,,,
,277.68,916,277.68,6,277.68,14.5,277.68,22.84,,,,,,,,,,,,,,,,,
,277.89,917,277.89,5,277.89,14.5,277.89,22.44,,,,,,,,,,,,,,,,,
,278.09,903,278.09,5,278.09,14.5,278.10,25.38,,,,,,,,,,,,,,,,,
,278.29,882,278.29,5,278.30,14.5,278.30,35.94,,,,,,,,,,,,,,,,,
,278.49,896,278.49,5,278.50,14.5,278.50,35.94,,,,,,,,,,,,,,,,,
,278.69,898,278.69,5,278.70,14.5,278.70,36.75,,,,,,,,,,,,,,,,,
,278.90,909,278.90,5,278.90,14.5,278.91,35.66,,,,,,,,,,,,,,,,,
,279.10,980,279.10,5,279.10,14.5,279.11,12.84,,,,,,,,,,,,,,,,,
,279.30,916,279.30,6,279.30,14.5,279.30,15.38,,,,,,,,,,,,,,,,,
,279.50,907,279.50,6,279.50,14.5,279.50,25.16,,,,,,,,,,,,,,,,,
,279.71,918,279.71,6,279.72,14.5,279.72,22.47,,,,,,,,,,,,,,,,,
,279.91,902,279.91,6,279.91,14.5,279.91,25.78,,,,,,,,,,,,,,,,,
,280.12,883,280.12,6,280.12,14.5,280.12,36.44,,,,,,,,,,,,,,,,,
,280.31,863,280.31,7,280.32,14.5,280.32,50.88,,,,,,,,,,,,,,,,,
,280.50,927,280.50,7,280.51,14.5,280.51,37.94,,,,,,,,,,,,,,,,,
,280.70,918,280.70,7,280.70,16.9,280.70,38.72,,,,,,,,,,,,,,,,,
,280.89,995,280.89,8,280.89,18.8,280.89,14.34,,,,,,,,,,,,,,,,,
,281.09,993,281.09,8,281.09,21.2,281.09,21.69,,,,,,,,,,,,,,,,,
,281.28,1100,281.29,8,281.29,24.7,281.29,43.31,,,,,,,,,,,,,,,,,
,281.49,1095,281.49,8,281.49,25.5,281.49,50.59,,,,,,,,,,,,,,,,,
,281.70,1116,281.70,9,281.70,25.9,281.70,32.34,,,,,,,,,,,,,,,,,
,281.89,1270,281.90,9,281.90,29.8,281.90,50.03,,,,,,,,,,,,,,,,,
,282.10,1285,282.10,10,282.10,29.8,282.10,58.22,,,,,,,,,,,,,,,,,
,282.30,1414,282.30,11,282.30,30.2,282.30,50.78,,,,,,,,,,,,,,,,,
,282.50,1468,282.50,11,282.50,30.6,282.50,50.56,,,,,,,,,,,,,,,,,
,282.71,1582,282.71,12,282.71,30.6,282.71,41.31,,,,,,,,,,,,,,,,,
,282.91,1646,282.91,13,282.91,30.6,282.91,44.00,,,,,,,,,,,,,,,,,
,283.11,1728,283.12,13,283.12,30.2,283.12,35.66,,,,,,,,,,,,,,,,,
,283.30,1791,283.30,14,283.30,28.2,283.30,25.72,,,,,,,,,,,,,,,,,
,283.50,1783,283.50,14,283.50,20.4,283.50,4.63,,,,,,,,,,,,,,,,,
,283.71,1646,283.71,14,283.72,14.5,283.72,0.00,,,,,,,,,,,,,,,,,
,283.91,1391,283.91,14,283.91,14.5,283.91,0.00,,,,,,,,,,,,,,,,,
,284.11,1153,284.11,14,284.11,14.5,284.11,0.00,,,,,,,,,,,,,,,,,
,284.30,984,284.30,14,284.30,15.7,284.30,16.63,,,,,,,,,,,,,,,,,
,284.50,925,284.50,14,284.51,18.0,284.51,23.31,,,,,,,,,,,,,,,,,
,284.69,923,284.69,14,284.69,19.6,284.69,20.44,,,,,,,,,,,,,,,,,
,284.89,914,284.89,14,284.90,19.6,284.90,20.31,,,,,,,,,,,,,,,,,
,285.09,925,285.09,14,285.09,21.6,285.09,40.34,,,,,,,,,,,,,,,,,
,285.28,1043,285.28,14,285.28,23.5,285.28,51.13,,,,,,,,,,,,,,,,,
,285.47,972,285.47,15,285.47,23.5,285.47,42.00,,,,,,,,,,,,,,,,,
,285.67,991,285.67,15,285.68,23.9,285.68,52.22,,,,,,,,,,,,,,,,,
,285.87,994,285.88,15,285.88,24.3,285.88,53.53,,,,,,,,,,,,,,,,,
,286.06,1013,286.06,15,286.07,24.3,286.07,51.53,,,,,,,,,,,,,,,,,
,286.26,1037,286.26,16,286.26,24.3,286.26,49.91,,,,,,,,,,,,,,,,,
,286.45,1062,286.45,16,286.46,24.3,286.46,48.38,,,,,,,,,,,,,,,,,
,286.66,1081,286.66,16,286.67,24.3,286.67,46.28,,,,,,,,,,,,,,,,,
,286.87,1098,286.87,17,286.88,24.3,286.88,48.00,,,,,,,,,,,,,,,,,
,287.07,1114,287.08,17,287.08,24.3,287.08,44.88,,,,,,,,,,,,,,,,,
,287.28,1127,287.28,17,287.28,24.3,287.29,46.19,,,,,,,,,,,,,,,,,
,287.48,1142,287.48,17,287.49,24.3,287.49,43.72,,,,,,,,,,,,,,,,,
,287.68,1162,287.68,17,287.69,24.3,287.69,42.38,,,,,,,,,,,,,,,,,
,287.89,1174,287.89,18,287.89,24.3,287.89,42.66,,,,,,,,,,,,,,,,,
,288.09,1192,288.09,18,288.09,24.3,288.10,42.44,,,,,,,,,,,,,,,,,
,288.29,1217,288.29,18,288.29,24.3,288.30,38.34,,,,,,,,,,,,,,,,,
,288.49,1233,288.49,18,288.50,24.3,288.50,38.66,,,,,,,,,,,,,,,,,
,288.69,1251,288.69,19,288.69,24.3,288.69,37.78,,,,,,,,,,,,,,,,,
,288.90,1267,288.90,19,288.91,24.3,288.91,37.78,,,,,,,,,,,,,,,,,
,289.10,1281,289.10,19,289.10,23.9,289.11,34.38,,,,,,,,,,,,,,,,,
,289.30,1296,289.30,19,289.30,23.1,289.30,33.63,,,,,,,,,,,,,,,,,
,289.51,1311,289.51,20,289.52,22.4,289.52,24.84,,,,,,,,,,,,,,,,,
,289.71,1320,289.71,20,289.72,22.4,289.72,26.97,,,,,,,,,,,,,,,,,
,289.91,1331,289.91,20,289.92,22.0,289.92,23.06,,,,,,,,,,,,,,,,,
,290.11,1322,290.11,20,290.11,22.0,290.11,25.91,,,,,,,,,,,,,,,,,
,290.31,1339,290.31,20,290.32,21.6,290.32,19.84,,,,,,,,,,,,,,,,,
,290.50,1347,290.50,20,290.50,21.6,290.50,18.03,,,,,,,,,,,,,,,,,
,290.69,1357,290.69,20,290.70,21.6,290.70,16.56,,,,,,,,,,,,,,,,,
,290.90,1362,290.90,20,290.90,21.6,290.90,21.75,,,,,,,,,,,,,,,,,
,291.09,1355,291.09,21,291.09,21.6,291.09,19.50,,,,,,,,,,,,,,,,,
,291.28,1374,291.28,21,291.29,22.0,291.29,16.53,,,,,,,,,,,,,,,,,
,291.49,1389,291.49,21,291.49,22.4,291.49,20.06,,,,,,,,,,,,,,,,,
,291.69,1392,291.69,21,291.70,22.4,291.70,21.81,,,,,,,,,,,,,,,,,
,291.90,1411,291.90,21,291.91,22.7,291.91,18.81,,,,,,,,,,,,,,,,,
,292.09,1419,292.09,21,292.10,22.7,292.10,22.25,,,,,,,,,,,,,,,,,
,292.28,1426,292.28,21,292.29,23.1,292.29,22.09,,,,,,,,,,,,,,,,,
,292.47,1441,292.47,21,292.48,23.1,292.48,22.81,,,,,,,,,,,,,,,,,
,292.67,1451,292.68,22,292.68,23.1,292.68,21.94,,,,,,,,,,,,,,,,,
,292.87,1463,292.88,22,292.88,23.1,292.88,20.94,,,,,,,,,,,,,,,,,
,293.06,1475,293.06,22,293.06,23.5,293.07,20.22,,,,,,,,,,,,,,,,,
,293.25,1479,293.25,22,293.25,23.5,293.25,18.41,,,,,,,,,,,,,,,,,
,293.45,1506,293.45,23,293.46,23.9,293.46,17.75,,,,,,,,,,,,,,,,,
,293.65,1513,293.65,23,293.66,23.9,293.66,14.88,,,,,,,,,,,,,,,,,
,293.84,1485,293.84,23,293.85,23.9,293.85,15.00,,,,,,,,,,,,,,,,,
,294.03,1512,294.04,23,294.04,23.9,294.04,17.25,,,,,,,,,,,,,,,,,
,294.23,1520,294.23,23,294.24,24.7,294.24,22.13,,,,,,,,,,,,,,,,,
,294.43,1543,294.43,23,294.44,25.1,294.44,26.72,,,,,,,,,,,,,,,,,
,294.64,1530,294.64,23,294.64,26.3,294.64,27.97,,,,,,,,,,,,,,,,,
,294.84,1538,294.84,23,294.85,26.3,294.85,27.84,,,,,,,,,,,,,,,,,
,295.04,1577,295.04,24,295.05,26.3,295.05,26.31,,,,,,,,,,,,,,,,,
,295.24,1581,295.24,24,295.25,26.3,295.25,26.09,,,,,,,,,,,,,,,,,
,295.44,1597,295.44,24,295.45,26.3,295.45,25.59,,,,,,,,,,,,,,,,,
,295.65,1605,295.65,24,295.66,26.3,295.66,24.94,,,,,,,,,,,,,,,,,
,295.85,1608,295.85,25,295.86,26.3,295.86,24.69,,,,,,,,,,,,,,,,,
,296.05,1628,296.05,25,296.06,26.3,296.06,24.22,,,,,,,,,,,,,,,,,
,296.25,1637,296.25,25,296.26,26.3,296.26,24.19,,,,,,,,,,,,,,,,,
,296.45,1644,296.45,25,296.46,26.3,296.46,24.81,,,,,,,,,,,,,,,,,
,296.65,1654,296.65,25,296.66,26.3,296.66,25.06,,,,,,,,,,,,,,,,,
,296.85,1663,296.85,25,296.86,26.3,296.86,24.84,,,,,,,,,,,,,,,,,
,297.05,1670,297.05,25,297.06,26.3,297.06,25.47,,,,,,,,,,,,,,,,,
,297.25,1675,297.25,25,297.25,26.3,297.25,25.47,,,,,,,,,,,,,,,,,
,297.45,1691,297.45,25,297.45,26.3,297.46,25.06,,,,,,,,,,,,,,,,,
,297.65,1700,297.65,26,297.66,27.1,297.66,26.03,,,,,,,,,,,,,,,,,
,297.85,1701,297.85,26,297.86,27.5,297.86,26.94,,,,,,,,,,,,,,,,,
,298.05,1716,298.05,26,298.06,27.5,298.06,26.84,,,,,,,,,,,,,,,,,
,298.25,1736,298.25,26,298.26,27.5,298.26,26.00,,,,,,,,,,,,,,,,,
,298.45,1734,298.45,26,298.46,27.5,298.46,26.38,,,,,,,,,,,,,,,,,
,298.65,1750,298.65,26,298.65,27.5,298.65,25.72,,,,,,,,,,,,,,,,,
,298.84,1745,298.84,26,298.84,27.5,298.84,25.50,,,,,,,,,,,,,,,,,
,299.03,1755,299.04,26,299.04,27.5,299.04,25.78,,,,,,,,,,,,,,,,,
,299.23,1761,299.24,26,299.24,27.5,299.24,25.47,,,,,,,,,,,,,,,,,
,299.42,1767,299.42,27,299.42,27.5,299.42,25.63,,,,,,,,,,,,,,,,,
,299.61,1773,299.61,27,299.62,27.5,299.62,25.63,,,,,,,,,,,,,,,,,
,299.81,1758,299.81,27,299.82,27.5,299.82,26.06,,,,,,,,,,,,,,,,,
,300.00,1769,300.00,27,300.01,27.5,300.01,25.81,,,,,,,,,,,,,,,,,
,300.20,1806,300.20,27,300.21,27.5,300.21,25.09,,,,,,,,,,,,,,,,,
,300.40,1766,300.40,27,300.41,27.5,300.41,25.69,,,,,,,,,,,,,,,,,
,300.59,1791,300.59,27,300.59,27.5,300.60,25.41,,,,,,,,,,,,,,,,,
,300.79,1800,300.80,27,300.80,27.5,300.80,25.75,,,,,,,,,,,,,,,,,
,300.99,1805,300.99,27,301.00,27.5,301.00,25.31,,,,,,,,,,,,,,,,,
,301.18,1814,301.18,27,301.19,27.5,301.19,25.22,,,,,,,,,,,,,,,,,
,301.38,1822,301.38,27,301.38,27.5,301.38,25.13,,,,,,,,,,,,,,,,,
,301.56,1833,301.56,27,301.56,27.5,301.56,24.72,,,,,,,,,,,,,,,,,
,301.75,1853,301.75,28,301.76,27.5,301.76,23.94,,,,,,,,,,,,,,,,,
,301.95,1847,301.95,28,301.96,27.5,301.96,22.59,,,,,,,,,,,,,,,,,
,302.17,1857,302.17,28,302.17,27.5,302.17,22.72,,,,,,,,,,,,,,,,,
,302.37,1871,302.37,28,302.38,27.5,302.38,23.22,,,,,,,,,,,,,,,,,
,302.57,1882,302.57,28,302.58,27.5,302.58,21.59,,,,,,,,,,,,,,,,,
,302.77,1891,302.77,28,302.77,27.5,302.78,21.88,,,,,,,,,,,,,,,,,
,302.98,1895,302.98,29,302.99,27.5,302.99,22.03,,,,,,,,,,,,,,,,,
,303.19,1907,303.19,29,303.20,27.5,303.20,22.63,,,,,,,,,,,,,,,,,
,303.41,1912,303.41,29,303.41,27.5,303.41,22.13,,,,,,,,,,,,,,,,,
,303.60,1925,303.60,29,303.61,27.5,303.61,20.41,,,,,,,,,,,,,,,,,
,303.80,1933,303.80,29,303.81,27.5,303.81,20.16,,,,,,,,,,,,,,,,,
,304.01,1937,304.01,29,304.02,27.5,304.02,20.94,,,,,,,,,,,,,,,,,
,304.21,1945,304.21,29,304.22,27.5,304.22,19.69,,,,,,,,,,,,,,,,,
,304.42,1952,304.42,29,304.43,27.5,304.43,19.84,,,,,,,,,,,,,,,,,
,304.61,1953,304.62,29,304.62,27.1,304.62,20.72,,,,,,,,,,,,,,,,,
,304.82,1970,304.82,30,304.83,26.3,304.83,16.47,,,,,,,,,,,,,,,,,
,305.02,1974,305.02,30,305.03,25.9,305.03,15.09,,,,,,,,,,,,,,,,,
,305.22,1965,305.22,30,305.23,25.1,305.23,17.44,,,,,,,,,,,,,,,,,
,305.43,1980,305.44,30,305.44,25.1,305.44,12.09,,,,,,,,,,,,,,,,,
,305.63,1986,305.64,30,305.64,25.1,305.64,15.88,,,,,,,,,,,,,,,,,
,305.83,1989,305.83,31,305.84,25.1,305.84,14.66,,,,,,,,,,,,,,,,,
,306.03,1975,306.03,30,306.04,25.1,306.04,17.06,,,,,,,,,,,,,,,,,
,306.24,1985,306.24,30,306.25,25.1,306.25,14.44,,,,,,,,,,,,,,,,,
,306.44,1994,306.45,30,306.45,25.1,306.45,16.81,,,,,,,,,,,,,,,,,
,306.65,1985,306.65,30,306.65,25.1,306.65,15.59,,,,,,,,,,,,,,,,,
,306.84,1988,306.84,30,306.85,25.1,306.85,17.53,,,,,,,,,,,,,,,,,
,307.03,1995,307.04,30,307.04,25.1,307.04,15.22,,,,,,,,,,,,,,,,,
,307.23,1994,307.24,30,307.24,25.1,307.24,19.00,,,,,,,,,,,,,,,,,
,307.43,1998,307.43,30,307.44,25.1,307.44,15.22,,,,,,,,,,,,,,,,,
,307.63,2006,307.64,30,307.64,25.1,307.64,14.44,,,,,,,,,,,,,,,,,
,307.84,2009,307.84,30,307.85,25.1,307.85,13.13,,,,,,,,,,,,,,,,,
,308.04,1996,308.04,30,308.05,25.1,308.05,17.72,,,,,,,,,,,,,,,,,
,308.24,1976,308.24,30,308.25,25.5,308.25,19.72,,,,,,,,,,,,,,,,,
,308.44,1987,308.44,30,308.45,26.3,308.45,15.00,,,,,,,,,,,,,,,,,
,308.65,2008,308.66,30,308.66,26.3,308.66,16.50,,,,,,,,,,,,,,,,,
,308.85,1975,308.85,30,308.86,26.3,308.86,27.13,,,,,,,,,,,,,,,,,
,309.05,1997,309.05,30,309.06,26.3,309.06,18.03,,,,,,,,,,,,,,,,,
,309.25,2004,309.25,30,309.26,26.3,309.26,20.41,,,,,,,,,,,,,,,,,
,309.44,2013,309.44,30,309.45,26.3,309.45,17.34,,,,,,,,,,,,,,,,,
,309.65,2015,309.65,30,309.66,25.9,309.66,19.72,,,,,,,,,,,,,,,,,
,309.84,2021,309.85,30,309.85,25.9,309.85,18.38,,,,,,,,,,,,,,,,,
,310.03,2030,310.03,30,310.03,25.9,310.03,17.13,,,,,,,,,,,,,,,,,
,310.21,2032,310.21,31,310.22,25.9,310.22,17.44,,,,,,,,,,,,,,,,,
,310.41,2031,310.41,31,310.42,25.9,310.42,21.28,,,,,,,,,,,,,,,,,
,310.59,2039,310.59,31,310.60,25.9,310.60,16.91,,,,,,,,,,,,,,,,,
,310.78,2050,310.78,31,310.79,25.9,310.79,17.31,,,,,,,,,,,,,,,,,
,310.98,2050,310.98,31,310.99,25.9,310.99,17.47,,,,,,,,,,,,,,,,,
,311.17,2059,311.17,31,311.18,25.5,311.18,15.19,,,,,,,,,,,,,,,,,
,311.37,2062,311.38,31,311.38,24.7,311.38,14.44,,,,,,,,,,,,,,,,,
,311.57,2063,311.58,31,311.58,24.7,311.58,15.88,,,,,,,,,,,,,,,,,
,311.77,2068,311.78,31,311.78,24.3,311.78,14.97,,,,,,,,,,,,,,,,,
,311.97,2067,311.97,31,311.97,24.3,311.97,17.31,,,,,,,,,,,,,,,,,
,312.19,2077,312.20,31,312.20,24.3,312.20,16.00,,,,,,,,,,,,,,,,,
,312.39,2082,312.40,31,312.40,24.3,312.40,15.34,,,,,,,,,,,,,,,,,
,312.58,2086,312.58,31,312.58,24.3,312.59,14.72,,,,,,,,,,,,,,,,,
,312.79,2088,312.79,31,312.79,24.3,312.79,16.06,,,,,,,,,,,,,,,,,
,312.99,2091,312.99,32,313.00,24.3,313.00,15.50,,,,,,,,,,,,,,,,,
,313.19,2103,313.19,32,313.20,24.3,313.20,13.91,,,,,,,,,,,,,,,,,
,313.40,2103,313.40,32,313.40,23.9,313.40,14.84,,,,,,,,,,,,,,,,,
,313.59,2105,313.59,32,313.59,23.9,313.59,10.25,,,,,,,,,,,,,,,,,
,313.78,2095,313.78,32,313.78,23.9,313.79,14.25,,,,,,,,,,,,,,,,,
,313.98,2103,313.98,31,313.99,23.9,313.99,14.44,,,,,,,,,,,,,,,,,
,314.18,2105,314.18,32,314.18,23.9,314.18,16.13,,,,,,,,,,,,,,,,,
,314.37,2097,314.37,31,314.37,23.9,314.37,16.97,,,,,,,,,,,,,,,,,
,314.56,2107,314.56,32,314.56,23.9,314.57,11.75,,,,,,,,,,,,,,,,,
,314.76,2105,314.76,32,314.77,23.9,314.77,14.50,,,,,,,,,,,,,,,,,
,314.95,2104,314.95,32,314.95,24.3,314.95,16.84,,,,,,,,,,,,,,,,,
,315.14,2106,315.15,32,315.15,24.3,315.15,16.38,,,,,,,,,,,,,,,,,
,315.34,2110,315.35,32,315.35,24.3,315.35,14.59,,,,,,,,,,,,,,,,,
,315.55,2107,315.56,32,315.56,24.7,315.56,15.75,,,,,,,,,,,,,,,,,
,315.76,2104,315.76,32,315.77,25.1,315.77,16.63,,,,,,,,,,,,,,,,,
,315.96,2108,315.97,32,315.97,25.1,315.97,16.91,,,,,,,,,,,,,,,,,
,316.17,2098,316.17,32,316.17,25.5,316.17,16.34,,,,,,,,,,,,,,,,,
,316.36,2110,316.36,31,316.36,25.9,316.36,14.50,,,,,,,,,,,,,,,,,
,316.57,2088,316.58,31,316.58,25.9,316.58,20.50,,,,,,,,,,,,,,,,,
,316.77,2091,316.77,32,316.78,25.9,316.78,14.09,,,,,,,,,,,,,,,,,
,316.97,2095,316.97,31,316.98,26.3,316.98,19.44,,,,,,,,,,,,,,,,,
,317.18,2082,317.18,31,317.19,26.3,317.19,18.38,,,,,,,,,,,,,,,,,
,317.38,2101,317.38,32,317.39,26.3,317.39,17.75,,,,,,,,,,,,,,,,,
,317.58,2103,317.58,31,317.58,26.3,317.58,21.53,,,,,,,,,,,,,,,,,
,317.78,2119,317.78,32,317.78,26.3,317.78,15.66,,,,,,,,,,,,,,,,,
,317.98,2133,317.99,32,317.99,26.7,317.99,18.28,,,,,,,,,,,,,,,,,
,318.17,2105,318.18,32,318.18,26.7,318.18,19.38,,,,,,,,,,,,,,,,,
,318.37,2126,318.37,32,318.37,26.7,318.37,17.31,,,,,,,,,,,,,,,,,
,318.56,2119,318.56,32,318.57,26.7,318.57,21.31,,,,,,,,,,,,,,,,,
,318.78,2141,318.79,32,318.79,26.7,318.79,17.53,,,,,,,,,,,,,,,,,
,318.99,2126,318.99,32,318.99,26.7,318.99,19.75,,,,,,,,,,,,,,,,,
,319.20,2146,319.21,32,319.21,26.7,319.21,17.69,,,,,,,,,,,,,,,,,
,319.40,2138,319.41,32,319.41,26.7,319.41,19.00,,,,,,,,,,,,,,,,,
,319.60,2155,319.60,32,319.60,26.7,319.61,16.72,,,,,,,,,,,,,,,,,
,319.80,2147,319.80,32,319.81,26.7,319.81,19.53,,,,,,,,,,,,,,,,,
,320.00,2158,320.01,33,320.01,26.7,320.01,17.81,,,,,,,,,,,,,,,,,
,320.21,2147,320.22,32,320.22,26.7,320.22,20.06,,,,,,,,,,,,,,,,,
,320.42,2161,320.42,33,320.43,26.7,320.43,15.00,,,,,,,,,,,,,,,,,
,320.61,2153,320.61,33,320.61,26.7,320.61,20.53,,,,,,,,,,,,,,,,,
,320.80,2165,320.80,33,320.81,26.7,320.81,18.00,,,,,,,,,,,,,,,,,
,321.00,2164,321.01,33,321.01,26.7,321.01,19.78,,,,,,,,,,,,,,,,,
,321.21,2160,321.21,32,321.22,26.7,321.22,19.44,,,,,,,,,,,,,,,,,
,321.42,2166,321.42,33,321.43,26.7,321.43,14.69,,,,,,,,,,,,,,,,,
,321.61,2162,321.61,32,321.62,26.7,321.62,23.34,,,,,,,,,,,,,,,,,
,321.81,2154,321.81,32,321.81,26.7,321.81,14.59,,,,,,,,,,,,,,,,,
,322.00,2173,322.01,33,322.01,26.7,322.01,17.19,,,,,,,,,,,,,,,,,
,322.21,2141,322.22,32,322.22,26.7,322.22,25.03,,,,,,,,,,,,,,,,,
,322.42,2169,322.42,33,322.42,26.7,322.42,13.56,,,,,,,,,,,,,,,,,
,322.61,2150,322.61,33,322.62,26.7,322.62,20.94,,,,,,,,,,,,,,,,,
,322.81,2175,322.82,33,322.82,26.7,322.82,17.28,,,,,,,,,,,,,,,,,
,323.02,2157,323.03,32,323.03,26.7,323.03,18.28,,,,,,,,,,,,,,,,,
,323.22,2168,323.22,33,323.23,26.7,323.23,16.88,,,,,,,,,,,,,,,,,
,323.43,2168,323.43,33,323.43,26.7,323.43,20.69,,,,,,,,,,,,,,,,,
,323.63,2165,323.63,33,323.64,26.7,323.64,15.56,,,,,,,,,,,,,,,,,
,323.83,2179,323.84,33,323.84,26.7,323.84,18.63,,,,,,,,,,,,,,,,,
,324.03,2170,324.03,32,324.04,26.7,324.04,21.16,,,,,,,,,,,,,,,,,
,324.22,2176,324.22,33,324.23,26.7,324.23,14.50,,,,,,,,,,,,,,,,,
,324.43,2179,324.43,33,324.44,26.7,324.44,19.22,,,,,,,,,,,,,,,,,
,324.63,2183,324.63,33,324.64,26.7,324.64,19.88,,,,,,,,,,,,,,,,,
,324.83,2187,324.83,33,324.84,26.7,324.84,15.97,,,,,,,,,,,,,,,,,
,325.03,2194,325.03,33,325.04,26.7,325.04,18.59,,,,,,,,,,,,,,,,,
,325.22,2178,325.22,33,325.23,26.3,325.23,17.63,,,,,,,,,,,,,,,,,
,325.43,2197,325.44,33,325.44,26.3,325.44,19.97,,,,,,,,,,,,,,,,,
,325.62,2177,325.62,33,325.63,25.1,325.63,17.69,,,,,,,,,,,,,,,,,
,325.81,2198,325.81,33,325.82,25.1,325.82,14.03,,,,,,,,,,,,,,,,,
,325.99,2213,326.00,33,326.00,25.1,326.00,17.78,,,,,,,,,,,,,,,,,
,326.18,2197,326.19,33,326.19,25.1,326.19,16.59,,,,,,,,,,,,,,,,,
,326.38,2199,326.38,33,326.38,25.1,326.38,17.00,,,,,,,,,,,,,,,,,
,326.59,2208,326.60,33,326.60,25.1,326.60,14.91,,,,,,,,,,,,,,,,,
,326.81,2210,326.81,33,326.82,25.1,326.82,17.19,,,,,,,,,,,,,,,,,
,327.01,2207,327.02,33,327.02,25.1,327.02,16.31,,,,,,,,,,,,,,,,,
,327.23,2213,327.23,33,327.24,25.1,327.24,16.22,,,,,,,,,,,,,,,,,
,327.44,2211,327.44,33,327.44,25.1,327.44,17.06,,,,,,,,,,,,,,,,,
,327.63,2221,327.63,33,327.63,25.1,327.63,16.94,,,,,,,,,,,,,,,,,
,327.83,2229,327.83,33,327.83,25.1,327.83,15.50,,,,,,,,,,,,,,,,,
,328.04,2231,328.05,34,328.05,24.7,328.05,16.13,,,,,,,,,,,,,,,,,
,328.24,2229,328.24,34,328.25,24.3,328.25,16.38,,,,,,,,,,,,,,,,,
,328.44,2247,328.45,34,328.45,23.5,328.45,10.88,,,,,,,,,,,,,,,,,
,328.65,2238,328.65,34,328.65,22.7,328.65,12.47,,,,,,,,,,,,,,,,,
,328.85,2231,328.85,34,328.86,22.7,328.86,11.94,,,,,,,,,,,,,,,,,
,329.05,2244,329.05,33,329.06,22.7,329.06,12.78,,,,,,,,,,,,,,,,,
,329.26,2235,329.27,34,329.27,22.7,329.27,14.19,,,,,,,,,,,,,,,,,
,329.46,2230,329.47,34,329.47,22.4,329.47,11.88,,,,,,,,,,,,,,,,,
,329.67,2234,329.67,34,329.68,22.4,329.68,9.56,,,,,,,,,,,,,,,,,
,329.86,2240,329.87,33,329.87,22.4,329.87,12.63,,,,,,,,,,,,,,,,,
,330.07,2222,330.08,34,330.08,22.4,330.08,13.63,,,,,,,,,,,,,,,,,
,330.28,2228,330.28,34,330.28,22.4,330.28,9.84,,,,,,,,,,,,,,,,,
,330.47,2238,330.48,34,330.48,22.4,330.48,11.41,,,,,,,,,,,,,,,,,
,330.68,2228,330.69,34,330.69,22.4,330.69,13.38,,,,,,,,,,,,,,,,,
,330.87,2223,330.87,34,330.87,22.4,330.88,11.41,,,,,,,,,,,,,,,,,
,331.06,2228,331.06,34,331.07,22.4,331.07,9.34,,,,,,,,,,,,,,,,,
,331.25,2234,331.26,34,331.26,22.4,331.26,12.75,,,,,,,,,,,,,,,,,
,331.45,2227,331.46,34,331.46,22.4,331.46,9.81,,,,,,,,,,,,,,,,,
,331.66,2210,331.66,33,331.66,22.4,331.66,10.53,,,,,,,,,,,,,,,,,
,331.84,2217,331.85,33,331.85,22.4,331.85,10.06,,,,,,,,,,,,,,,,,
,332.04,2190,332.05,33,332.05,22.4,332.05,19.38,,,,,,,,,,,,,,,,,
,332.23,2180,332.23,33,332.23,22.4,332.23,13.06,,,,,,,,,,,,,,,,,
,332.43,2191,332.43,33,332.44,22.4,332.44,9.41,,,,,,,,,,,,,,,,,
,332.65,2203,332.65,33,332.66,22.4,332.66,11.59,,,,,,,,,,,,,,,,,
,332.85,2196,332.86,33,332.86,22.4,332.86,15.41,,,,,,,,,,,,,,,,,
,333.06,2161,333.06,33,333.07,22.4,333.07,14.75,,,,,,,,,,,,,,,,,
,333.26,2177,333.27,33,333.27,22.4,333.27,8.56,,,,,,,,,,,,,,,,,
,333.46,2193,333.47,33,333.47,22.4,333.47,9.94,,,,,,,,,,,,,,,,,
,333.67,2204,333.67,33,333.67,22.4,333.67,14.28,,,,,,,,,,,,,,,,,
,333.87,2170,333.87,33,333.88,22.4,333.88,13.34,,,,,,,,,,,,,,,,,
,334.07,2162,334.07,33,334.07,22.4,334.07,9.59,,,,,,,,,,,,,,,,,
,334.27,2167,334.27,33,334.28,22.4,334.28,11.53,,,,,,,,,,,,,,,,,
,334.47,2167,334.48,33,334.48,20.8,334.48,6.81,,,,,,,,,,,,,,,,,
,334.68,2106,334.69,33,334.69,17.6,334.69,6.75,,,,,,,,,,,,,,,,,
,334.88,2146,334.89,32,334.89,14.5,334.89,0.00,,,,,,,,,,,,,,,,,
,335.08,2051,335.09,32,335.09,14.5,335.09,0.00,,,,,,,,,,,,,,,,,
,335.28,2062,335.29,31,335.29,14.5,335.29,0.00,,,,,,,,,,,,,,,,,
,335.48,2057,335.49,31,335.49,14.5,335.49,0.00,,,,,,,,,,,,,,,,,
,335.67,1997,335.68,30,335.68,14.5,335.68,0.00,,,,,,,,,,,,,,,,,
,335.87,1960,335.87,30,335.87,14.5,335.88,0.00,,,,,,,,,,,,,,,,,
,336.06,1943,336.07,29,336.07,14.5,336.07,0.00,,,,,,,,,,,,,,,,,
,336.26,1923,336.27,29,336.27,14.5,336.27,0.00,,,,,,,,,,,,,,,,,
,336.47,1880,336.48,28,336.48,14.5,336.48,0.00,,,,,,,,,,,,,,,,,
,336.67,1856,336.67,28,336.68,14.5,336.68,0.00,,,,,,,,,,,,,,,,,
,336.87,1830,336.87,28,336.87,14.5,336.88,0.00,,,,,,,,,,,,,,,,,
,337.07,1784,337.08,27,337.08,14.5,337.08,0.00,,,,,,,,,,,,,,,,,
,337.27,1750,337.27,27,337.28,14.5,337.28,0.00,,,,,,,,,,,,,,,,,
,337.48,1725,337.49,26,337.49,14.5,337.49,0.00,,,,,,,,,,,,,,,,,
,337.70,1675,337.70,25,337.71,14.5,337.71,0.00,,,,,,,,,,,,,,,,,
,337.92,1614,337.92,24,337.92,14.5,337.92,0.00,,,,,,,,,,,,,,,,,
,338.12,1556,338.13,24,338.13,14.5,338.13,0.00,,,,,,,,,,,,,,,,,
,338.33,1507,338.33,23,338.34,14.5,338.34,0.00,,,,,,,,,,,,,,,,,
,338.54,1241,338.55,22,338.55,14.5,338.55,0.00,,,,,,,,,,,,,,,,,
,338.74,1011,338.75,22,338.75,14.5,338.75,9.94,,,,,,,,,,,,,,,,,
,338.94,964,338.95,21,338.95,14.5,338.95,15.75,,,,,,,,,,,,,,,,,
,339.15,917,339.15,21,339.16,14.5,339.16,18.72,,,,,,,,,,,,,,,,,
,339.35,894,339.36,21,339.36,14.5,339.36,23.81,,,,,,,,,,,,,,,,,
,339.55,900,339.55,20,339.56,14.5,339.56,23.22,,,,,,,,,,,,,,,,,
,339.75,901,339.75,19,339.75,14.5,339.75,23.78,,,,,,,,,,,,,,,,,
,339.95,905,339.95,19,339.96,14.5,339.96,23.41,,,,,,,,,,,,,,,,,
,340.15,907,340.15,18,340.16,14.5,340.16,23.50,,,,,,,,,,,,,,,,,
,340.34,908,340.35,18,340.35,14.5,340.35,23.78,,,,,,,,,,,,,,,,,
,340.54,910,340.54,17,340.55,14.5,340.55,24.00,,,,,,,,,,,,,,,,,
,340.73,908,340.73,17,340.73,14.5,340.74,24.69,,,,,,,,,,,,,,,,,
,340.93,910,340.94,17,340.94,14.5,340.94,24.75,,,,,,,,,,,,,,,,,
,341.12,915,341.13,17,341.13,14.5,341.13,24.22,,,,,,,,,,,,,,,,,
,341.33,917,341.33,17,341.33,14.5,341.33,23.56,,,,,,,,,,,,,,,,,
,341.53,938,341.53,16,341.54,21.6,341.54,52.81,,,,,,,,,,,,,,,,,
,341.71,1212,341.72,16,341.72,24.7,341.72,49.59,,,,,,,,,,,,,,,,,
,341.91,1385,341.91,17,341.92,26.3,341.92,52.19,,,,,,,,,,,,,,,,,
,342.09,1430,342.09,17,342.09,29.8,342.09,56.84,,,,,,,,,,,,,,,,,
,342.29,1322,342.30,18,342.30,32.9,342.30,74.00,,,,,,,,,,,,,,,,,
,342.49,1167,342.49,18,342.50,34.1,342.50,81.00,,,,,,,,,,,,,,,,,
,342.70,1227,342.70,18,342.71,35.3,342.71,88.06,,,,,,,,,,,,,,,,,
,342.93,1290,342.93,19,342.93,35.7,342.93,93.81,,,,,,,,,,,,,,,,,
,343.13,1339,343.13,20,343.14,36.1,343.14,92.19,,,,,,,,,,,,,,,,,
,343.34,1368,343.35,20,343.35,36.9,343.35,93.81,,,,,,,,,,,,,,,,,
,343.56,1397,343.57,21,343.57,37.3,343.57,94.91,,,,,,,,,,,,,,,,,
,343.77,1410,343.77,21,343.77,37.6,343.77,94.75,,,,,,,,,,,,,,,,,
,343.98,1450,343.99,22,343.99,37.6,343.99,92.31,,,,,,,,,,,,,,,,,
,344.20,1501,344.21,23,344.21,37.6,344.21,95.47,,,,,,,,,,,,,,,,,
,344.42,1554,344.42,23,344.43,37.6,344.43,88.41,,,,,,,,,,,,,,,,,
,344.61,1600,344.61,24,344.62,37.6,344.62,86.09,,,,,,,,,,,,,,,,,
,344.82,1637,344.83,25,344.83,37.6,344.83,81.69,,,,,,,,,,,,,,,,,
,345.02,1666,345.03,25,345.03,37.6,345.03,85.34,,,,,,,,,,,,,,,,,
,345.22,1706,345.23,26,345.23,37.6,345.23,82.72,,,,,,,,,,,,,,,,,
,345.43,1752,345.43,26,345.44,37.3,345.44,75.75,,,,,,,,,,,,,,,,,
,345.63,1782,345.63,27,345.64,34.9,345.64,63.81,,,,,,,,,,,,,,,,,
,345.83,1806,345.83,27,345.84,34.1,345.84,53.84,,,,,,,,,,,,,,,,,
,346.03,1836,346.03,28,346.04,32.5,346.04,48.78,,,,,,,,,,,,,,,,,
,346.24,1858,346.25,28,346.25,31.4,346.25,38.41,,,,,,,,,,,,,,,,,
,346.44,1881,346.45,28,346.45,30.2,346.45,32.56,,,,,,,,,,,,,,,,,
,346.65,1894,346.65,29,346.66,30.2,346.66,27.31,,,,,,,,,,,,,,,,,
,346.85,1914,346.86,29,346.86,29.8,346.86,26.63,,,,,,,,,,,,,,,,,
,347.05,1922,347.05,29,347.06,29.0,347.06,26.41,,,,,,,,,,,,,,,,,
,347.26,1939,347.26,29,347.27,29.0,347.27,22.44,,,,,,,,,,,,,,,,,
,347.46,1941,347.47,29,347.47,28.6,347.47,23.94,,,,,,,,,,,,,,,,,
,347.67,1964,347.67,30,347.68,28.2,347.68,20.13,,,,,,,,,,,,,,,,,
,347.87,1959,347.88,29,347.88,27.5,347.88,22.63,,,,,,,,,,,,,,,,,
,348.08,1972,348.08,30,348.09,26.7,348.09,15.84,,,,,,,,,,,,,,,,,
,348.29,1972,348.29,30,348.30,26.7,348.30,21.16,,,,,,,,,,,,,,,,,
,348.49,1990,348.49,30,348.50,26.7,348.50,16.56,,,,,,,,,,,,,,,,,
,348.69,1994,348.69,30,348.70,26.3,348.70,15.38,,,,,,,,,,,,,,,,,
,348.89,1990,348.90,30,348.90,25.9,348.90,15.44,,,,,,,,,,,,,,,,,
,349.10,1992,349.11,30,349.11,25.9,349.11,13.81,,,,,,,,,,,,,,,,,
,349.30,2008,349.31,30,349.31,25.9,349.31,13.38,,,,,,,,,,,,,,,,,
,349.50,1990,349.51,30,349.51,25.9,349.51,21.78,,,,,,,,,,,,,,,,,
,349.70,1997,349.71,30,349.71,25.9,349.71,13.81,,,,,,,,,,,,,,,,,
,349.92,1989,349.92,30,349.92,25.9,349.92,20.31,,,,,,,,,,,,,,,,,
,350.11,1995,350.12,30,350.12,25.9,350.12,17.03,,,,,,,,,,,,,,,,,
,350.31,2000,350.31,30,350.32,25.9,350.32,17.69,,,,,,,,,,,,,,,,,
,350.50,1998,350.50,30,350.51,25.5,350.51,17.00,,,,,,,,,,,,,,,,,
,350.70,1999,350.70,30,350.71,25.5,350.71,18.53,,,,,,,,,,,,,,,,,
,350.89,2015,350.89,30,350.90,25.5,350.90,14.63,,,,,,,,,,,,,,,,,
,351.10,2011,351.10,30,351.10,25.5,351.10,16.72,,,,,,,,,,,,,,,,,
,351.29,2005,351.30,30,351.30,24.7,351.30,19.19,,,,,,,,,,,,,,,,,
,351.48,2023,351.49,30,351.49,23.9,351.49,9.03,,,,,,,,,,,,,,,,,
,351.68,1998,351.69,30,351.69,21.6,351.69,11.47,,,,,,,,,,,,,,,,,
,351.87,1977,351.87,30,351.87,20.0,351.88,6.56,,,,,,,,,,,,,,,,,
,352.06,1956,352.06,30,352.07,18.4,352.07,0.00,,,,,,,,,,,,,,,,,
,352.26,1970,352.26,30,352.26,17.6,352.27,0.00,,,,,,,,,,,,,,,,,
,352.46,1950,352.46,29,352.47,16.5,352.47,0.00,,,,,,,,,,,,,,,,,
,352.66,1908,352.66,29,352.67,14.5,352.67,0.00,,,,,,,,,,,,,,,,,
,352.84,1886,352.85,29,352.85,14.5,352.85,0.00,,,,,,,,,,,,,,,,,
,353.04,1874,353.05,28,353.05,14.5,353.05,0.00,,,,,,,,,,,,,,,,,
,353.24,1843,353.25,28,353.25,14.5,353.25,0.00,,,,,,,,,,,,,,,,,
,353.45,1815,353.45,27,353.46,14.5,353.46,0.00,,,,,,,,,,,,,,,,,
,353.68,1787,353.68,27,353.68,14.5,353.68,0.00,,,,,,,,,,,,,,,,,
,353.87,1766,353.87,27,353.88,14.5,353.88,0.00,,,,,,,,,,,,,,,,,
,354.08,1762,354.09,26,354.09,14.5,354.09,0.00,,,,,,,,,,,,,,,,,
,354.29,1731,354.29,26,354.30,14.5,354.30,0.00,,,,,,,,,,,,,,,,,
,354.49,1658,354.50,25,354.50,14.5,354.50,0.00,,,,,,,,,,,,,,,,,
,354.70,1623,354.70,24,354.71,14.5,354.71,0.00,,,,,,,,,,,,,,,,,
,354.89,1497,354.90,24,354.90,14.5,354.90,0.00,,,,,,,,,,,,,,,,,
,355.10,1218,355.10,23,355.11,14.5,355.11,0.00,,,,,,,,,,,,,,,,,
,355.30,998,355.30,21,355.31,14.5,355.31,14.69,,,,,,,,,,,,,,,,,
,355.50,949,355.50,20,355.51,14.5,355.51,15.22,,,,,,,,,,,,,,,,,
,355.70,911,355.70,19,355.71,14.5,355.71,18.38,,,,,,,,,,,,,,,,,
,355.89,894,355.90,17,355.90,14.5,355.90,22.88,,,,,,,,,,,,,,,,,
,356.09,903,356.10,16,356.10,14.5,356.10,21.78,,,,,,,,,,,,,,,,,
,356.29,902,356.29,14,356.30,14.5,356.30,22.50,,,,,,,,,,,,,,,,,
,356.48,905,356.49,13,356.49,14.5,356.49,22.53,,,,,,,,,,,,,,,,,
,356.69,907,356.69,11,356.70,14.5,356.70,22.69,,,,,,,,,,,,,,,,,
,356.89,910,356.89,10,356.90,14.5,356.90,22.75,,,,,,,,,,,,,,,,,
,357.09,910,357.09,8,357.09,14.5,357.09,22.91,,,,,,,,,,,,,,,,,
,357.28,912,357.28,7,357.29,14.5,357.29,22.84,,,,,,,,,,,,,,,,,
,357.48,912,357.48,6,357.48,14.5,357.48,23.41,,,,,,,,,,,,,,,,,
,357.68,914,357.69,5,357.69,14.5,357.69,23.06,,,,,,,,,,,,,,,,,
,357.88,916,357.88,4,357.89,14.5,357.89,21.81,,,,,,,,,,,,,,,,,
,358.09,912,358.09,4,358.10,14.5,358.10,23.28,,,,,,,,,,,,,,,,,
,358.29,915,358.29,4,358.29,14.5,358.29,22.94,,,,,,,,,,,,,,,,,
,358.49,909,358.49,4,358.49,14.5,358.49,24.72,,,,,,,,,,,,,,,,,
,358.70,900,358.70,4,358.71,14.5,358.71,27.34,,,,,,,,,,,,,,,,,
,358.90,891,358.90,4,358.90,19.2,358.90,36.78,,,,,,,,,,,,,,,,,
,359.10,959,359.10,4,359.11,25.1,359.11,55.47,,,,,,,,,,,,,,,,,
,359.30,1021,359.30,4,359.31,27.8,359.31,62.25,,,,,,,,,,,,,,,,,
,359.50,1023,359.50,5,359.51,30.2,359.51,77.50,,,,,,,,,,,,,,,,,
,359.71,1032,359.71,6,359.72,32.5,359.72,87.69,,,,,,,,,,,,,,,,,
,359.92,1039,359.92,7,359.92,33.3,359.93,91.34,,,,,,,,,,,,,,,,,
,360.11,1073,360.11,8,360.12,34.1,360.12,91.16,,,,,,,,,,,,,,,,,
,360.31,1241,360.32,9,360.32,38.0,360.32,103.28,,,,,,,,,,,,,,,,,
,360.52,1385,360.52,11,360.53,42.4,360.53,139.13,,,,,,,,,,,,,,,,,
,360.72,1548,360.72,12,360.73,46.7,360.73,159.59,,,,,,,,,,,,,,,,,
,360.93,1723,360.93,13,360.93,49.8,360.94,170.91,,,,,,,,,,,,,,,,,
,361.12,1932,361.12,15,361.13,49.8,361.13,163.94,,,,,,,,,,,,,,,,,
,361.31,2112,361.32,16,361.32,49.8,361.32,164.91,,,,,,,,,,,,,,,,,
,361.51,2312,361.51,18,361.52,49.8,361.52,158.47,,,,,,,,,,,,,,,,,
,361.70,2502,361.70,19,361.71,49.8,361.71,157.06,,,,,,,,,,,,,,,,,
,361.89,2696,361.90,21,361.90,49.8,361.90,156.44,,,,,,,,,,,,,,,,,
,362.09,2898,362.09,22,362.09,49.8,362.09,148.94,,,,,,,,,,,,,,,,,
,362.28,3111,362.28,24,362.28,49.8,362.28,148.84,,,,,,,,,,,,,,,,,
,362.48,3231,362.49,25,362.49,42.0,362.49,95.00,,,,,,,,,,,,,,,,,
,362.71,3336,362.71,26,362.72,32.2,362.72,18.78,,,,,,,,,,,,,,,,,
,362.90,3304,362.90,26,362.91,14.5,362.91,4.81,,,,,,,,,,,,,,,,,
,363.10,3061,363.10,26,363.11,14.5,363.11,0.00,,,,,,,,,,,,,,,,,
,363.30,2738,363.30,26,363.30,14.5,363.30,0.00,,,,,,,,,,,,,,,,,
,363.51,2272,363.51,26,363.51,21.2,363.51,11.84,,,,,,,,,,,,,,,,,
,363.72,1820,363.72,27,363.73,31.0,363.73,62.06,,,,,,,,,,,,,,,,,
,363.93,1830,363.93,27,363.93,40.4,363.93,107.69,,,,,,,,,,,,,,,,,
,364.13,1877,364.14,28,364.14,45.5,364.14,132.00,,,,,,,,,,,,,,,,,
,364.33,1936,364.34,29,364.34,46.7,364.34,135.91,,,,,,,,,,,,,,,,,
,364.54,1989,364.54,30,364.55,46.7,364.55,136.91,,,,,,,,,,,,,,,,,
,364.74,2052,364.74,31,364.75,45.5,364.75,131.41,,,,,,,,,,,,,,,,,
,364.95,2084,364.95,31,364.95,39.6,364.96,89.88,,,,,,,,,,,,,,,,,
,365.15,2131,365.15,32,365.15,36.5,365.16,64.28,,,,,,,,,,,,,,,,,
,365.35,2163,365.35,33,365.36,35.3,365.36,60.56,,,,,,,,,,,,,,,,,
,365.55,2191,365.55,33,365.56,34.9,365.56,57.41,,,,,,,,,,,,,,,,,
,365.76,2220,365.76,33,365.77,33.7,365.77,47.34,,,,,,,,,,,,,,,,,
,365.96,2229,365.96,34,365.97,32.9,365.97,44.88,,,,,,,,,,,,,,,,,
,366.16,2253,366.16,34,366.17,32.2,366.17,37.31,,,,,,,,,,,,,,,,,
,366.36,2263,366.36,34,366.37,31.4,366.37,35.69,,,,,,,,,,,,,,,,,
,366.56,2281,366.56,34,366.57,31.0,366.57,29.84,,,,,,,,,,,,,,,,,
,366.78,2290,366.78,34,366.78,31.0,366.78,29.56,,,,,,,,,,,,,,,,,
,366.98,2306,366.98,35,366.98,30.6,366.98,24.38,,,,,,,,,,,,,,,,,
,367.17,2308,367.18,35,367.18,30.2,367.18,22.09,,,,,,,,,,,,,,,,,
,367.37,2330,367.38,35,367.38,29.8,367.38,20.47,,,,,,,,,,,,,,,,,
,367.56,2333,367.57,35,367.57,29.4,367.57,22.41,,,,,,,,,,,,,,,,,
,367.78,2345,367.78,35,367.78,29.0,367.78,21.03,,,,,,,,,,,,,,,,,
,367.98,2345,367.99,35,367.99,28.6,367.99,18.06,,,,,,,,,,,,,,,,,
,368.19,2364,368.19,35,368.20,27.8,368.20,17.31,,,,,,,,,,,,,,,,,
,368.38,2363,368.39,36,368.39,27.1,368.39,18.75,,,,,,,,,,,,,,,,,
,368.59,2373,368.59,36,368.59,26.3,368.59,15.78,,,,,,,,,,,,,,,,,
,368.79,2375,368.79,36,368.80,25.5,368.80,15.56,,,,,,,,,,,,,,,,,
,368.99,2380,369.00,36,369.00,25.1,369.00,15.28,,,,,,,,,,,,,,,,,
,369.20,2384,369.20,36,369.21,24.7,369.21,14.16,,,,,,,,,,,,,,,,,
,369.39,2371,369.40,36,369.40,23.5,369.40,17.66,,,,,,,,,,,,,,,,,
,369.60,2379,369.60,36,369.61,22.7,369.61,11.25,,,,,,,,,,,,,,,,,
,369.80,2379,369.80,36,369.81,22.0,369.81,10.38,,,,,,,,,,,,,,,,,
,370.00,2368,370.00,36,370.01,20.8,370.01,3.75,,,,,,,,,,,,,,,,,
,370.21,2263,370.22,36,370.22,14.5,370.22,0.56,,,,,,,,,,,,,,,,,
,370.41,2013,370.41,35,370.41,14.5,370.41,0.00,,,,,,,,,,,,,,,,,
,370.61,1775,370.61,36,370.62,14.5,370.62,0.00,,,,,,,,,,,,,,,,,
,370.81,1533,370.82,36,370.82,14.5,370.82,0.00,,,,,,,,,,,,,,,,,
,371.02,1271,371.03,35,371.03,14.5,371.03,0.00,,,,,,,,,,,,,,,,,
,371.22,1048,371.22,35,371.23,14.5,371.23,4.84,,,,,,,,,,,,,,,,,
,371.43,959,371.43,35,371.43,14.5,371.44,13.28,,,,,,,,,,,,,,,,,
,371.62,919,371.62,35,371.63,14.5,371.63,15.69,,,,,,,,,,,,,,,,,
,371.81,896,371.82,35,371.82,14.5,371.82,20.03,,,,,,,,,,,,,,,,,
,372.02,902,372.02,34,372.03,14.5,372.03,20.22,,,,,,,,,,,,,,,,,
,372.22,923,372.22,35,372.23,14.5,372.23,15.31,,,,,,,,,,,,,,,,,
,372.43,900,372.43,35,372.43,14.5,372.43,20.00,,,,,,,,,,,,,,,,,
,372.62,903,372.62,34,372.63,14.5,372.63,20.94,,,,,,,,,,,,,,,,,
,372.81,907,372.82,33,372.82,14.5,372.82,20.41,,,,,,,,,,,,,,,,,
,373.01,908,373.02,33,373.02,14.5,373.02,20.72,,,,,,,,,,,,,,,,,
,373.21,911,373.22,31,373.22,14.5,373.22,20.75,,,,,,,,,,,,,,,,,
,373.40,912,373.40,30,373.41,14.5,373.41,20.94,,,,,,,,,,,,,,,,,
,373.59,912,373.60,29,373.60,14.5,373.60,21.31,,,,,,,,,,,,,,,,,
,373.79,912,373.79,27,373.80,14.5,373.80,21.69,,,,,,,,,,,,,,,,,
,373.98,911,373.99,25,373.99,14.5,373.99,21.22,,,,,,,,,,,,,,,,,
,374.18,909,374.19,23,374.19,14.5,374.19,22.16,,,,,,,,,,,,,,,,,
,374.38,912,374.38,21,374.38,14.5,374.38,22.19,,,,,,,,,,,,,,,,,
,374.59,912,374.60,19,374.60,14.5,374.60,22.75,,,,,,,,,,,,,,,,,
,374.81,912,374.81,17,374.82,14.5,374.82,23.41,,,,,,,,,,,,,,,,,
,375.01,916,375.01,16,375.01,14.5,375.01,22.94,,,,,,,,,,,,,,,,,
,375.21,918,375.21,15,375.22,14.5,375.22,22.91,,,,,,,,,,,,,,,,,
,375.41,918,375.41,13,375.42,14.5,375.42,23.06,,,,,,,,,,,,,,,,,
,375.62,918,375.62,12,375.63,14.5,375.63,23.09,,,,,,,,,,,,,,,,,
,375.82,917,375.82,11,375.83,14.5,375.83,23.28,,,,,,,,,,,,,,,,,
,376.02,917,376.02,11,376.03,14.5,376.03,23.47,,,,,,,,,,,,,,,,,
,376.23,917,376.23,10,376.24,14.5,376.24,23.84,,,,,,,,,,,,,,,,,
,376.43,915,376.43,10,376.44,14.5,376.44,24.25,,,,,,,,,,,,,,,,,
,376.63,918,376.63,10,376.64,14.5,376.64,24.09,,,,,,,,,,,,,,,,,
,376.83,919,376.84,10,376.84,14.5,376.84,23.72,,,,,,,,,,,,,,,,,
,377.04,921,377.04,9,377.05,14.5,377.05,23.53,,,,,,,,,,,,,,,,,
,377.24,922,377.25,9,377.25,14.5,377.25,23.34,,,,,,,,,,,,,,,,,
,377.45,919,377.45,9,377.46,14.5,377.46,23.72,,,,,,,,,,,,,,,,,
,377.64,920,377.65,8,377.65,14.5,377.65,23.72,,,,,,,,,,,,,,,,,
,377.85,919,377.86,8,377.86,14.5,377.86,23.72,,,,,,,,,,,,,,,,,
,378.05,919,378.05,8,378.06,14.5,378.06,23.91,,,,,,,,,,,,,,,,,
,378.25,918,378.26,8,378.26,14.5,378.26,23.91,,,,,,,,,,,,,,,,,
,378.46,919,378.46,8,378.47,14.5,378.47,23.94,,,,,,,,,,,,,,,,,
,378.66,917,378.66,8,378.67,14.5,378.67,24.44,,,,,,,,,,,,,,,,,
,378.86,917,378.86,8,378.86,14.5,378.86,24.44,,,,,,,,,,,,,,,,,
,379.06,918,379.06,7,379.06,14.5,379.06,24.59,,,,,,,,,,,,,,,,,
,379.25,917,379.25,7,379.26,14.5,379.26,24.72,,,,,,,,,,,,,,,,,
,379.46,923,379.46,7,379.47,14.5,379.47,23.84,,,,,,,,,,,,,,,,,
,379.65,924,379.66,7,379.66,14.5,379.66,23.47,,,,,,,,,,,,,,,,,
,379.84,921,379.84,7,379.85,14.5,379.85,23.75,,,,,,,,,,,,,,,,,
,380.03,922,380.03,7,380.04,14.5,380.04,23.56,,,,,,,,,,,,,,,,,
,380.24,922,380.24,7,380.25,14.5,380.25,23.66,,,,,,,,,,,,,,,,,
,380.45,924,380.46,6,380.46,14.5,380.46,23.25,,,,,,,,,,,,,,,,,
,380.65,924,380.66,6,380.66,14.5,380.66,22.88,,,,,,,,,,,,,,,,,
,380.85,923,380.86,6,380.86,14.5,380.86,22.88,,,,,,,,,,,,,,,,,
,381.05,922,381.05,6,381.06,14.5,381.06,23.06,,,,,,,,,,,,,,,,,
,381.26,922,381.26,6,381.26,14.5,381.26,23.06,,,,,,,,,,,,,,,,,
,381.46,920,381.46,5,381.47,14.5,381.47,23.63,,,,,,,,,,,,,,,,,
,381.66,920,381.66,5,381.67,16.5,381.67,23.44,,,,,,,,,,,,,,,,,
,381.86,867,381.86,5,381.87,18.4,381.87,49.53,,,,,,,,,,,,,,,,,
,382.08,873,382.08,6,382.08,20.4,382.08,55.38,,,,,,,,,,,,,,,,,
,382.28,878,382.28,6,382.28,22.4,382.28,56.94,,,,,,,,,,,,,,,,,
,382.48,909,382.48,7,382.49,23.9,382.49,58.59,,,,,,,,,,,,,,,,,
,382.68,988,382.68,8,382.68,26.3,382.68,61.03,,,,,,,,,,,,,,,,,
,382.88,1059,382.88,8,382.88,28.2,382.88,67.63,,,,,,,,,,,,,,,,,
,383.08,1140,383.08,9,383.09,29.0,383.09,68.00,,,,,,,,,,,,,,,,,
,383.29,1255,383.30,10,383.30,31.0,383.30,65.84,,,,,,,,,,,,,,,,,
,383.50,1345,383.50,10,383.50,32.2,383.50,73.97,,,,,,,,,,,,,,,,,
,383.71,1475,383.72,11,383.72,34.9,383.72,79.03,,,,,,,,,,,,,,,,,
,383.91,1576,383.92,12,383.92,35.3,383.92,72.97,,,,,,,,,,,,,,,,,
,384.11,1689,384.12,13,384.12,35.3,384.12,72.59,,,,,,,,,,,,,,,,,
,384.31,1771,384.31,14,384.32,35.3,384.32,69.41,,,,,,,,,,,,,,,,,
,384.52,1879,384.52,15,384.52,35.3,384.52,66.13,,,,,,,,,,,,,,,,,
,384.73,1952,384.73,15,384.74,34.9,384.74,53.16,,,,,,,,,,,,,,,,,
,384.92,1988,384.92,16,384.93,29.4,384.93,25.53,,,,,,,,,,,,,,,,,
,385.13,2053,385.14,16,385.14,25.5,385.14,10.94,,,,,,,,,,,,,,,,,
,385.33,1931,385.34,16,385.34,14.5,385.34,1.50,,,,,,,,,,,,,,,,,
,385.53,1698,385.53,16,385.54,14.5,385.54,0.00,,,,,,,,,,,,,,,,,
,385.74,1460,385.74,15,385.75,14.5,385.75,0.00,,,,,,,,,,,,,,,,,
,385.94,1200,385.94,15,385.95,14.5,385.95,0.00,,,,,,,,,,,,,,,,,
,386.14,1013,386.14,15,386.15,14.5,386.15,9.72,,,,,,,,,,,,,,,,,
,386.34,930,386.34,15,386.35,14.5,386.35,20.97,,,,,,,,,,,,,,,,,
,386.53,919,386.53,15,386.54,14.5,386.54,20.19,,,,,,,,,,,,,,,,,
,386.74,905,386.74,14,386.75,14.5,386.75,21.53,,,,,,,,,,,,,,,,,
,386.94,903,386.94,13,386.95,14.5,386.95,22.19,,,,,,,,,,,,,,,,,
,387.14,905,387.14,12,387.15,14.5,387.15,22.25,,,,,,,,,,,,,,,,,
,387.34,906,387.34,12,387.35,14.5,387.35,22.63,,,,,,,,,,,,,,,,,
,387.53,909,387.54,11,387.54,14.5,387.54,22.44,,,,,,,,,,,,,,,,,
,387.74,910,387.74,10,387.74,14.5,387.74,22.59,,,,,,,,,,,,,,,,,
,387.93,910,387.93,9,387.94,14.5,387.94,22.59,,,,,,,,,,,,,,,,,
,388.12,911,388.12,8,388.12,14.5,388.12,22.84,,,,,,,,,,,,,,,,,
,388.31,912,388.31,7,388.32,14.5,388.32,22.81,,,,,,,,,,,,,,,,,
,388.49,913,388.50,6,388.50,14.5,388.50,22.91,,,,,,,,,,,,,,,,,
,388.68,913,388.68,6,388.68,14.5,388.68,23.09,,,,,,,,,,,,,,,,,
,388.88,916,388.88,5,388.88,14.5,388.88,21.81,,,,,,,,,,,,,,,,,
,389.09,911,389.09,4,389.10,14.5,389.10,23.19,,,,,,,,,,,,,,,,,
,389.30,913,389.30,4,389.31,14.5,389.31,23.31,,,,,,,,,,,,,,,,,
,389.50,916,389.51,3,389.51,14.5,389.51,23.03,,,,,,,,,,,,,,,,,
,389.72,910,389.72,3,389.72,14.5,389.73,24.66,,,,,,,,,,,,,,,,,
,389.91,903,389.91,3,389.92,14.5,389.92,26.72,,,,,,,,,,,,,,,,,
,390.11,901,390.12,3,390.12,14.5,390.12,28.38,,,,,,,,,,,,,,,,,
,390.31,900,390.31,3,390.32,14.5,390.32,30.09,,,,,,,,,,,,,,,,,
,390.50,904,390.50,3,390.50,14.5,390.51,31.03,,,,,,,,,,,,,,,,,
,390.70,901,390.71,3,390.71,14.5,390.71,32.91,,,,,,,,,,,,,,,,,
,390.89,903,390.89,3,390.90,14.5,390.90,33.63,,,,,,,,,,,,,,,,,
,391.09,904,391.09,3,391.10,14.5,391.10,34.53,,,,,,,,,,,,,,,,,
,391.28,905,391.28,3,391.29,14.5,391.29,35.66,,,,,,,,,,,,,,,,,
,391.49,915,391.50,3,391.50,14.5,391.50,34.44,,,,,,,,,,,,,,,,,
,391.68,935,391.68,3,391.69,14.5,391.69,30.53,,,,,,,,,,,,,,,,,
,391.88,967,391.88,3,391.88,14.5,391.88,14.97,,,,,,,,,,,,,,,,,
,392.09,903,392.10,3,392.10,14.5,392.10,21.72,,,,,,,,,,,,,,,,,
,392.29,900,392.30,2,392.30,14.5,392.30,24.56,,,,,,,,,,,,,,,,,
,392.50,907,392.50,2,392.51,14.5,392.51,24.22,,,,,,,,,,,,,,,,,
,392.72,909,392.72,2,392.72,14.5,392.72,24.84,,,,,,,,,,,,,,,,,
,392.91,915,392.92,2,392.92,14.5,392.92,24.06,,,,,,,,,,,,,,,,,
,393.12,921,393.12,2,393.13,14.5,393.13,22.91,,,,,,,,,,,,,,,,,
,393.32,915,393.32,1,393.33,14.5,393.33,24.31,,,,,,,,,,,,,,,,,
,393.52,909,393.52,1,393.53,14.5,393.53,26.09,,,,,,,,,,,,,,,,,
,393.73,912,393.73,1,393.73,14.5,393.73,26.19,,,,,,,,,,,,,,,,,
,393.93,910,393.93,1,393.94,14.5,393.94,27.25,,,,,,,,,,,,,,,,,
,394.13,911,394.13,1,394.14,14.5,394.14,27.69,,,,,,,,,,,,,,,,,
,394.33,910,394.33,1,394.33,14.5,394.33,28.31,,,,,,,,,,,,,,,,,
,394.53,916,394.53,1,394.53,14.5,394.53,27.59,,,,,,,,,,,,,,,,,
,394.74,921,394.74,1,394.75,14.9,394.75,26.88,,,,,,,,,,,,,,,,,
,394.94,897,394.94,1,394.95,15.3,394.95,32.22,,,,,,,,,,,,,,,,,
,395.14,904,395.14,1,395.15,23.1,395.15,95.16,,,,,,,,,,,,,,,,,
,395.35,1204,395.36,1,395.36,27.5,395.36,106.75,,,,,,,,,,,,,,,,,
,395.56,1457,395.56,2,395.56,27.8,395.56,133.69,,,,,,,,,,,,,,,,,
,395.75,1546,395.75,3,395.75,27.5,395.76,104.47,,,,,,,,,,,,,,,,,
,395.95,1551,395.95,5,395.96,27.5,395.96,91.53,,,,,,,,,,,,,,,,,
,396.14,1532,396.14,6,396.15,27.5,396.15,95.03,,,,,,,,,,,,,,,,,
,396.34,1521,396.35,8,396.35,27.8,396.35,101.22,,,,,,,,,,,,,,,,,
,396.53,1515,396.53,9,396.54,27.5,396.54,115.44,,,,,,,,,,,,,,,,,
,396.74,1516,396.74,10,396.75,27.8,396.75,116.88,,,,,,,,,,,,,,,,,
,396.94,1522,396.94,12,396.95,27.8,396.95,117.78,,,,,,,,,,,,,,,,,
,397.14,1652,397.15,13,397.15,28.2,397.15,71.63,,,,,,,,,,,,,,,,,
,397.34,1828,397.34,14,397.35,38.4,397.35,106.16,,,,,,,,,,,,,,,,,
,397.53,1885,397.54,15,397.54,38.4,397.54,92.75,,,,,,,,,,,,,,,,,
,397.74,2032,397.74,16,397.75,40.8,397.75,90.38,,,,,,,,,,,,,,,,,
,397.93,2126,397.94,16,397.94,40.8,397.94,93.84,,,,,,,,,,,,,,,,,
,398.12,2223,398.12,17,398.12,40.8,398.13,91.25,,,,,,,,,,,,,,,,,
,398.31,2340,398.32,18,398.32,40.8,398.32,86.22,,,,,,,,,,,,,,,,,
,398.51,2363,398.52,19,398.52,34.5,398.52,29.84,,,,,,,,,,,,,,,,,
,398.72,2370,398.72,19,398.73,20.4,398.73,9.50,,,,,,,,,,,,,,,,,
,398.91,2239,398.92,19,398.92,14.5,398.92,0.00,,,,,,,,,,,,,,,,,
,399.12,1959,399.12,19,399.13,14.5,399.13,0.00,,,,,,,,,,,,,,,,,
,399.32,1676,399.32,19,399.33,16.1,399.33,0.00,,,,,,,,,,,,,,,,,
,399.52,1288,399.53,19,399.53,19.2,399.53,6.44,,,,,,,,,,,,,,,,,
,399.73,1158,399.73,19,399.74,21.6,399.74,16.28,,,,,,,,,,,,,,,,,
,399.93,1376,399.94,19,399.94,25.1,399.94,31.81,,,,,,,,,,,,,,,,,
,400.13,1218,400.14,19,400.14,24.7,400.14,36.47,,,,,,,,,,,,,,,,,
,400.34,1255,400.34,19,400.35,24.7,400.35,37.94,,,,,,,,,,,,,,,,,
,400.53,1308,400.54,20,400.54,24.7,400.54,37.16,,,,,,,,,,,,,,,,,
,400.75,1215,400.75,20,400.76,14.5,400.76,7.56,,,,,,,,,,,,,,,,,
,400.94,1252,400.95,19,400.95,14.5,400.95,0.00,,,,,,,,,,,,,,,,,
,401.14,1032,401.14,19,401.15,14.5,401.15,7.81,,,,,,,,,,,,,,,,,
,401.35,938,401.36,19,401.36,14.5,401.36,19.53,,,,,,,,,,,,,,,,,
,401.55,914,401.55,19,401.56,14.5,401.56,20.44,,,,,,,,,,,,,,,,,
,401.76,888,401.76,18,401.76,14.5,401.76,28.09,,,,,,,,,,,,,,,,,
,401.95,905,401.96,18,401.96,14.5,401.96,25.09,,,,,,,,,,,,,,,,,
,402.16,908,402.16,17,402.17,14.5,402.17,24.81,,,,,,,,,,,,,,,,,
,402.36,910,402.37,17,402.37,14.5,402.37,24.47,,,,,,,,,,,,,,,,,
,402.56,916,402.56,16,402.57,14.5,402.57,23.25,,,,,,,,,,,,,,,,,
,402.77,917,402.78,15,402.78,14.5,402.78,22.78,,,,,,,,,,,,,,,,,
,402.97,913,402.97,16,402.97,14.5,402.98,23.47,,,,,,,,,,,,,,,,,
,403.15,913,403.15,15,403.16,14.5,403.16,23.84,,,,,,,,,,,,,,,,,
,403.34,919,403.34,14,403.35,14.5,403.35,22.81,,,,,,,,,,,,,,,,,
,403.55,919,403.56,14,403.56,14.5,403.56,22.59,,,,,,,,,,,,,,,,,
,403.76,912,403.76,13,403.77,14.5,403.77,24.13,,,,,,,,,,,,,,,,,
,403.96,904,403.96,13,403.97,14.5,403.97,25.53,,,,,,,,,,,,,,,,,
,404.16,910,404.16,12,404.17,14.5,404.17,25.41,,,,,,,,,,,,,,,,,
,404.37,916,404.38,11,404.38,14.5,404.38,24.53,,,,,,,,,,,,,,,,,
,404.57,919,404.58,10,404.58,14.5,404.58,24.13,,,,,,,,,,,,,,,,,
,404.77,921,404.78,9,404.78,14.5,404.78,23.94,,,,,,,,,,,,,,,,,
,404.98,926,404.98,7,404.99,14.5,404.99,22.63,,,,,,,,,,,,,,,,,
,405.18,923,405.18,6,405.18,14.5,405.19,22.94,,,,,,,,,,,,,,,,,
,405.38,919,405.38,4,405.39,14.5,405.39,23.88,,,,,,,,,,,,,,,,,
,405.58,916,405.58,3,405.59,14.5,405.59,24.44,,,,,,,,,,,,,,,,,
,405.78,922,405.78,2,405.78,14.5,405.78,23.53,,,,,,,,,,,,,,,,,
,405.99,923,405.99,1,406.00,14.5,406.00,23.25,,,,,,,,,,,,,,,,,
,406.17,918,406.18,0,406.18,14.5,406.18,22.59,,,,,,,,,,,,,,,,,
,406.37,904,406.38,0,406.38,14.5,406.38,22.38,,,,,,,,,,,,,,,,,
,406.58,890,406.58,0,406.59,14.5,406.59,21.38,,,,,,,,,,,,,,,,,
,406.78,862,406.78,0,406.79,14.5,406.79,22.97,,,,,,,,,,,,,,,,,
,406.99,845,406.99,0,406.99,14.5,407.00,23.50,,,,,,,,,,,,,,,,,
,407.17,822,407.18,0,407.18,14.5,407.18,23.81,,,,,,,,,,,,,,,,,
,407.37,804,407.38,0,407.38,14.5,407.38,24.13,,,,,,,,,,,,,,,,,
,407.57,785,407.58,0,407.58,14.5,407.58,25.78,,,,,,,,,,,,,,,,,
,407.76,777,407.76,0,407.77,14.5,407.77,26.56,,,,,,,,,,,,,,,,,
,407.96,774,407.97,0,407.97,14.5,407.97,27.19,,,,,,,,,,,,,,,,,
,408.17,781,408.18,0,408.18,14.5,408.18,26.09,,,,,,,,,,,,,,,,,
,408.38,787,408.39,0,408.39,14.5,408.39,24.47,,,,,,,,,,,,,,,,,
,408.59,780,408.60,0,408.60,14.5,408.60,25.56,,,,,,,,,,,,,,,,,
,408.80,780,408.81,0,408.81,14.5,408.81,25.56,,,,,,,,,,,,,,,,,
,409.01,785,409.02,0,409.02,14.5,409.02,24.41,,,,,,,,,,,,,,,,,
,409.21,784,409.21,0,409.21,14.5,409.21,24.56,,,,,,,,,,,,,,,,,
,409.41,780,409.41,0,409.41,14.5,409.42,25.28,,,,,,,,,,,,,,,,,
,409.61,784,409.62,0,409.62,14.5,409.62,24.31,,,,,,,,,,,,,,,,,
,409.81,785,409.82,0,409.82,14.5,409.82,23.97,,,,,,,,,,,,,,,,,
,410.01,785,410.01,0,410.02,14.5,410.02,23.69,,,,,,,,,,,,,,,,,
,410.20,783,410.20,0,410.21,14.5,410.21,24.03,,,,,,,,,,,,,,,,,
,410.39,782,410.40,0,410.40,14.5,410.40,24.19,,,,,,,,,,,,,,,,,
,410.59,784,410.60,0,410.60,14.5,410.60,23.66,,,,,,,,,,,,,,,,,
,410.79,785,410.80,0,410.80,14.5,410.80,23.06,,,,,,,,,,,,,,,,,
,410.98,784,410.99,0,410.99,14.5,410.99,23.13,,,,,,,,,,,,,,,,,
,411.17,782,411.18,0,411.18,14.5,411.18,23.50,,,,,,,,,,,,,,,,,
,411.37,785,411.38,0,411.38,14.5,411.38,22.81,,,,,,,,,,,,,,,,,
,411.56,784,411.57,0,411.57,14.5,411.57,22.81,,,,,,,,,,,,,,,,,
,411.76,782,411.77,0,411.77,14.5,411.77,23.09,,,,,,,,,,,,,,,,,
,411.95,781,411.96,0,411.96,14.5,411.96,23.28,,,,,,,,,,,,,,,,,
,412.15,783,412.16,0,412.16,14.5,412.16,22.78,,,,,,,,,,,,,,,,,
,412.34,786,412.34,0,412.35,14.5,412.35,22.19,,,,,,,,,,,,,,,,,
,412.52,783,412.52,0,412.53,14.5,412.53,22.59,,,,,,,,,,,,,,,,,
,412.72,781,412.72,0,412.72,14.5,412.72,22.97,,,,,,,,,,,,,,,,,
,412.92,784,412.93,0,412.93,14.5,412.93,22.13,,,,,,,,,,,,,,,,,
,413.12,785,413.13,0,413.13,14.5,413.13,21.94,,,,,,,,,,,,,,,,,
,413.31,781,413.31,0,413.32,14.5,413.32,22.44,,,,,,,,,,,,,,,,,
,413.51,780,413.52,0,413.52,14.5,413.52,22.63,,,,,,,,,,,,,,,,,
,413.69,782,413.70,0,413.70,14.5,413.70,22.25,,,,,,,,,,,,,,,,,
,413.89,785,413.89,0,413.90,14.5,413.90,21.75,,,,,,,,,,,,,,,,,
,414.09,780,414.09,0,414.10,14.5,414.10,22.41,,,,,,,,,,,,,,,,,
,414.27,781,414.27,0,414.28,14.5,414.28,22.41,,,,,,,,,,,,,,,,,
,414.47,782,414.48,0,414.48,14.5,414.48,22.22,,,,,,,,,,,,,,,,,
,414.68,784,414.69,0,414.69,14.5,414.69,21.66,,,,,,,,,,,,,,,,,
,414.88,780,414.88,0,414.89,14.5,414.89,22.28,,,,,,,,,,,,,,,,,
,415.08,781,415.08,0,415.09,14.5,415.09,22.09,,,,,,,,,,,,,,,,,
,415.29,783,415.29,0,415.30,14.5,415.30,21.69,,,,,,,,,,,,,,,,,
,415.50,783,415.50,0,415.50,14.5,415.50,21.63,,,,,,,,,,,,,,,,,
,415.69,780,415.70,0,415.70,14.5,415.70,22.16,,,,,,,,,,,,,,,,,
,415.89,781,415.89,0,415.89,14.5,415.89,21.78,,,,,,,,,,,,,,,,,
,416.31,783,416.31,0,416.31,14.5,416.31,21.34,,,,,,,,,,,,,,,,,
,416.52,779,416.52,0,416.52,14.5,416.52,22.06,,,,,,,,,,,,,,,,,
,416.72,779,416.72,0,416.72,14.5,416.72,22.25,,,,,,,,,,,,,,,,,
,416.92,783,416.92,0,416.93,14.5,416.93,21.50,,,,,,,,,,,,,,,,,
,417.12,783,417.12,0,417.13,14.5,417.13,21.25,,,,,,,,,,,,,,,,,
,417.31,780,417.31,0,417.32,14.5,417.32,21.81,,,,,,,,,,,,,,,,,
,417.51,779,417.51,0,417.51,14.5,417.51,22.00,,,,,,,,,,,,,,,,,
