hub,fam_label,addr,grid80,id_name,new_name,confidence,notes,call_site,axis_x,axis_y,folder,same_9979,family_id_re
2d,fam_unkX_unkY_1CBE40,0x1CBE40,0xA01CBE40,,,low,low: pas dans A2L/atlas 9979 — nommer a la main si besoin; identique 64o vs 9979 au meme offset; fp32=5e57a10f6a65 uniq_u16=26,0x80074D4E,0xA01A2534,0xA01A3650,,1,fam_0034
2d,fam_unkX_unkY_1CBE7C,0x1CBE7C,0xA01CBE7C,,,low,low: pas dans A2L/atlas 9979 — nommer a la main si besoin; identique 64o vs 9979 au meme offset; fp32=3845afe2bdf7 uniq_u16=27,0x80074D78,0xA01A2710,0xA01A365C,,1,fam_0035
2d,fam_unkX_unkY_1D1E64,0x1D1E64,0xA01D1E64,smoke_mapA,,medium,medium: pointe DANS smoke_mapA @0x1D1D18 +0x14C (Smoke limitation) — pas le debut; comment only; identique 64o vs 9979 au meme offset; fp32=e1af9780e7ca uniq_u16=30,0x80074DB2,0xA01A2710,0xA01AD8D0,Smoke limitation,1,fam_0036
2d,fam_unkX_unkY_1D0E48,0x1D0E48,0xA01D0E48,smoke_maf_trqA,,medium,medium: pointe DANS smoke_maf_trqA @0x1D0CEC +0x15C (Smoke limitation) — pas le debut; comment only; identique 64o vs 9979 au meme offset; fp32=5b5045aac031 uniq_u16=1,0x80074DCE,0xA01A3708,0xA01AD8D0,Smoke limitation,1,fam_0040
2d,fam_unkX_unkY_1CEE20,0x1CEE20,0xA01CEE20,,,low,low: pas dans A2L/atlas 9979 — nommer a la main si besoin; identique 64o vs 9979 au meme offset; fp32=1da45d5138fa uniq_u16=10,0x80074E9C,0xA01B675C,0xA01AD8D0,,1,fam_0086
2d,fam_unkX_unkY_1CDE04,0x1CDE04,0xA01CDE04,duration_inj6A,,medium,medium: pointe DANS duration_inj6A @0x1CDC84 +0x180 (Injection system) — pas le debut; comment only; identique 64o vs 9979 au meme offset; fp32=cd095dabb1cd uniq_u16=32,0x80074EBE,0xA01A2734,0xA01AD8D0,Injection system,1,fam_0037
2d,fam_unkX_unkY_19E480,0x19E480,0xA019E480,,,low,low: 8000/A000 fill — pas une grille lisible; identique 64o vs 9979 au meme offset; fp32=155a064a08ac uniq_u16=4,0x8007BC86,0xA01A9218,0xA01A568C,,1,fam_0063
2d,fam_unkX_unkY_1C4994,0x1C4994,0xA01C4994,,,low,low: 8000/A000 fill — pas une grille lisible; tombe dans turbo_int_trq_correction2C +0x168 (Turbo boost pressure) — ne pas renommer; identique 64o vs 9979 au meme offset; fp32=4155ccbaab45 uniq_u16=11,0x8007D730,0xA01A0728,0xA01A0660,,1,fam_0027
2d,fam_unkX_unkY_1C59B0,0x1C59B0,0xA01C59B0,turbo_int_trq_correction2C,,medium,medium: pointe DANS turbo_int_trq_correction2C @0x1C58AC +0x104 (Turbo boost pressure) — pas le debut; comment only; identique 64o vs 9979 au meme offset; fp32=7c98bb0af7e0 uniq_u16=9,0x8007D762,0xA01A073C,0xA01A066C,Turbo boost pressure,1,fam_0028
2d,fam_unkX_D0002AC8_1C89FC,0x1C89FC,0xA01C89FC,,,low,low: pas dans A2L/atlas 9979 — nommer a la main si besoin; identique 64o vs 9979 au meme offset; fp32=c79c9e3aff21 uniq_u16=32,0x8007DB10,0xA01A1710,0xA01A1678,,1,fam_0010
2d,fam_unkX_unkY_19F61C,0x19F61C,0xA019F61C,,,low,low: pas dans A2L/atlas 9979 — nommer a la main si besoin; identique 64o vs 9979 au meme offset; fp32=14b2f43ebf15 uniq_u16=6,0x8007F122,0xA01A070C,0xA01AA70C,,1,fam_0026
2d,fam_unkX_unkY_19A468,0x19A468,0xA019A468,soi_base_int_trq2A,,medium,medium: pointe DANS soi_base_int_trq2A @0x19A380 +0xE8 (Start of injection SOI) — pas le debut; comment only; identique 64o vs 9979 au meme offset; fp32=34fe461b4ff5 uniq_u16=30,0x8007F178,0xA01AB908,0xA01AE8E0,Start of injection SOI,1,fam_0013
2d,fam_unkX_unkY_1D2DC4,0x1D2DC4,0xA01D2DC4,,,low,low: 8000/A000 fill — pas une grille lisible; identique 64o vs 9979 au meme offset; fp32=48fb9447a011 uniq_u16=4,0x80080B06,0xA01AA850,0xA01AE8FC,,1,fam_0064
2d,fam_D000194C_unkY_1864A8,0x1864A8,0xA01864A8,,,low,low: pas dans A2L/atlas 9979 — nommer a la main si besoin; identique 64o vs 9979 au meme offset; fp32=c52fbcdaac27 uniq_u16=1,0x800819E2,,,,1,fam_0125
2d,fam_D00031EE_unkY_184498,0x184498,0xA0184498,,,low,low: pas dans A2L/atlas 9979 — nommer a la main si besoin; identique 64o vs 9979 au meme offset; fp32=c6db6d86b2ec uniq_u16=10,0x80081A9A,,,,1,fam_0009
2d,fam_D00031EE_unkY_1874B0,0x1874B0,0xA01874B0,,,low,low: pas dans A2L/atlas 9979 — nommer a la main si besoin; identique 64o vs 9979 au meme offset; fp32=0f26c7b36e2a uniq_u16=9,0x80081AF6,,,,1,fam_0009
2d,fam_D00031EE_unkY_1854A0,0x1854A0,0xA01854A0,,,low,low: pas dans A2L/atlas 9979 — nommer a la main si besoin; identique 64o vs 9979 au meme offset; fp32=38d2dec3b9ff uniq_u16=17,0x80081BAE,,,,1,fam_0009
2d,fam_unkX_unkY_19947C,0x19947C,0xA019947C,soi_base_int_trq2A,,medium,medium: pointe DANS soi_base_int_trq2A @0x199380 +0xFC (Start of injection SOI) — pas le debut; comment only; identique 64o vs 9979 au meme offset; fp32=774f3bd67e53 uniq_u16=26,0x80085F44,0xA01B6928,0xA01B0938,Start of injection SOI,1,fam_0088
2d,fam_D000248E_D000247C_1CC29C,0x1CC29C,0xA01CC29C,,,low,low: pas dans A2L/atlas 9979 — nommer a la main si besoin; identique 64o vs 9979 au meme offset; fp32=1758021fd0d6 uniq_u16=28,0x80087876,0xA01A6600,,,1,fam_0115
2d,fam_unkX_unkY_1CA2BC,0x1CA2BC,0xA01CA2BC,,,low,low: pas dans A2L/atlas 9979 — nommer a la main si besoin; identique 64o vs 9979 au meme offset; fp32=6735abb12acd uniq_u16=6,0x80087904,0xA01A88EC,0xA01A14C4,,1,fam_0060
2d,fam_unkX_unkY_1C92B4,0x1C92B4,0xA01C92B4,,,low,low: pas dans A2L/atlas 9979 — nommer a la main si besoin; differe de 9979 au meme offset; fp32=fdbe413597b4 uniq_u16=29,0x80087954,0xA01A88EC,0xA01B89C8,,0,fam_0062
2d,fam_D000249A_D0002498_1D10DC,0x1D10DC,0xA01D10DC,smoke_mapA,,medium,medium: pointe DANS smoke_mapA @0x1D0F2C +0x1B0 (Smoke limitation) — pas le debut; comment only; identique 64o vs 9979 au meme offset; fp32=5b5045aac031 uniq_u16=1,0x8008797E,0xA01A88EC,0xA01A74E4,Smoke limitation,1,fam_0061
2d,fam_unkX_unkY_1D20E4,0x1D20E4,0xA01D20E4,smoke_mapA,,medium,medium: pointe DANS smoke_mapA @0x1D1FC4 +0x120 (Smoke limitation) — pas le debut; comment only; identique 64o vs 9979 au meme offset; fp32=5c9625e787d8 uniq_u16=31,0x800879EC,,0xA01A74F4,Smoke limitation,1,fam_0091
2d,fam_D0002496_unkY_1D30EC,0x1D30EC,0xA01D30EC,,,low,low: pas dans A2L/atlas 9979 — nommer a la main si besoin; identique 64o vs 9979 au meme offset; fp32=ba40dd6e0af4 uniq_u16=6,0x80087A56,0xA01A66E0,0xA01A74F4,,1,fam_0011
2d,fam_D0002496_D0002480_1CC0EC,0x1CC0EC,0xA01CC0EC,,,low,low: pas dans A2L/atlas 9979 — nommer a la main si besoin; identique 64o vs 9979 au meme offset; fp32=18ea126de18a uniq_u16=27,0x80087A78,0xA01A66E0,0xA01A74F4,,1,fam_0011
2d,fam_unkX_unkY_1EECEC,0x1EECEC,0xA01EECEC,,,low,low: 8000/A000 fill — pas une grille lisible; identique 64o vs 9979 au meme offset; fp32=66687aadf862 uniq_u16=1,0x80088DBE,,,,1,fam_0136
2d,fam_unkX_D000191C_1D587C,0x1D587C,0xA01D587C,,,low,low: pas dans A2L/atlas 9979 — nommer a la main si besoin; identique 64o vs 9979 au meme offset; fp32=0bb0be65b22f uniq_u16=21,0x8008CD5A,0xA01A645C,0xA01AA800,,1,fam_0052
2d,fam_D0002FFA_D0002FD6_1D485C,0x1D485C,0xA01D485C,,,low,low: pas dans A2L/atlas 9979 — nommer a la main si besoin; identique 64o vs 9979 au meme offset; fp32=170495952263 uniq_u16=26,0x8008D7F4,0xA01A6448,0xA01A9830,,1,fam_0051
2d,fam_unkX_D00017D6_1D287C,0x1D287C,0xA01D287C,smoke_mapA,,medium,medium: pointe DANS smoke_mapA @0x1D27C8 +0xB4 (Smoke limitation) — pas le debut; comment only; identique 64o vs 9979 au meme offset; fp32=b1c72dfd1bfc uniq_u16=27,0x8008E56C,0xA01A5440,0xA01A9820,Smoke limitation,1,fam_0045
2d,fam_unkX_unkY_1EBDB0,0x1EBDB0,0xA01EBDB0,,,low,low: 8000/A000 fill — pas une grille lisible; identique 64o vs 9979 au meme offset; fp32=ab89d788f1b9 uniq_u16=3,0x8009061A,,,,1,fam_0137
2d,fam_unkX_unkY_1ECDB8,0x1ECDB8,0xA01ECDB8,,,low,low: pas dans A2L/atlas 9979 — nommer a la main si besoin; identique 64o vs 9979 au meme offset; fp32=d33d107f2e16 uniq_u16=4,0x8009063E,,,,1,fam_0138
2d,fam_unkX_unkY_1E8DB0,0x1E8DB0,0xA01E8DB0,,,low,low: 8000/A000 fill — pas une grille lisible; identique 64o vs 9979 au meme offset; fp32=2cde2dbaa034 uniq_u16=2,0x80090740,0xA01AE848,0xA01AA974,,1,fam_0003
2d,fam_unkX_D0002E9E_1ECDE0,0x1ECDE0,0xA01ECDE0,,,low,low: pas dans A2L/atlas 9979 — nommer a la main si besoin; identique 64o vs 9979 au meme offset; fp32=62b346e8bec6 uniq_u16=4,0x80090862,,,,1,fam_0123
2d,fam_D0002C34_D0002C4C_18BB1C,0x18BB1C,0xA018BB1C,,,low,low: 8000/A000 fill — pas une grille lisible; identique 64o vs 9979 au meme offset; fp32=4c13016a7b3d uniq_u16=2,0x8009531A,0xA01A7B74,,,1,fam_0116
2d,fam_unkX_unkY_18BB08,0x18BB08,0xA018BB08,,,low,low: 8000/A000 fill — pas une grille lisible; identique 64o vs 9979 au meme offset; fp32=a94625cd66e7 uniq_u16=2,0x80095386,0xA01A5B74,,,1,fam_0093
2d,fam_unkX_D0002C10_199B74,0x199B74,0xA0199B74,soi_base_int_trq2A,,medium,medium: pointe DANS soi_base_int_trq2A @0x199980 +0x1F4 (Start of injection SOI) — pas le debut; comment only; identique 64o vs 9979 au meme offset; fp32=adfd43c9e696 uniq_u16=7,0x800953F0,,,Start of injection SOI,1,fam_0121
2d,fam_unkX_D00025FE_1D4090,0x1D4090,0xA01D4090,,,low,low: pas dans A2L/atlas 9979 — nommer a la main si besoin; identique 64o vs 9979 au meme offset; fp32=ab0614a0a2e6 uniq_u16=7,0x80095F24,0xA01A5620,,,1,fam_0023
2d,fam_unkX_D00025FE_1C9ED4,0x1C9ED4,0xA01C9ED4,,,low,low: pas dans A2L/atlas 9979 — nommer a la main si besoin; identique 64o vs 9979 au meme offset; fp32=15a2bf6c9c77 uniq_u16=25,0x80095F96,0xA01A7710,,,1,fam_0023
2d,fam_unkX_unkY_1CD900,0x1CD900,0xA01CD900,,,low,low: 8000/A000 fill — pas une grille lisible; identique 64o vs 9979 au meme offset; fp32=2cde2dbaa034 uniq_u16=1,0x80096066,0xA01A7710,,,1,fam_0095
2d,fam_unkX_unkY_1F28A0,0x1F28A0,0xA01F28A0,,,low,low: 8000/A000 fill — pas une grille lisible; identique 64o vs 9979 au meme offset; fp32=66687aadf862 uniq_u16=1,0x8009A0AE,,,,1,fam_0139
2d,fam_unkX_unkY_1F48A0,0x1F48A0,0xA01F48A0,,,low,low: 8000/A000 fill — pas une grille lisible; identique 64o vs 9979 au meme offset; fp32=66687aadf862 uniq_u16=1,0x8009A0E0,,,,1,fam_0140
2d,fam_unkX_unkY_19B648,0x19B648,0xA019B648,,,low,low: 8000/A000 fill — pas une grille lisible; identique 64o vs 9979 au meme offset; fp32=2cde2dbaa034 uniq_u16=1,0x800A2820,0xA01B5814,0xA01B3BE8,,1,fam_0085
2d,fam_D0002810_unkY_1CEEF4,0x1CEEF4,0xA01CEEF4,tqlim_speed2A,,medium,medium: pointe DANS tqlim_speed2A @0x1CEED4 +0x20 (Engine torque limiters) — pas le debut; comment only; identique 64o vs 9979 au meme offset; fp32=43078915d4e5 uniq_u16=1,0x800A6B86,0xA01A3444,0xA01A1448,Engine torque limiters,1,fam_0038
2d,fam_D0001FA2_unkY_1997D8,0x1997D8,0xA01997D8,soi_base_int_trq2A,,medium,medium: pointe DANS soi_base_int_trq2A @0x199780 +0x58 (Start of injection SOI) — pas le debut; comment only; identique 64o vs 9979 au meme offset; fp32=faace13a578f uniq_u16=13,0x800AE048,0xA01B9998,,Start of injection SOI,1,fam_0128
2d,fam_D0001FA2_unkY_1C79B8,0x1C79B8,0xA01C79B8,,,low,low: pas dans A2L/atlas 9979 — nommer a la main si besoin; identique 64o vs 9979 au meme offset; fp32=2b9480245581 uniq_u16=9,0x800AE078,0xA01A564C,0xA01B9998,,1,fam_0048
2d,fam_D0001F94_unkY_1CE3BC,0x1CE3BC,0xA01CE3BC,,,low,low: pas dans A2L/atlas 9979 — nommer a la main si besoin; identique 64o vs 9979 au meme offset; fp32=c500da2c5caa uniq_u16=28,0x800AEEA4,0xA01A4670,0xA01A4664,,1,fam_0043
2d,fam_unkX_D00029F8_19D4CC,0x19D4CC,0xA019D4CC,,,low,low: pas dans A2L/atlas 9979 — nommer a la main si besoin; identique 64o vs 9979 au meme offset; fp32=b28d297bd2b8 uniq_u16=2,0x800AFF42,0xA01A555C,0xA01B42A0,,1,fam_0047
2d,fam_unkX_unkY_19B488,0x19B488,0xA019B488,,,low,low: 8000/A000 fill — pas une grille lisible; identique 64o vs 9979 au meme offset; fp32=2cde2dbaa034 uniq_u16=1,0x800AFFAE,0xA01BF024,,,1,fam_0102
2d,fam_unkX_unkY_1CEF18,0x1CEF18,0xA01CEF18,tqlim_speed2A,,medium,medium: pointe DANS tqlim_speed2A @0x1CEED4 +0x44 (Engine torque limiters) — pas le debut; comment only; identique 64o vs 9979 au meme offset; fp32=219795ff2744 uniq_u16=9,0x800B0394,0xA01B38D4,0xA01A67C4,Engine torque limiters,1,fam_0079
2d,fam_unkX_unkY_19B7D8,0x19B7D8,0xA019B7D8,,,low,low: pas dans A2L/atlas 9979 — nommer a la main si besoin; identique 64o vs 9979 au meme offset; fp32=0e06c72b0058 uniq_u16=1,0x800B55FA,0xA01ACC18,,,1,fam_0096
2d,fam_unkX_unkY_1F7BC8,0x1F7BC8,0xA01F7BC8,,,low,low: 8000/A000 fill — pas une grille lisible; identique 64o vs 9979 au meme offset; fp32=66687aadf862 uniq_u16=1,0x800B5A26,,,,1,fam_0141
2d,fam_unkX_unkY_1EBBC8,0x1EBBC8,0xA01EBBC8,rail_request_horsA2L_banque_14,,medium,medium: pointe DANS rail_request_horsA2L_banque_14 @0x1EBB68 +0x60 (Hors A2L / provisoire) — pas le debut; comment only; identique 64o vs 9979 au meme offset; fp32=cce8cc31da93 uniq_u16=32,0x800B5A66,,,Hors A2L / provisoire,1,fam_0142
2d,fam_unkX_unkY_1D29CC,0x1D29CC,0xA01D29CC,smoke_mapA,,medium,medium: pointe DANS smoke_mapA @0x1D27C8 +0x204 (Smoke limitation) — pas le debut; comment only; identique 64o vs 9979 au meme offset; fp32=0af39bd3e9b7 uniq_u16=28,0x800B765C,0xA01A9904,,Smoke limitation,1,fam_0020
2d,fam_unkX_unkY_1D19EC,0x1D19EC,0xA01D19EC,smoke_maf_trqA,,medium,medium: pointe DANS smoke_maf_trqA @0x1D1898 +0x154 (Smoke limitation) — pas le debut; comment only; identique 64o vs 9979 au meme offset; fp32=5b5045aac031 uniq_u16=1,0x800B7680,0xA01A9904,,Smoke limitation,1,fam_0020
2d,fam_unkX_unkY_186450,0x186450,0xA0186450,,,low,low: pas dans A2L/atlas 9979 — nommer a la main si besoin; identique 64o vs 9979 au meme offset; fp32=c52fbcdaac27 uniq_u16=1,0x800BE8F6,,,,1,fam_0143
2d,fam_unkX_unkY_1CC330,0x1CC330,0xA01CC330,,,low,low: pas dans A2L/atlas 9979 — nommer a la main si besoin; identique 64o vs 9979 au meme offset; fp32=b1bc15f40d0e uniq_u16=28,0x800BFC0C,0xA01B38F8,0xA01A14D8,,1,fam_0080
2d,fam_D0002A2E_unkY_1D5308,0x1D5308,0xA01D5308,,,low,low: pas dans A2L/atlas 9979 — nommer a la main si besoin; identique 64o vs 9979 au meme offset; fp32=46070f7c8fbc uniq_u16=1,0x800BFCC2,0xA01A98D8,,,1,fam_0131
2d,fam_D0002A36_unkY_1D6368,0x1D6368,0xA01D6368,,,low,low: pas dans A2L/atlas 9979 — nommer a la main si besoin; identique 64o vs 9979 au meme offset; fp32=accdae16ec4c uniq_u16=5,0x800BFD5A,,0xA01A46DC,,1,fam_0132
2d,fam_unkX_unkY_1824D8,0x1824D8,0xA01824D8,,,low,low: pas dans A2L/atlas 9979 — nommer a la main si besoin; identique 64o vs 9979 au meme offset; fp32=4c86b74c37f0 uniq_u16=29,0x800C6C06,,,,1,fam_0144
2d,fam_unkX_unkY_187518,0x187518,0xA0187518,,,low,low: pas dans A2L/atlas 9979 — nommer a la main si besoin; identique 64o vs 9979 au meme offset; fp32=401a1dcada87 uniq_u16=10,0x800C6CB4,,,,1,fam_0145
2d,fam_unkX_unkY_1824A4,0x1824A4,0xA01824A4,,,low,low: pas dans A2L/atlas 9979 — nommer a la main si besoin; identique 64o vs 9979 au meme offset; fp32=8c171d294db4 uniq_u16=17,0x800C6D8A,,,,1,fam_0146
2d,fam_D0001944_unkY_183518,0x183518,0xA0183518,,,low,low: pas dans A2L/atlas 9979 — nommer a la main si besoin; identique 64o vs 9979 au meme offset; fp32=ca679faf4dc2 uniq_u16=21,0x800C6E6C,,,,1,fam_0024
2d,fam_D0002198_unkY_1CFFC0,0x1CFFC0,0xA01CFFC0,AccPed_trq4A,AccPed_trq4A,high,high: empreinte diverse = famille AccPed_trq4A (Engine torque request) delta=0x0 cols=8 rows=16 src=a2l; differe de 9979 au meme offset; fp32=4ae970224d49 uniq_u16=29,0x800CC4AA,0xA01AA8E4,0xA01B3900,Engine torque request,0,fam_0001
2d,fam_D0002198_D000219A_1D7F80,0x1D7F80,0xA01D7F80,nm2iq_base_mg3A,,medium,medium: pointe DANS nm2iq_base_mg3A @0x1D7E38 +0x148 (Injection system) — pas le debut; comment only; differe de 9979 au meme offset; fp32=c314ad9e514d uniq_u16=29,0x800CC4D4,0xA01AA8E4,0xA01B3900,Injection system,0,fam_0001
2d,fam_D0002198_D000219A_1CBF80,0x1CBF80,0xA01CBF80,,,low,low: pas dans A2L/atlas 9979 — nommer a la main si besoin; identique 64o vs 9979 au meme offset; fp32=66a123a6a0dd uniq_u16=31,0x800CC53E,0xA01AA8E4,0xA01B3900,,1,fam_0001
2d,fam_D0002198_D000219A_1CFF80,0x1CFF80,0xA01CFF80,,,low,low: 8000/A000 fill — pas une grille lisible; tombe dans AccPed_trq4A +0xC0 (Engine torque request) — ne pas renommer; differe de 9979 au meme offset; fp32=6ecc9fc96a2a uniq_u16=2,0x800CC5A8,0xA01AA8E4,0xA01B3900,,0,fam_0001
2d,fam_D0002198_D000219A_1D3FC0,0x1D3FC0,0xA01D3FC0,,,low,low: pas dans A2L/atlas 9979 — nommer a la main si besoin; identique 64o vs 9979 au meme offset; fp32=d2070f1511ad uniq_u16=8,0x800CC612,0xA01AA8E4,0xA01B3900,,1,fam_0001
2d,fam_D0002198_D000219A_1D7FC0,0x1D7FC0,0xA01D7FC0,nm2iq_base_mg3A,,medium,medium: pointe DANS nm2iq_base_mg3A @0x1D7E38 +0x188 (Injection system) — pas le debut; comment only; differe de 9979 au meme offset; fp32=5d0aa6739d0c uniq_u16=28,0x800CC67C,0xA01AA8E4,0xA01B3900,Injection system,0,fam_0001
2d,fam_D0002198_D000219A_1CBFC0,0x1CBFC0,0xA01CBFC0,,,low,low: pas dans A2L/atlas 9979 — nommer a la main si besoin; identique 64o vs 9979 au meme offset; fp32=5b3c9d99421e uniq_u16=26,0x800CC6E4,0xA01AA8E4,0xA01B3900,,1,fam_0001
2d,fam_D0002198_D00021A0_1C9040,0x1C9040,0xA01C9040,,,low,low: pas dans A2L/atlas 9979 — nommer a la main si besoin; identique 64o vs 9979 au meme offset; fp32=ca4754e9c186 uniq_u16=2,0x800CC792,0xA01AD850,0xA01B292C,,1,fam_0005
2d,fam_D0002198_D00021A0_1CD09C,0x1CD09C,0xA01CD09C,,,low,low: 8000/A000 fill — pas une grille lisible; identique 64o vs 9979 au meme offset; fp32=2cde2dbaa034 uniq_u16=1,0x800CC7DA,0xA01AD850,0xA01B292C,,1,fam_0005
2d,fam_D0002198_D00021A0_1C909C,0x1C909C,0xA01C909C,,,low,low: 8000/A000 fill — pas une grille lisible; identique 64o vs 9979 au meme offset; fp32=2cde2dbaa034 uniq_u16=1,0x800CC814,0xA01AD850,0xA01B292C,,1,fam_0005
2d,fam_D0002D9E_unkY_1D10A0,0x1D10A0,0xA01D10A0,smoke_mapA,,medium,medium: pointe DANS smoke_mapA @0x1D0F2C +0x174 (Smoke limitation) — pas le debut; comment only; identique 64o vs 9979 au meme offset; fp32=5b5045aac031 uniq_u16=1,0x800CD17E,0xA01A4628,0xA01B783C,Smoke limitation,1,fam_0042
2d,fam_unkX_unkY_19D40C,0x19D40C,0xA019D40C,,,low,low: pas dans A2L/atlas 9979 — nommer a la main si besoin; identique 64o vs 9979 au meme offset; fp32=92a684adefd6 uniq_u16=1,0x800CF0CC,0xA01BC7B0,,,1,fam_0100
2d,fam_D00017B6_D00017BC_180550,0x180550,0xA0180550,,,low,low: pas dans A2L/atlas 9979 — nommer a la main si besoin; identique 64o vs 9979 au meme offset; fp32=93de4a9343d1 uniq_u16=8,0x800DCFF4,,,,1,fam_0107
2d,fam_unkX_unkY_18C858,0x18C858,0xA018C858,soi_base_int_trq2A,,medium,medium: pointe DANS soi_base_int_trq2A @0x18C780 +0xD8 (Start of injection SOI) — pas le debut; comment only; identique 64o vs 9979 au meme offset; fp32=021781989418 uniq_u16=32,0x800DD096,,,Start of injection SOI,1,fam_0148
2d,fam_unkX_unkY_18C870,0x18C870,0xA018C870,soi_base_int_trq2A,,medium,medium: pointe DANS soi_base_int_trq2A @0x18C780 +0xF0 (Start of injection SOI) — pas le debut; comment only; identique 64o vs 9979 au meme offset; fp32=9d38e4680231 uniq_u16=31,0x800DD0CE,,,Start of injection SOI,1,fam_0149
2d,fam_D0001B4C_unkY_183550,0x183550,0xA0183550,,,low,low: pas dans A2L/atlas 9979 — nommer a la main si besoin; identique 64o vs 9979 au meme offset; fp32=e5cbffe47217 uniq_u16=16,0x800DD238,,,,1,fam_0127
2d,fam_D00017BA_D00017C0_18055C,0x18055C,0xA018055C,,,low,low: pas dans A2L/atlas 9979 — nommer a la main si besoin; identique 64o vs 9979 au meme offset; fp32=c9624f5b9735 uniq_u16=9,0x800DD46E,,,,1,fam_0108
2d,fam_unkX_unkY_1855B0,0x1855B0,0xA01855B0,,,low,low: pas dans A2L/atlas 9979 — nommer a la main si besoin; identique 64o vs 9979 au meme offset; fp32=b77fdf0ef1d7 uniq_u16=18,0x800DD516,,,,1,fam_0151
2d,fam_unkX_unkY_1816C8,0x1816C8,0xA01816C8,,,low,low: pas dans A2L/atlas 9979 — nommer a la main si besoin; identique 64o vs 9979 au meme offset; fp32=4ed96e4bc9cc uniq_u16=20,0x800DD558,,,,1,fam_0152
2d,fam_unkX_unkY_18355C,0x18355C,0xA018355C,,,low,low: pas dans A2L/atlas 9979 — nommer a la main si besoin; identique 64o vs 9979 au meme offset; fp32=a4a3438846a0 uniq_u16=14,0x800DD65E,,,,1,fam_0153
2d,fam_unkX_D0001ADE_1D0AEC,0x1D0AEC,0xA01D0AEC,AccPed_trq4A,,medium,medium: pointe DANS AccPed_trq4A @0x1D0A5C +0x90 (Engine torque request) — pas le debut; comment only; identique 64o vs 9979 au meme offset; fp32=e8b7692af6a2 uniq_u16=29,0x800DDFF8,0xA01A7534,,Engine torque request,1,fam_0117
2d,fam_unkX_unkY_183588,0x183588,0xA0183588,,,low,low: 8000/A000 fill — pas une grille lisible; identique 64o vs 9979 au meme offset; fp32=18f6491453e4 uniq_u16=8,0x800DE670,,,,1,fam_0154
2d,fam_unkX_unkY_1816B8,0x1816B8,0xA01816B8,,,low,low: pas dans A2L/atlas 9979 — nommer a la main si besoin; identique 64o vs 9979 au meme offset; fp32=aac54bc61326 uniq_u16=20,0x800DE6A8,,,,1,fam_0155
2d,fam_D0002444_unkY_19C4D0,0x19C4D0,0xA019C4D0,,,low,low: pas dans A2L/atlas 9979 — nommer a la main si besoin; identique 64o vs 9979 au meme offset; fp32=2c8d01c1cbf8 uniq_u16=17,0x800DEB34,0xA01B22B4,,,1,fam_0129
2d,fam_unkX_unkY_1C19E8,0x1C19E8,0xA01C19E8,turbo_base3B,,medium,medium: pointe DANS turbo_base3B @0x1C18AC +0x13C (Turbo boost pressure) — pas le debut; comment only; identique 64o vs 9979 au meme offset; fp32=26e2c5d683b4 uniq_u16=22,0x800DF018,0xA01AA8A8,0xA01B595C,Turbo boost pressure,1,fam_0066
2d,fam_D0002D8C_unkY_1C0714,0x1C0714,0xA01C0714,turbo_base3B,,medium,medium: pointe DANS turbo_base3B @0x1C04AC +0x268 (Turbo boost pressure) — pas le debut; comment only; identique 64o vs 9979 au meme offset; fp32=9257c1d67eac uniq_u16=15,0x800E0ECA,,,Turbo boost pressure,1,fam_0133
2d,fam_unkX_unkY_19C4FC,0x19C4FC,0xA019C4FC,,,low,low: pas dans A2L/atlas 9979 — nommer a la main si besoin; identique 64o vs 9979 au meme offset; fp32=190deb0c6a58 uniq_u16=22,0x800E15F4,0xA01A6514,0xA01A9C4C,,1,fam_0057
2d,fam_unkX_unkY_19C4EC,0x19C4EC,0xA019C4EC,,,low,low: pas dans A2L/atlas 9979 — nommer a la main si besoin; identique 64o vs 9979 au meme offset; fp32=6c48406b873e uniq_u16=25,0x800E166C,0xA01A6504,0xA01B6C7C,,1,fam_0055
2d,fam_unkX_unkY_198544,0x198544,0xA0198544,,,low,low: 8000/A000 fill — pas une grille lisible; identique 64o vs 9979 au meme offset; fp32=2cde2dbaa034 uniq_u16=1,0x800E28E2,0xA01B46FC,0xA01A5768,,1,fam_0081
2d,fam_unkX_unkY_1D0DC4,0x1D0DC4,0xA01D0DC4,smoke_maf_trqA,,medium,medium: pointe DANS smoke_maf_trqA @0x1D0CEC +0xD8 (Smoke limitation) — pas le debut; comment only; identique 64o vs 9979 au meme offset; fp32=5b5045aac031 uniq_u16=1,0x800E32B8,0xA01A7508,,Smoke limitation,1,fam_0094
2d,fam_unkX_unkY_1C5A84,0x1C5A84,0xA01C5A84,,,low,low: 8000/A000 fill — pas une grille lisible; tombe dans turbo_int_trq_correction2C +0x58 (Turbo boost pressure) — ne pas renommer; identique 64o vs 9979 au meme offset; fp32=2cde2dbaa034 uniq_u16=1,0x800E3D5A,0xA01B491C,0xA01B1960,,1,fam_0017
2d,fam_unkX_unkY_1C5A58,0x1C5A58,0xA01C5A58,,,low,low: 8000/A000 fill — pas une grille lisible; tombe dans turbo_int_trq_correction2C +0x2C (Turbo boost pressure) — ne pas renommer; identique 64o vs 9979 au meme offset; fp32=2cde2dbaa034 uniq_u16=1,0x800E3DB0,0xA01B491C,0xA01B1960,,1,fam_0017
2d,fam_unkX_unkY_1C78CC,0x1C78CC,0xA01C78CC,,,low,low: pas dans A2L/atlas 9979 — nommer a la main si besoin; identique 64o vs 9979 au meme offset; fp32=dc201fd1a29f uniq_u16=15,0x800E40D2,0xA01B9A34,,,1,fam_0099
2d,fam_unkX_unkY_1C0A44,0x1C0A44,0xA01C0A44,turbo_base3B,,medium,medium: pointe DANS turbo_base3B @0x1C09AC +0x98 (Turbo boost pressure) — pas le debut; comment only; identique 64o vs 9979 au meme offset; fp32=552c81739bd4 uniq_u16=30,0x800E4110,,,Turbo boost pressure,1,fam_0156
2d,fam_unkX_unkY_1CAE84,0x1CAE84,0xA01CAE84,,,low,low: pas dans A2L/atlas 9979 — nommer a la main si besoin; identique 64o vs 9979 au meme offset; fp32=dcac4d028d1d uniq_u16=1,0x800E4146,0xA01BCA3C,,,1,fam_0021
2d,fam_unkX_unkY_1D6EBC,0x1D6EBC,0xA01D6EBC,,,low,low: pas dans A2L/atlas 9979 — nommer a la main si besoin; identique 64o vs 9979 au meme offset; fp32=4ca9cbe71d93 uniq_u16=5,0x800E4172,0xA01BCA3C,,,1,fam_0021
2d,fam_unkX_unkY_198708,0x198708,0xA0198708,,,low,low: 8000/A000 fill — pas une grille lisible; identique 64o vs 9979 au meme offset; fp32=2cde2dbaa034 uniq_u16=1,0x800E677E,0xA01A5530,0xA01B03A4,,1,fam_0046
2d,fam_unkX_unkY_1C3ABC,0x1C3ABC,0xA01C3ABC,turbo_int_trq_correction2C,turbo_int_trq_correction2C,high,high: empreinte diverse = famille turbo_int_trq_correction2C (Turbo boost pressure) delta=0x10 cols=12 rows=16 src=a2l; identique 64o vs 9979 au meme offset; fp32=127618004a49 uniq_u16=21,0x800E6AFA,0xA01AE8AC,0xA01B5978,Turbo boost pressure,1,fam_0004
2d,fam_unkX_unkY_1C4A50,0x1C4A50,0xA01C4A50,turbo_int_trq_correction2C,,medium,medium: pointe DANS turbo_int_trq_correction2C @0x1C49AC +0xA4 (Turbo boost pressure) — pas le debut; comment only; identique 64o vs 9979 au meme offset; fp32=be062a28dc97 uniq_u16=26,0x800E6B3C,0xA01AE8AC,0xA01B5978,Turbo boost pressure,1,fam_0004
2d,fam_unkX_unkY_1C4BD8,0x1C4BD8,0xA01C4BD8,,,low,low: 8000/A000 fill — pas une grille lisible; tombe dans turbo_int_trq_correction2C +0xAC (Turbo boost pressure) — ne pas renommer; identique 64o vs 9979 au meme offset; fp32=2cde2dbaa034 uniq_u16=1,0x800E986C,0xA01A15AC,,,1,fam_0092
2d,fam_unkX_unkY_182570,0x182570,0xA0182570,,,low,low: pas dans A2L/atlas 9979 — nommer a la main si besoin; identique 64o vs 9979 au meme offset; fp32=36a2d6e76a19 uniq_u16=27,0x800E9A08,,,,1,fam_0157
2d,fam_D0001B6A_D0001B02_1875C4,0x1875C4,0xA01875C4,,,low,low: pas dans A2L/atlas 9979 — nommer a la main si besoin; identique 64o vs 9979 au meme offset; fp32=93e06cfbc8e0 uniq_u16=11,0x800E9A4A,,,,1,fam_0110
2d,fam_D0001B02_D0001B0C_1836A8,0x1836A8,0xA01836A8,,,low,low: pas dans A2L/atlas 9979 — nommer a la main si besoin; identique 64o vs 9979 au meme offset; fp32=879501fb54a2 uniq_u16=22,0x800E9AA4,,,,1,fam_0109
2d,fam_D0001B02_unkY_18357C,0x18357C,0xA018357C,,,low,low: 8000/A000 fill — pas une grille lisible; identique 64o vs 9979 au meme offset; fp32=165925c7b216 uniq_u16=8,0x800E9AEA,,,,1,fam_0126
2d,fam_unkX_unkY_18158C,0x18158C,0xA018158C,,,low,low: pas dans A2L/atlas 9979 — nommer a la main si besoin; identique 64o vs 9979 au meme offset; fp32=0ad0b83f0690 uniq_u16=18,0x800E9DA0,,,,1,fam_0158
2d,fam_unkX_unkY_185698,0x185698,0xA0185698,,,low,low: pas dans A2L/atlas 9979 — nommer a la main si besoin; identique 64o vs 9979 au meme offset; fp32=97cd0bf97271 uniq_u16=18,0x800E9E52,,,,1,fam_0159
2d,fam_unkX_unkY_180688,0x180688,0xA0180688,,,low,low: pas dans A2L/atlas 9979 — nommer a la main si besoin; differe de 9979 au meme offset; fp32=24bec92b8c86 uniq_u16=16,0x800E9E8C,,,,0,fam_0160
2d,fam_unkX_unkY_187688,0x187688,0xA0187688,,,low,low: pas dans A2L/atlas 9979 — nommer a la main si besoin; identique 64o vs 9979 au meme offset; fp32=ac6e37920276 uniq_u16=1,0x800E9ED0,,,,1,fam_0161
2d,fam_unkX_unkY_1805FC,0x1805FC,0xA01805FC,,,low,low: pas dans A2L/atlas 9979 — nommer a la main si besoin; identique 64o vs 9979 au meme offset; fp32=0e3560ca4ba3 uniq_u16=16,0x800E9EF4,,,,1,fam_0162
2d,fam_D0000478_D0001B7E_1845E8,0x1845E8,0xA01845E8,,,low,low: pas dans A2L/atlas 9979 — nommer a la main si besoin; identique 64o vs 9979 au meme offset; fp32=16d3c706e372 uniq_u16=10,0x800EA0F6,,,,1,fam_0105
2d,fam_D00031E2_D00031E0_19B4C8,0x19B4C8,0xA019B4C8,,,low,low: 8000/A000 fill — pas une grille lisible; identique 64o vs 9979 au meme offset; fp32=2cde2dbaa034 uniq_u16=5,0x800EA644,0xA01AC284,0xA01A765C,,1,fam_0014
2d,fam_D00031E2_D00031E0_1D382C,0x1D382C,0xA01D382C,,,low,low: 8000/A000 fill — pas une grille lisible; identique 64o vs 9979 au meme offset; fp32=2cde2dbaa034 uniq_u16=1,0x800EA66A,0xA01AC284,0xA01A765C,,1,fam_0014
2d,fam_unkX_unkY_19C568,0x19C568,0xA019C568,,,low,low: pas dans A2L/atlas 9979 — nommer a la main si besoin; identique 64o vs 9979 au meme offset; fp32=588f890c82e4 uniq_u16=2,0x800EAC18,0xA01A0588,0xA01A3510,,1,fam_0025
2d,fam_unkX_unkY_1CBAE4,0x1CBAE4,0xA01CBAE4,,,low,low: pas dans A2L/atlas 9979 — nommer a la main si besoin; identique 64o vs 9979 au meme offset; fp32=af9613760f72 uniq_u16=1,0x800EC120,0xA01A8864,0xA01AC87C,,1,fam_0002
2d,fam_unkX_unkY_1C9AE4,0x1C9AE4,0xA01C9AE4,,,low,low: pas dans A2L/atlas 9979 — nommer a la main si besoin; identique 64o vs 9979 au meme offset; fp32=f5d6b4a8b82d uniq_u16=28,0x800EC152,0xA01A8864,0xA01AC87C,,1,fam_0002
2d,fam_unkX_unkY_1D7AE4,0x1D7AE4,0xA01D7AE4,,,low,low: pas dans A2L/atlas 9979 — nommer a la main si besoin; identique 64o vs 9979 au meme offset; fp32=746ee3cd0bbb uniq_u16=5,0x800EC198,0xA01A8864,0xA01AC87C,,1,fam_0002
2d,fam_unkX_unkY_1D5AE4,0x1D5AE4,0xA01D5AE4,,,low,low: pas dans A2L/atlas 9979 — nommer a la main si besoin; identique 64o vs 9979 au meme offset; fp32=0569bc1d5541 uniq_u16=18,0x800EC1D8,0xA01A8864,0xA01AC87C,,1,fam_0002
2d,fam_unkX_unkY_1865A8,0x1865A8,0xA01865A8,,,low,low: pas dans A2L/atlas 9979 — nommer a la main si besoin; identique 64o vs 9979 au meme offset; fp32=d5478020d2ee uniq_u16=1,0x800ED170,,,,1,fam_0163
2d,fam_unkX_unkY_1835F8,0x1835F8,0xA01835F8,,,low,low: pas dans A2L/atlas 9979 — nommer a la main si besoin; differe de 9979 au meme offset; fp32=56778b591483 uniq_u16=17,0x800ED208,,,,0,fam_0164
2d,fam_unkX_unkY_1D33D8,0x1D33D8,0xA01D33D8,tqlim_fuel_temp2A,,medium,medium: pointe DANS tqlim_fuel_temp2A @0x1D3390 +0x48 (Engine torque limiters) — pas le debut; comment only; identique 64o vs 9979 au meme offset; fp32=af9613760f72 uniq_u16=5,0x800EDCA2,0xA01B183C,0xA01B3824,Engine torque limiters,1,fam_0074
2d,fam_unkX_unkY_1D53D8,0x1D53D8,0xA01D53D8,,,low,low: pas dans A2L/atlas 9979 — nommer a la main si besoin; identique 64o vs 9979 au meme offset; fp32=46070f7c8fbc uniq_u16=1,0x800EDCC6,0xA01B2810,0xA01B3838,,1,fam_0077
2d,fam_unkX_unkY_19E7F0,0x19E7F0,0xA019E7F0,,,low,low: pas dans A2L/atlas 9979 — nommer a la main si besoin; identique 64o vs 9979 au meme offset; fp32=6282c25a7bcd uniq_u16=9,0x800EE0F6,0xA01B7BD4,0xA01B3808,,1,fam_0090
2d,fam_unkX_unkY_19D674,0x19D674,0xA019D674,,,low,low: pas dans A2L/atlas 9979 — nommer a la main si besoin; identique 64o vs 9979 au meme offset; fp32=46a22cf10e7d uniq_u16=4,0x800EEBA6,0xA01A444C,0xA01A8BE8,,1,fam_0041
2d,fam_unkX_unkY_19E7DC,0x19E7DC,0xA019E7DC,,,low,low: pas dans A2L/atlas 9979 — nommer a la main si besoin; identique 64o vs 9979 au meme offset; fp32=b51092a30b9f uniq_u16=10,0x800EED3A,0xA01B4BF0,0xA01B2834,,1,fam_0084
2d,fam_unkX_unkY_19E654,0x19E654,0xA019E654,,,low,low: pas dans A2L/atlas 9979 — nommer a la main si besoin; identique 64o vs 9979 au meme offset; fp32=14e69740559c uniq_u16=14,0x800EEF08,0xA01B081C,0xA01AA1F8,,1,fam_0072
2d,fam_unkX_unkY_19A3D4,0x19A3D4,0xA019A3D4,soi_base_int_trq2A,,medium,medium: pointe DANS soi_base_int_trq2A @0x19A380 +0x54 (Start of injection SOI) — pas le debut; comment only; identique 64o vs 9979 au meme offset; fp32=e17e55f4e333 uniq_u16=26,0x800EF718,0xA01AB1DC,0xA01B1800,Start of injection SOI,1,fam_0067
2d,fam_unkX_unkY_19B634,0x19B634,0xA019B634,,,low,low: 8000/A000 fill — pas une grille lisible; identique 64o vs 9979 au meme offset; fp32=2cde2dbaa034 uniq_u16=1,0x800F010C,0xA01A56F0,0xA01A54F8,,1,fam_0049
2d,fam_unkX_unkY_1C5940,0x1C5940,0xA01C5940,,,low,low: 8000/A000 fill — pas une grille lisible; tombe dans turbo_int_trq_correction2C +0x94 (Turbo boost pressure) — ne pas renommer; identique 64o vs 9979 au meme offset; fp32=d2911c10f00c uniq_u16=4,0x800F03C4,,,,1,fam_0165
2d,fam_unkX_unkY_19A564,0x19A564,0xA019A564,soi_base_int_trq2A,,medium,medium: pointe DANS soi_base_int_trq2A @0x19A380 +0x1E4 (Start of injection SOI) — pas le debut; comment only; identique 64o vs 9979 au meme offset; fp32=49e9116c0d91 uniq_u16=10,0x800F03F6,0xA01B3760,0xA01A27BC,Start of injection SOI,1,fam_0078
2d,fam_unkX_unkY_1D296C,0x1D296C,0xA01D296C,smoke_mapA,,medium,medium: pointe DANS smoke_mapA @0x1D27C8 +0x1A4 (Smoke limitation) — pas le debut; comment only; identique 64o vs 9979 au meme offset; fp32=7dc7cfa069a5 uniq_u16=30,0x800F04A4,0xA01B585C,,Smoke limitation,1,fam_0098
2d,fam_unkX_D00022A6_1C1880,0x1C1880,0xA01C1880,turbo_base3B,,medium,medium: pointe DANS turbo_base3B @0x1C162C +0x254 (Turbo boost pressure) — pas le debut; comment only; identique 64o vs 9979 au meme offset; fp32=0b88226c13f5 uniq_u16=14,0x800F05A6,0xA01AA898,0xA01A666C,Turbo boost pressure,1,fam_0065
2d,fam_unkX_unkY_1F4C14,0x1F4C14,0xA01F4C14,,,low,low: 8000/A000 fill — pas une grille lisible; identique 64o vs 9979 au meme offset; fp32=66687aadf862 uniq_u16=1,0x800F0B16,,,,1,fam_0166
2d,fam_unkX_unkY_1F5C1C,0x1F5C1C,0xA01F5C1C,,,low,low: 8000/A000 fill — pas une grille lisible; identique 64o vs 9979 au meme offset; fp32=66687aadf862 uniq_u16=1,0x800F0B32,,,,1,fam_0167
2d,fam_unkX_D00020AA_1F1C18,0x1F1C18,0xA01F1C18,,,low,low: 8000/A000 fill — pas une grille lisible; identique 64o vs 9979 au meme offset; fp32=66687aadf862 uniq_u16=1,0x800F0BCE,,,,1,fam_0118
2d,fam_D0002150_unkY_1C46AC,0x1C46AC,0xA01C46AC,,,low,low: 8000/A000 fill — pas une grille lisible; tombe dans turbo_int_trq_correction2C +0x0 (Turbo boost pressure) — ne pas renommer; identique 64o vs 9979 au meme offset; fp32=2cde2dbaa034 uniq_u16=1,0x800F1D68,0xA01AD88C,0xA01AC800,,1,fam_0070
2d,fam_unkX_unkY_1CF918,0x1CF918,0xA01CF918,,,low,low: pas dans A2L/atlas 9979 — nommer a la main si besoin; identique 64o vs 9979 au meme offset; fp32=41a14a36c345 uniq_u16=1,0x800F2134,,,,1,fam_0168
2d,fam_unkX_unkY_1D5F28,0x1D5F28,0xA01D5F28,,,low,low: pas dans A2L/atlas 9979 — nommer a la main si besoin; identique 64o vs 9979 au meme offset; fp32=30b22f04cfd9 uniq_u16=17,0x800F48F4,0xA01B38C0,,,1,fam_0097
2d,fam_D0002EAC_D0000414_1F5DC0,0x1F5DC0,0xA01F5DC0,,,low,low: 8000/A000 fill — pas une grille lisible; identique 64o vs 9979 au meme offset; fp32=66687aadf862 uniq_u16=1,0x800F5068,,,,1,fam_0104
2d,fam_unkX_unkY_1EADE8,0x1EADE8,0xA01EADE8,rail_request_horsA2L_banque_07,,medium,medium: pointe DANS rail_request_horsA2L_banque_07 @0x1EAD68 +0x80 (Hors A2L / provisoire) — pas le debut; comment only; identique 64o vs 9979 au meme offset; fp32=af24cbddb541 uniq_u16=32,0x800F50E2,,,Hors A2L / provisoire,1,fam_0169
2d,fam_unkX_unkY_1E9DE0,0x1E9DE0,0xA01E9DE0,rail_base_int_trq2B,,medium,medium: pointe DANS rail_base_int_trq2B @0x1E9D68 +0x78 (Rail pressure) — pas le debut; comment only; identique 64o vs 9979 au meme offset; fp32=909ca5abf821 uniq_u16=32,0x800F5114,,,Rail pressure,1,fam_0170
2d,fam_unkX_unkY_1E8DD8,0x1E8DD8,0xA01E8DD8,,,low,low: 8000/A000 fill — pas une grille lisible; identique 64o vs 9979 au meme offset; fp32=66687aadf862 uniq_u16=9,0x800F515A,,,,1,fam_0171
2d,fam_unkX_unkY_1F7DD0,0x1F7DD0,0xA01F7DD0,,,low,low: 8000/A000 fill — pas une grille lisible; identique 64o vs 9979 au meme offset; fp32=66687aadf862 uniq_u16=1,0x800F519A,,,,1,fam_0172
2d,fam_unkX_unkY_1C5AC4,0x1C5AC4,0xA01C5AC4,,,low,low: 8000/A000 fill — pas une grille lisible; tombe dans turbo_int_trq_correction2C +0x98 (Turbo boost pressure) — ne pas renommer; identique 64o vs 9979 au meme offset; fp32=2cde2dbaa034 uniq_u16=1,0x800F5E84,,,,1,fam_0173
2d,fam_unkX_unkY_1C7AC4,0x1C7AC4,0xA01C7AC4,,,low,low: pas dans A2L/atlas 9979 — nommer a la main si besoin; identique 64o vs 9979 au meme offset; fp32=afa4e4f64b1f uniq_u16=7,0x800F5F92,,,,1,fam_0174
2d,fam_unkX_unkY_1C1B50,0x1C1B50,0xA01C1B50,turbo_base3B,turbo_base3B,high,high: empreinte diverse = famille turbo_base3B (Turbo boost pressure) delta=0x24 cols=16 rows=20 src=a2l; identique 64o vs 9979 au meme offset; fp32=dece37626fcf uniq_u16=32,0x800F6186,0xA01AD874,0xA01AD930,Turbo boost pressure,1,fam_0006
2d,fam_unkX_unkY_1C8978,0x1C8978,0xA01C8978,,,low,low: pas dans A2L/atlas 9979 — nommer a la main si besoin; identique 64o vs 9979 au meme offset; fp32=157d3a82a93d uniq_u16=32,0x800F61FE,0xA01AD874,0xA01AD930,,1,fam_0006
2d,fam_D000283A_unkY_1C6978,0x1C6978,0xA01C6978,turbo_atm6A,,medium,medium: pointe DANS turbo_atm6A @0x1C692C +0x4C (Turbo boost pressure) — pas le debut; comment only; identique 64o vs 9979 au meme offset; fp32=8c8f6a811824 uniq_u16=30,0x800F872A,,,Turbo boost pressure,1,fam_0130
2d,fam_D0002F8C_D0000CB6_1D5884,0x1D5884,0xA01D5884,,,low,low: pas dans A2L/atlas 9979 — nommer a la main si besoin; identique 64o vs 9979 au meme offset; fp32=1c4fa3b2060c uniq_u16=21,0x800F915A,,,,1,fam_0106
2d,fam_unkX_D0002F8E_1D193C,0x1D193C,0xA01D193C,smoke_maf_trqA,,medium,medium: pointe DANS smoke_maf_trqA @0x1D1898 +0xA4 (Smoke limitation) — pas le debut; comment only; identique 64o vs 9979 au meme offset; fp32=5b5045aac031 uniq_u16=1,0x800F91F4,,,Smoke limitation,1,fam_0124
2d,fam_unkX_unkY_19A5C8,0x19A5C8,0xA019A5C8,soi_base_int_trq2A,,medium,medium: pointe DANS soi_base_int_trq2A @0x19A580 +0x48 (Start of injection SOI) — pas le debut; comment only; identique 64o vs 9979 au meme offset; fp32=be6820ad1e07 uniq_u16=28,0x800F953A,0xA01A14F0,0xA01A9984,Start of injection SOI,1,fam_0029
2d,fam_unkX_unkY_19C404,0x19C404,0xA019C404,,,low,low: pas dans A2L/atlas 9979 — nommer a la main si besoin; identique 64o vs 9979 au meme offset; fp32=df09184e09d3 uniq_u16=25,0x800F99D0,0xA01BE6AC,,,1,fam_0101
2d,fam_unkX_D000277E_19C3C0,0x19C3C0,0xA019C3C0,,,low,low: pas dans A2L/atlas 9979 — nommer a la main si besoin; identique 64o vs 9979 au meme offset; fp32=5b6ec3777a17 uniq_u16=24,0x800FB00C,0xA01ADBF0,,,1,fam_0120
2d,fam_D000274C_D000277E_19B3E0,0x19B3E0,0xA019B3E0,,,low,low: 8000/A000 fill — pas une grille lisible; identique 64o vs 9979 au meme offset; fp32=2cde2dbaa034 uniq_u16=2,0x800FB0E4,0xA01ABBC8,0xA01A570C,,1,fam_0068
2d,fam_D0002780_D0002782_1993F0,0x1993F0,0xA01993F0,soi_base_int_trq2A,,medium,medium: pointe DANS soi_base_int_trq2A @0x199380 +0x70 (Start of injection SOI) — pas le debut; comment only; identique 64o vs 9979 au meme offset; fp32=707439c7b404 uniq_u16=16,0x800FB4CC,0xA01A63E4,0xA01AD6E4,Start of injection SOI,1,fam_0050
2d,fam_unkX_unkY_1D3F00,0x1D3F00,0xA01D3F00,,,low,low: 8000/A000 fill — pas une grille lisible; identique 64o vs 9979 au meme offset; fp32=e5df89be50a4 uniq_u16=5,0x800FBDDC,0xA01A472C,0xA01A63F0,,1,fam_0044
2d,fam_unkX_unkY_1D184C,0x1D184C,0xA01D184C,smoke_maf_trqA,,medium,medium: pointe DANS smoke_maf_trqA @0x1D1658 +0x1F4 (Smoke limitation) — pas le debut; comment only; identique 64o vs 9979 au meme offset; fp32=5b5045aac031 uniq_u16=1,0x800FC1B4,0xA01B3914,0xA01AB87C,Smoke limitation,1,fam_0016
2d,fam_unkX_unkY_1C38E8,0x1C38E8,0xA01C38E8,turbo_base3B,,medium,medium: pointe DANS turbo_base3B @0x1C36AC +0x23C (Turbo boost pressure) — pas le debut; comment only; identique 64o vs 9979 au meme offset; fp32=f9508a2ebeee uniq_u16=14,0x800FC4FE,0xA01A73C0,0xA01A473C,Turbo boost pressure,1,fam_0059
2d,fam_unkX_unkY_1CE310,0x1CE310,0xA01CE310,duration_inj6A,,medium,medium: pointe DANS duration_inj6A @0x1CDFE4 +0x32C (Injection system) — pas le debut; comment only; identique 64o vs 9979 au meme offset; fp32=24c2b66835f5 uniq_u16=31,0x800FD86C,0xA01AF1C0,0xA01A76EC,Injection system,1,fam_0071
2d,fam_unkX_unkY_1C84BC,0x1C84BC,0xA01C84BC,,,low,low: 8000/A000 fill — pas une grille lisible; identique 64o vs 9979 au meme offset; fp32=2cde2dbaa034 uniq_u16=1,0x80100730,,,,1,fam_0175
2d,fam_unkX_unkY_19A578,0x19A578,0xA019A578,soi_base_int_trq2A,,medium,medium: pointe DANS soi_base_int_trq2A @0x19A380 +0x1F8 (Start of injection SOI) — pas le debut; comment only; identique 64o vs 9979 au meme offset; fp32=5df67fd1c63a uniq_u16=11,0x801032F2,0xA01B777C,0xA01A7768,Start of injection SOI,1,fam_0089
2d,fam_unkX_unkY_1CB48C,0x1CB48C,0xA01CB48C,,,low,low: pas dans A2L/atlas 9979 — nommer a la main si besoin; identique 64o vs 9979 au meme offset; fp32=af9613760f72 uniq_u16=1,0x80105574,,,,1,fam_0176
2d,fam_unkX_unkY_1CA484,0x1CA484,0xA01CA484,,,low,low: pas dans A2L/atlas 9979 — nommer a la main si besoin; identique 64o vs 9979 au meme offset; fp32=a805ea2f200d uniq_u16=2,0x801055DA,,,,1,fam_0177
2d,fam_unkX_unkY_1D24CC,0x1D24CC,0xA01D24CC,smoke_mapA,,medium,medium: pointe DANS smoke_mapA @0x1D2270 +0x25C (Smoke limitation) — pas le debut; comment only; identique 64o vs 9979 au meme offset; fp32=d45fe72feba0 uniq_u16=19,0x80105DE2,,,Smoke limitation,1,fam_0178
2d,fam_unkX_unkY_1D74EC,0x1D74EC,0xA01D74EC,,,low,low: pas dans A2L/atlas 9979 — nommer a la main si besoin; identique 64o vs 9979 au meme offset; fp32=3fe2e3922bf1 uniq_u16=14,0x80105E1E,,,,1,fam_0179
2d,fam_unkX_D0002E7A_1D6558,0x1D6558,0xA01D6558,,,low,low: pas dans A2L/atlas 9979 — nommer a la main si besoin; identique 64o vs 9979 au meme offset; fp32=995f17aa9c67 uniq_u16=7,0x80105F66,,,,1,fam_0122
2d,fam_unkX_unkY_1D144C,0x1D144C,0xA01D144C,smoke_maf_trqA,,medium,medium: pointe DANS smoke_maf_trqA @0x1D1418 +0x34 (Smoke limitation) — pas le debut; comment only; identique 64o vs 9979 au meme offset; fp32=5b5045aac031 uniq_u16=1,0x801065F8,,,Smoke limitation,1,fam_0180
2d,fam_unkX_D0001A36_1CA43C,0x1CA43C,0xA01CA43C,,,low,low: pas dans A2L/atlas 9979 — nommer a la main si besoin; identique 64o vs 9979 au meme offset; fp32=e06d7ec26157 uniq_u16=6,0x8010662A,,,,1,fam_0008
2d,fam_unkX_D0001A36_1D7434,0x1D7434,0xA01D7434,,,low,low: pas dans A2L/atlas 9979 — nommer a la main si besoin; identique 64o vs 9979 au meme offset; fp32=1970d9a46a0b uniq_u16=9,0x8010665C,,,,1,fam_0008
2d,fam_unkX_D0001A36_1CE404,0x1CE404,0xA01CE404,,,low,low: pas dans A2L/atlas 9979 — nommer a la main si besoin; identique 64o vs 9979 au meme offset; fp32=d618559a1c9d uniq_u16=14,0x8010668C,,,,1,fam_0008
2d,fam_unkX_D0001DA2_1C9A34,0x1C9A34,0xA01C9A34,,,low,low: pas dans A2L/atlas 9979 — nommer a la main si besoin; identique 64o vs 9979 au meme offset; fp32=a08474789459 uniq_u16=24,0x8010F34C,0xA01A151C,0xA01A26F4,,1,fam_0030
2d,fam_unkX_D0001F60_1C7B10,0x1C7B10,0xA01C7B10,,,low,low: pas dans A2L/atlas 9979 — nommer a la main si besoin; identique 64o vs 9979 au meme offset; fp32=4ecb78ebbdc9 uniq_u16=4,0x80111FEA,,,,1,fam_0022
2d,fam_unkX_D0001F60_1C690C,0x1C690C,0xA01C690C,turbo_int_trq_correction2C,,medium,medium: pointe DANS turbo_int_trq_correction2C @0x1C67AC +0x160 (Turbo boost pressure) — pas le debut; comment only; identique 64o vs 9979 au meme offset; fp32=e4bb080eb0be uniq_u16=16,0x801120EC,,,Turbo boost pressure,1,fam_0022
2d,fam_unkX_unkY_199760,0x199760,0xA0199760,soi_base_int_trq2A,,medium,medium: pointe DANS soi_base_int_trq2A @0x199580 +0x1E0 (Start of injection SOI) — pas le debut; comment only; identique 64o vs 9979 au meme offset; fp32=048f0714797c uniq_u16=10,0x801121FE,0xA01BFAD0,,Start of injection SOI,1,fam_0103
2d,fam_unkX_D0001F5E_19A544,0x19A544,0xA019A544,soi_base_int_trq2A,,medium,medium: pointe DANS soi_base_int_trq2A @0x19A380 +0x1C4 (Start of injection SOI) — pas le debut; comment only; identique 64o vs 9979 au meme offset; fp32=465c184304fe uniq_u16=9,0x8011227E,0xA01B698C,0xA01A64C4,Start of injection SOI,1,fam_0018
2d,fam_unkX_D0001F5E_19A554,0x19A554,0xA019A554,soi_base_int_trq2A,,medium,medium: pointe DANS soi_base_int_trq2A @0x19A380 +0x1D4 (Start of injection SOI) — pas le debut; comment only; identique 64o vs 9979 au meme offset; fp32=99775277e5b6 uniq_u16=11,0x801122D0,0xA01B1750,0xA01A64D4,Start of injection SOI,1,fam_0073
2d,fam_D0001F22_D0001F36_1C2794,0x1C2794,0xA01C2794,,,low,low: pas dans A2L/atlas 9979 — nommer a la main si besoin; identique 64o vs 9979 au meme offset; fp32=df9e947aa9bc uniq_u16=1,0x80112356,0xA01A64D4,0xA01A64E4,,1,fam_0053
2d,fam_D0001F2C_D0001F28_19B760,0x19B760,0xA019B760,,,low,low: pas dans A2L/atlas 9979 — nommer a la main si besoin; identique 64o vs 9979 au meme offset; fp32=7e36d3e2c0ee uniq_u16=17,0x80112676,0xA01A1528,0xA01BF6B4,,1,fam_0031
2d,fam_D0001F2C_D0001F28_1C56DC,0x1C56DC,0xA01C56DC,,,low,low: 8000/A000 fill — pas une grille lisible; tombe dans turbo_int_trq_correction2C +0x130 (Turbo boost pressure) — ne pas renommer; identique 64o vs 9979 au meme offset; fp32=2cde2dbaa034 uniq_u16=1,0x801126A0,0xA01BF6B4,,,1,fam_0114
2d,fam_unkX_unkY_1CE9E0,0x1CE9E0,0xA01CE9E0,,,low,low: pas dans A2L/atlas 9979 — nommer a la main si besoin; identique 64o vs 9979 au meme offset; fp32=1fac2ada9814 uniq_u16=12,0x801127AE,,,,1,fam_0181
2d,fam_D0001F5C_unkY_19E4E0,0x19E4E0,0xA019E4E0,,,low,low: 8000/A000 fill — pas une grille lisible; identique 64o vs 9979 au meme offset; fp32=0d0f1a8242a3 uniq_u16=5,0x80112856,0xA01A36DC,0xA01B9940,,1,fam_0039
2d,fam_unkX_unkY_1F0E04,0x1F0E04,0xA01F0E04,,,low,low: 8000/A000 fill — pas une grille lisible; identique 64o vs 9979 au meme offset; fp32=66687aadf862 uniq_u16=1,0x80115454,,,,1,fam_0182
2d,fam_unkX_unkY_1CA4CC,0x1CA4CC,0xA01CA4CC,,,low,low: pas dans A2L/atlas 9979 — nommer a la main si besoin; identique 64o vs 9979 au meme offset; fp32=bb866f6356df uniq_u16=8,0x80121AFA,,,,1,fam_0183
2d,fam_D000302A_unkY_1CC4D8,0x1CC4D8,0xA01CC4D8,,,low,low: pas dans A2L/atlas 9979 — nommer a la main si besoin; identique 64o vs 9979 au meme offset; fp32=5c8e2a70fe61 uniq_u16=26,0x80121C1E,,,,1,fam_0135
2d,fam_D0002E38_unkY_1D14C4,0x1D14C4,0xA01D14C4,smoke_maf_trqA,,medium,medium: pointe DANS smoke_maf_trqA @0x1D1418 +0xAC (Smoke limitation) — pas le debut; comment only; identique 64o vs 9979 au meme offset; fp32=5b5045aac031 uniq_u16=1,0x80121E4C,,,Smoke limitation,1,fam_0134
2d,fam_unkX_unkY_1D0A38,0x1D0A38,0xA01D0A38,,,low,low: 8000/A000 fill — pas une grille lisible; identique 64o vs 9979 au meme offset; fp32=2cde2dbaa034 uniq_u16=13,0x8012E6DA,0xA01B7938,0xA01AC92C,,1,fam_0019
2d,fam_unkX_unkY_1D4A28,0x1D4A28,0xA01D4A28,,,low,low: pas dans A2L/atlas 9979 — nommer a la main si besoin; identique 64o vs 9979 au meme offset; fp32=81e083e452d6 uniq_u16=14,0x8012E720,0xA01AA930,0xA01AC92C,,1,fam_0012
2d,fam_unkX_unkY_1D2A30,0x1D2A30,0xA01D2A30,smoke_mapA,,medium,medium: pointe DANS smoke_mapA @0x1D27C8 +0x268 (Smoke limitation) — pas le debut; comment only; identique 64o vs 9979 au meme offset; fp32=654e316edee0 uniq_u16=29,0x8012E74A,0xA01AA930,0xA01AC92C,Smoke limitation,1,fam_0012
B,B_fam_unkX_unkY_18440C,0x18440C,0xA018440C,,,low,low: pas dans A2L/atlas 9979 — nommer a la main si besoin; identique 64o vs 9979 au meme offset; fp32=0f1231cd8172 uniq_u16=31,0x8006202E,,,,1,B_fam_0044
B,B_fam_unkX_unkY_185400,0x185400,0xA0185400,,,low,low: pas dans A2L/atlas 9979 — nommer a la main si besoin; identique 64o vs 9979 au meme offset; fp32=dc1eab3d23e8 uniq_u16=16,0x80062080,,,,1,B_fam_0045
B,B_fam_unkX_unkY_1C58E0,0x1C58E0,0xA01C58E0,,,low,low: 8000/A000 fill — pas une grille lisible; tombe dans turbo_int_trq_correction2C +0x34 (Turbo boost pressure) — ne pas renommer; identique 64o vs 9979 au meme offset; fp32=2cde2dbaa034 uniq_u16=1,0x8007B2B4,0xA01A0648,0xA01BC9F8,,1,B_fam_0012
B,B_fam_D00031EC_D00031E8_181508,0x181508,0xA0181508,,,low,low: pas dans A2L/atlas 9979 — nommer a la main si besoin; identique 64o vs 9979 au meme offset; fp32=1203bbe7dfeb uniq_u16=24,0x800817A4,,,,1,B_fam_0033
B,B_fam_D00031F0_D000195A_1844C8,0x1844C8,0xA01844C8,,,low,low: pas dans A2L/atlas 9979 — nommer a la main si besoin; identique 64o vs 9979 au meme offset; fp32=3f1d2999083c uniq_u16=12,0x8008190E,,,,1,B_fam_0007
B,B_fam_D00031EE_unkY_182484,0x182484,0xA0182484,,,low,low: pas dans A2L/atlas 9979 — nommer a la main si besoin; identique 64o vs 9979 au meme offset; fp32=dba46df32ac9 uniq_u16=12,0x80081A3C,,,,1,B_fam_0011
B,B_fam_D00031EE_unkY_182494,0x182494,0xA0182494,,,low,low: pas dans A2L/atlas 9979 — nommer a la main si besoin; identique 64o vs 9979 au meme offset; fp32=4c42474452c0 uniq_u16=13,0x80081B50,,,,1,B_fam_0011
B,B_fam_unkX_unkY_1D32CC,0x1D32CC,0xA01D32CC,tqlim_base_pu_4A,,medium,medium: pointe DANS tqlim_base_pu_4A @0x1D3190 +0x13C (Engine torque limiters) — pas le debut; comment only; differe de 9979 au meme offset; fp32=c341347c2deb uniq_u16=5,0x8008736E,0xA01B4894,0xA01B2868,Engine torque limiters,0,B_fam_0003
B,B_fam_unkX_unkY_1D12CC,0x1D12CC,0xA01D12CC,smoke_maf_trqA,,medium,medium: pointe DANS smoke_maf_trqA @0x1D11D8 +0xF4 (Smoke limitation) — pas le debut; comment only; identique 64o vs 9979 au meme offset; fp32=5b5045aac031 uniq_u16=1,0x800873A8,0xA01B4894,0xA01B2868,Smoke limitation,1,B_fam_0003
B,B_fam_unkX_unkY_1D52EC,0x1D52EC,0xA01D52EC,,,low,low: pas dans A2L/atlas 9979 — nommer a la main si besoin; identique 64o vs 9979 au meme offset; fp32=46070f7c8fbc uniq_u16=1,0x800873C0,0xA01B4894,0xA01B2868,,1,B_fam_0003
B,B_fam_D0002482_unkY_1D78BC,0x1D78BC,0xA01D78BC,,,low,low: 8000/A000 fill — pas une grille lisible; identique 64o vs 9979 au meme offset; fp32=2cde2dbaa034 uniq_u16=4,0x800876F2,,,,1,B_fam_0039
B,B_fam_D0002496_D0002494_1D02DC,0x1D02DC,0xA01D02DC,,,low,low: pas dans A2L/atlas 9979 — nommer a la main si besoin; differe de 9979 au meme offset; fp32=4589b8a1589c uniq_u16=2,0x80087AC0,,,,0,B_fam_0008
B,B_fam_D0002496_D0002494_1CE29C,0x1CE29C,0xA01CE29C,duration_inj6A,,medium,medium: pointe DANS duration_inj6A @0x1CDFE4 +0x2B8 (Injection system) — pas le debut; comment only; identique 64o vs 9979 au meme offset; fp32=c261ad9eb5f6 uniq_u16=32,0x80087B26,0xA01A6614,,Injection system,1,B_fam_0008
B,B_fam_D0002BEC_unkY_193BC4,0x193BC4,0xA0193BC4,soi_base_int_trq2A,,medium,medium: pointe DANS soi_base_int_trq2A @0x193B80 +0x44 (Start of injection SOI) — pas le debut; comment only; identique 64o vs 9979 au meme offset; fp32=e482544172de uniq_u16=5,0x80092FE6,,,Start of injection SOI,1,B_fam_0010
B,B_fam_D0002BEC_unkY_191B68,0x191B68,0xA0191B68,soi_base_int_trq2A,,medium,medium: pointe DANS soi_base_int_trq2A @0x191980 +0x1E8 (Start of injection SOI) — pas le debut; comment only; identique 64o vs 9979 au meme offset; fp32=6b28b24d4eb7 uniq_u16=25,0x80093098,0xA01A3B74,,Start of injection SOI,1,B_fam_0010
B,B_fam_unkX_unkY_19BB74,0x19BB74,0xA019BB74,,,low,low: pas dans A2L/atlas 9979 — nommer a la main si besoin; identique 64o vs 9979 au meme offset; fp32=90fd395f98ab uniq_u16=30,0x8009354A,,,,1,B_fam_0046
B,B_fam_unkX_unkY_1CE2CC,0x1CE2CC,0xA01CE2CC,duration_inj6A,,medium,medium: pointe DANS duration_inj6A @0x1CDFE4 +0x2E8 (Injection system) — pas le debut; comment only; identique 64o vs 9979 au meme offset; fp32=d468fde807b6 uniq_u16=32,0x800954AA,0xA01A88FC,0xA01A8934,Injection system,1,B_fam_0002
B,B_fam_unkX_unkY_1C92EC,0x1C92EC,0xA01C92EC,,,low,low: pas dans A2L/atlas 9979 — nommer a la main si besoin; differe de 9979 au meme offset; fp32=711ff0eba505 uniq_u16=30,0x800954F8,0xA01A88FC,0xA01A8934,,0,B_fam_0002
B,B_fam_unkX_unkY_1D1040,0x1D1040,0xA01D1040,smoke_mapA,,medium,medium: pointe DANS smoke_mapA @0x1D0F2C +0x114 (Smoke limitation) — pas le debut; comment only; identique 64o vs 9979 au meme offset; fp32=5b5045aac031 uniq_u16=1,0x80096A6C,0xA01B1874,0xA01B1874,Smoke limitation,1,B_fam_0021
B,B_fam_D0001FA2_D0001F96_19C54C,0x19C54C,0xA019C54C,,,low,low: pas dans A2L/atlas 9979 — nommer a la main si besoin; identique 64o vs 9979 au meme offset; fp32=c1590f5b1894 uniq_u16=3,0x800ADF58,0xA01AD8E8,0xA01AE8C0,,1,B_fam_0020
B,B_fam_D0001FA2_D0001FBC_1D0EE4,0x1D0EE4,0xA01D0EE4,smoke_maf_trqA,,medium,medium: pointe DANS smoke_maf_trqA @0x1D0CEC +0x1F8 (Smoke limitation) — pas le debut; comment only; identique 64o vs 9979 au meme offset; fp32=5b5045aac031 uniq_u16=1,0x800AE028,0xA01AD8E8,,Smoke limitation,1,B_fam_0030
B,B_fam_D0001FA2_unkY_1D43B4,0x1D43B4,0xA01D43B4,,,low,low: pas dans A2L/atlas 9979 — nommer a la main si besoin; identique 64o vs 9979 au meme offset; fp32=aac336189c89 uniq_u16=2,0x800AE160,0xA01BB9C0,,,1,B_fam_0009
B,B_fam_D0001FA2_unkY_1D59C4,0x1D59C4,0xA01D59C4,,,low,low: pas dans A2L/atlas 9979 — nommer a la main si besoin; identique 64o vs 9979 au meme offset; fp32=d33f05920cc4 uniq_u16=23,0x800AE18E,,,,1,B_fam_0009
B,B_fam_D0001FB4_unkY_19A7D0,0x19A7D0,0xA019A7D0,soi_base_int_trq2A,,medium,medium: pointe DANS soi_base_int_trq2A @0x19A780 +0x50 (Start of injection SOI) — pas le debut; comment only; identique 64o vs 9979 au meme offset; fp32=96f8720217c4 uniq_u16=27,0x800AEF4C,0xA01AB21C,0xA01A5518,Start of injection SOI,1,B_fam_0018
B,B_fam_D001481A_D001481A_1CA380,0x1CA380,0xA01CA380,,,low,low: 8000/A000 fill — pas une grille lisible; identique 64o vs 9979 au meme offset; fp32=66687aadf862 uniq_u16=5,0x800B3AA6,0xA01A4640,,,1,B_fam_0034
B,B_fam_unkX_unkY_1E9BC8,0x1E9BC8,0xA01E9BC8,rail_base_int_trq2B,,medium,medium: pointe DANS rail_base_int_trq2B @0x1E9B68 +0x60 (Rail pressure) — pas le debut; comment only; identique 64o vs 9979 au meme offset; fp32=9d493afdb99d uniq_u16=22,0x800B5A96,,,Rail pressure,1,B_fam_0047
B,B_fam_unkX_unkY_19CBD0,0x19CBD0,0xA019CBD0,,,low,low: pas dans A2L/atlas 9979 — nommer a la main si besoin; identique 64o vs 9979 au meme offset; fp32=e695276e7701 uniq_u16=2,0x800BBE64,0xA01A6BF8,0xA01A7BF8,,1,B_fam_0015
B,B_fam_unkX_unkY_1C37F4,0x1C37F4,0xA01C37F4,turbo_base3B,,medium,medium: pointe DANS turbo_base3B @0x1C36AC +0x148 (Turbo boost pressure) — pas le debut; comment only; identique 64o vs 9979 au meme offset; fp32=97bc115b67ca uniq_u16=22,0x800BD03A,0xA01A6710,0xA01AE940,Turbo boost pressure,1,B_fam_0004
B,B_fam_D00024C4_D0000000_1C57F4,0x1C57F4,0xA01C57F4,,,low,low: 8000/A000 fill — pas une grille lisible; tombe dans turbo_int_trq_correction2C +0xC8 (Turbo boost pressure) — ne pas renommer; identique 64o vs 9979 au meme offset; fp32=2cde2dbaa034 uniq_u16=1,0x800BD0F4,0xA01A6724,0xA01AE940,,1,B_fam_0005
B,B_fam_unkX_unkY_1D6310,0x1D6310,0xA01D6310,,,low,low: pas dans A2L/atlas 9979 — nommer a la main si besoin; identique 64o vs 9979 au meme offset; fp32=0d059a527e0c uniq_u16=11,0x800BFBE0,0xA01B38F8,0xA01A14D8,,1,B_fam_0023
B,B_fam_D0002A2E_unkY_1D6F58,0x1D6F58,0xA01D6F58,,,low,low: pas dans A2L/atlas 9979 — nommer a la main si besoin; identique 64o vs 9979 au meme offset; fp32=28a8e8b9ce88 uniq_u16=5,0x800BFC5A,0xA01A4618,0xA01A06EC,,1,B_fam_0013
B,B_fam_D0002A36_D0002A3E_1D6350,0x1D6350,0xA01D6350,,,low,low: pas dans A2L/atlas 9979 — nommer a la main si besoin; identique 64o vs 9979 au meme offset; fp32=885e6f57f6ca uniq_u16=12,0x800BFE18,,,,1,B_fam_0032
B,B_fam_D00028F6_D00028F8_19C638,0x19C638,0xA019C638,,,low,low: pas dans A2L/atlas 9979 — nommer a la main si besoin; differe de 9979 au meme offset; fp32=532770724b25 uniq_u16=6,0x800C566A,0xA01B29A0,,,0,B_fam_0031
B,B_fam_unkX_unkY_1997F4,0x1997F4,0xA01997F4,soi_base_int_trq2A,,medium,medium: pointe DANS soi_base_int_trq2A @0x199780 +0x74 (Start of injection SOI) — pas le debut; comment only; identique 64o vs 9979 au meme offset; fp32=dc66406b5fb5 uniq_u16=11,0x800C69C8,0xA01BD9C4,,Start of injection SOI,1,B_fam_0028
B,B_fam_D0001964_D000196A_181484,0x181484,0xA0181484,,,low,low: pas dans A2L/atlas 9979 — nommer a la main si besoin; identique 64o vs 9979 au meme offset; fp32=19537de4a010 uniq_u16=17,0x800C6BD0,,,,1,B_fam_0029
B,B_fam_unkX_unkY_1804D8,0x1804D8,0xA01804D8,,,low,low: pas dans A2L/atlas 9979 — nommer a la main si besoin; identique 64o vs 9979 au meme offset; fp32=17cbbf90417e uniq_u16=25,0x800C6C30,,,,1,B_fam_0048
B,B_fam_unkX_unkY_1834D8,0x1834D8,0xA01834D8,,,low,low: pas dans A2L/atlas 9979 — nommer a la main si besoin; identique 64o vs 9979 au meme offset; fp32=dcb5149200c6 uniq_u16=12,0x800C6C56,,,,1,B_fam_0049
B,B_fam_unkX_unkY_1814B8,0x1814B8,0xA01814B8,,,low,low: pas dans A2L/atlas 9979 — nommer a la main si besoin; identique 64o vs 9979 au meme offset; fp32=f61f7d8171f5 uniq_u16=18,0x800C6C84,,,,1,B_fam_0050
B,B_fam_unkX_unkY_1824A4,0x1824A4,0xA01824A4,,,low,low: pas dans A2L/atlas 9979 — nommer a la main si besoin; identique 64o vs 9979 au meme offset; fp32=8c171d294db4 uniq_u16=17,0x800C6CFA,,,,1,B_fam_0051
B,B_fam_unkX_unkY_184518,0x184518,0xA0184518,,,low,low: pas dans A2L/atlas 9979 — nommer a la main si besoin; identique 64o vs 9979 au meme offset; fp32=d7952ea84f60 uniq_u16=27,0x800C6DC6,,,,1,B_fam_0052
B,B_fam_unkX_unkY_180488,0x180488,0xA0180488,,,low,low: pas dans A2L/atlas 9979 — nommer a la main si besoin; identique 64o vs 9979 au meme offset; fp32=019fef905672 uniq_u16=24,0x800C6E3E,,,,1,B_fam_0054
B,B_fam_D000206C_unkY_1CBED4,0x1CBED4,0xA01CBED4,,,low,low: pas dans A2L/atlas 9979 — nommer a la main si besoin; identique 64o vs 9979 au meme offset; fp32=49cfd0f107aa uniq_u16=27,0x800C851A,0xA01A360C,,,1,B_fam_0038
B,B_fam_unkX_unkY_1D097C,0x1D097C,0xA01D097C,,,low,low: pas dans A2L/atlas 9979 — nommer a la main si besoin; identique 64o vs 9979 au meme offset; fp32=758791a28fd7 uniq_u16=26,0x800CC380,,,,1,B_fam_0056
B,B_fam_D0001A02_unkY_1C3AC4,0x1C3AC4,0xA01C3AC4,turbo_int_trq_correction2C,turbo_int_trq_correction2C,high,high: empreinte diverse = famille turbo_int_trq_correction2C (Turbo boost pressure) delta=0x18 cols=12 rows=16 src=a2l; identique 64o vs 9979 au meme offset; fp32=42a13df4eaf8 uniq_u16=21,0x800CF1D8,,,Turbo boost pressure,1,B_fam_0037
B,B_fam_unkX_unkY_1EDBC8,0x1EDBC8,0xA01EDBC8,,,low,low: 8000/A000 fill — pas une grille lisible; identique 64o vs 9979 au meme offset; fp32=66687aadf862 uniq_u16=1,0x800D4DE6,,,,1,B_fam_0057
B,B_fam_unkX_unkY_1F5BE8,0x1F5BE8,0xA01F5BE8,,,low,low: 8000/A000 fill — pas une grille lisible; identique 64o vs 9979 au meme offset; fp32=66687aadf862 uniq_u16=1,0x800D4E0C,,,,1,B_fam_0058
B,B_fam_unkX_unkY_1F6BD8,0x1F6BD8,0xA01F6BD8,,,low,low: 8000/A000 fill — pas une grille lisible; identique 64o vs 9979 au meme offset; fp32=66687aadf862 uniq_u16=1,0x800D4E4C,,,,1,B_fam_0059
B,B_fam_unkX_unkY_1CDE8C,0x1CDE8C,0xA01CDE8C,duration_inj6A,,medium,medium: pointe DANS duration_inj6A @0x1CDC84 +0x208 (Injection system) — pas le debut; comment only; identique 64o vs 9979 au meme offset; fp32=8ee507cdf486 uniq_u16=32,0x800D6784,0xA01AA840,0xA01AD8DC,Injection system,1,B_fam_0006
B,B_fam_unkX_D0001ADE_1D3ACC,0x1D3ACC,0xA01D3ACC,,,low,low: pas dans A2L/atlas 9979 — nommer a la main si besoin; identique 64o vs 9979 au meme offset; fp32=6978be0cd747 uniq_u16=23,0x800DDFA8,,,,1,B_fam_0036
B,B_fam_unkX_unkY_1986D0,0x1986D0,0xA01986D0,,,low,low: 8000/A000 fill — pas une grille lisible; identique 64o vs 9979 au meme offset; fp32=2cde2dbaa034 uniq_u16=1,0x800E2864,0xA01B26FC,,,1,B_fam_0026
B,B_fam_unkX_unkY_1CFDA4,0x1CFDA4,0xA01CFDA4,,,low,low: 8000/A000 fill — pas une grille lisible; tombe dans AccPed_trq4A +0xE4 (Engine torque request) — ne pas renommer; differe de 9979 au meme offset; fp32=a55995ffaa51 uniq_u16=16,0x800E3236,,,,0,B_fam_0060
B,B_fam_unkX_unkY_198708,0x198708,0xA0198708,,,low,low: 8000/A000 fill — pas une grille lisible; identique 64o vs 9979 au meme offset; fp32=2cde2dbaa034 uniq_u16=1,0x800E67A0,0xA01A5530,0xA01A56C0,,1,B_fam_0014
B,B_fam_unkX_unkY_19D6C8,0x19D6C8,0xA019D6C8,,,low,low: pas dans A2L/atlas 9979 — nommer a la main si besoin; identique 64o vs 9979 au meme offset; fp32=b3b9a7ba294d uniq_u16=8,0x800E96F6,0xA01BC03C,,,1,B_fam_0027
B,B_fam_unkX_unkY_1D389C,0x1D389C,0xA01D389C,,,low,low: 8000/A000 fill — pas une grille lisible; identique 64o vs 9979 au meme offset; fp32=2cde2dbaa034 uniq_u16=1,0x800F00D4,,,,1,B_fam_0061
B,B_fam_D0001D60_D0001D62_1D1F00,0x1D1F00,0xA01D1F00,smoke_mapA,,medium,medium: pointe DANS smoke_mapA @0x1D1D18 +0x1E8 (Smoke limitation) — pas le debut; comment only; identique 64o vs 9979 au meme offset; fp32=e0a826f82460 uniq_u16=29,0x800F4BA8,0xA01B38C0,0xA01A06D4,Smoke limitation,1,B_fam_0022
B,B_fam_unkX_unkY_1C7920,0x1C7920,0xA01C7920,,,low,low: pas dans A2L/atlas 9979 — nommer a la main si besoin; identique 64o vs 9979 au meme offset; fp32=168990b3a77a uniq_u16=3,0x800FA92E,,,,1,B_fam_0062
B,B_fam_D0002D18_unkY_1CBF18,0x1CBF18,0xA01CBF18,,,low,low: pas dans A2L/atlas 9979 — nommer a la main si besoin; identique 64o vs 9979 au meme offset; fp32=2f1ff44052e4 uniq_u16=28,0x800FFB58,0xA01AA8C8,0xA01A4700,,1,B_fam_0017
B,B_fam_D0002D18_D0002D16_1C8F18,0x1C8F18,0xA01C8F18,,,low,low: pas dans A2L/atlas 9979 — nommer a la main si besoin; identique 64o vs 9979 au meme offset; fp32=e355b7dde6c2 uniq_u16=23,0x800FFB84,0xA01AA8C8,0xA01A06E0,,1,B_fam_0016
B,B_fam_unkX_unkY_1EDC04,0x1EDC04,0xA01EDC04,,,low,low: 8000/A000 fill — pas une grille lisible; identique 64o vs 9979 au meme offset; fp32=66687aadf862 uniq_u16=1,0x80103E54,,,,1,B_fam_0063
B,B_fam_D00026C2_unkY_1F4C7C,0x1F4C7C,0xA01F4C7C,,,low,low: 8000/A000 fill — pas une grille lisible; identique 64o vs 9979 au meme offset; fp32=66687aadf862 uniq_u16=1,0x8010498E,,,,1,B_fam_0040
B,B_fam_unkX_unkY_1E8C44,0x1E8C44,0xA01E8C44,,,low,low: pas dans A2L/atlas 9979 — nommer a la main si besoin; identique 64o vs 9979 au meme offset; fp32=bbebc160a950 uniq_u16=11,0x80104A4A,,,,1,B_fam_0064
B,B_fam_unkX_D0001A36_1D4454,0x1D4454,0xA01D4454,,,low,low: pas dans A2L/atlas 9979 — nommer a la main si besoin; identique 64o vs 9979 au meme offset; fp32=80caa6c1c1bf uniq_u16=20,0x801066CE,,,,1,B_fam_0035
B,B_fam_unkX_unkY_1CC810,0x1CC810,0xA01CC810,,,low,low: pas dans A2L/atlas 9979 — nommer a la main si besoin; identique 64o vs 9979 au meme offset; fp32=7ee04897381e uniq_u16=26,0x8010681A,,0xA01A4720,,1,B_fam_0024
B,B_fam_unkX_unkY_1D0AA8,0x1D0AA8,0xA01D0AA8,AccPed_trq4A,,medium,medium: pointe DANS AccPed_trq4A @0x1D0A5C +0x4C (Engine torque request) — pas le debut; comment only; identique 64o vs 9979 au meme offset; fp32=4e23ee78a921 uniq_u16=29,0x8010FED6,,0xA01B6818,Engine torque request,1,B_fam_0025
B,B_fam_unkX_unkY_19B7C0,0x19B7C0,0xA019B7C0,,,low,low: pas dans A2L/atlas 9979 — nommer a la main si besoin; identique 64o vs 9979 au meme offset; fp32=0e06c72b0058 uniq_u16=1,0x8011639A,0xA01A91D0,,,1,B_fam_0001
B,B_fam_unkX_unkY_1C8A08,0x1C8A08,0xA01C8A08,,,low,low: pas dans A2L/atlas 9979 — nommer a la main si besoin; identique 64o vs 9979 au meme offset; fp32=99e755087683 uniq_u16=32,0x801244CE,,,,1,B_fam_0065
C,C_fam_unkX_unkY_18343C,0x18343C,0xA018343C,,,low,low: pas dans A2L/atlas 9979 — nommer a la main si besoin; differe de 9979 au meme offset; fp32=cb74739cdd33 uniq_u16=22,0x80052C30,,,,0,C_fam_0281
C,C_fam_unkX_unkY_183410,0x183410,0xA0183410,,,low,low: pas dans A2L/atlas 9979 — nommer a la main si besoin; identique 64o vs 9979 au meme offset; fp32=bc335e4b7745 uniq_u16=20,0x80057410,,,,1,C_fam_0283
C,C_fam_unkX_unkY_1873C0,0x1873C0,0xA01873C0,,,low,low: pas dans A2L/atlas 9979 — nommer a la main si besoin; identique 64o vs 9979 au meme offset; fp32=ac6e37920276 uniq_u16=1,0x8005F408,,,,1,C_fam_0284
C,C_fam_unkX_unkY_1873DC,0x1873DC,0xA01873DC,,,low,low: pas dans A2L/atlas 9979 — nommer a la main si besoin; identique 64o vs 9979 au meme offset; fp32=ac6e37920276 uniq_u16=1,0x8005F476,,,,1,C_fam_0285
C,C_fam_unkX_unkY_1D39D8,0x1D39D8,0xA01D39D8,,,low,low: pas dans A2L/atlas 9979 — nommer a la main si besoin; identique 64o vs 9979 au meme offset; fp32=6f3df95ed995 uniq_u16=11,0x80074222,,,,1,C_fam_0288
C,C_fam_unkX_unkY_19E4AC,0x19E4AC,0xA019E4AC,,,low,low: 8000/A000 fill — pas une grille lisible; identique 64o vs 9979 au meme offset; fp32=155a064a08ac uniq_u16=4,0x80074254,0xA01B674C,,,1,C_fam_0007
C,C_fam_unkX_unkY_19F480,0x19F480,0xA019F480,,,low,low: pas dans A2L/atlas 9979 — nommer a la main si besoin; identique 64o vs 9979 au meme offset; fp32=999eaa971bd4 uniq_u16=15,0x80074E68,0xA01B675C,0xA01AD8D0,,1,C_fam_0123
C,C_fam_D000209C_D000208A_1C0AD0,0x1C0AD0,0xA01C0AD0,turbo_base3B,,medium,medium: pointe DANS turbo_base3B @0x1C09AC +0x124 (Turbo boost pressure) — pas le debut; comment only; identique 64o vs 9979 au meme offset; fp32=ea40367bff6b uniq_u16=27,0x80078AB4,,,Turbo boost pressure,1,C_fam_0197
C,C_fam_D000209C_unkY_1C0A84,0x1C0A84,0xA01C0A84,turbo_base3B,,medium,medium: pointe DANS turbo_base3B @0x1C09AC +0xD8 (Turbo boost pressure) — pas le debut; comment only; identique 64o vs 9979 au meme offset; fp32=8273e47f5ea6 uniq_u16=29,0x80078AD6,,,Turbo boost pressure,1,C_fam_0256
C,C_fam_D000208E_unkY_1D5EC0,0x1D5EC0,0xA01D5EC0,,,low,low: pas dans A2L/atlas 9979 — nommer a la main si besoin; identique 64o vs 9979 au meme offset; fp32=481579b92c64 uniq_u16=17,0x80078C04,0xA01A2630,,,1,C_fam_0255
C,C_fam_unkX_D00018C0_1D6668,0x1D6668,0xA01D6668,,,low,low: pas dans A2L/atlas 9979 — nommer a la main si besoin; identique 64o vs 9979 au meme offset; fp32=1a4bdf7c6f20 uniq_u16=17,0x8007937E,,,,1,C_fam_0215
C,C_fam_unkX_unkY_19D4B4,0x19D4B4,0xA019D4B4,,,low,low: pas dans A2L/atlas 9979 — nommer a la main si besoin; identique 64o vs 9979 au meme offset; fp32=92a684adefd6 uniq_u16=2,0x8007BC48,0xA01AC8E0,0xA01A9200,,1,C_fam_0020
C,C_fam_unkX_unkY_19A44C,0x19A44C,0xA019A44C,soi_base_int_trq2A,,medium,medium: pointe DANS soi_base_int_trq2A @0x19A380 +0xCC (Start of injection SOI) — pas le debut; comment only; identique 64o vs 9979 au meme offset; fp32=acc87daf861b uniq_u16=25,0x8007C648,0xA01A467C,,Start of injection SOI,1,C_fam_0138
C,C_fam_unkX_unkY_1D39F4,0x1D39F4,0xA01D39F4,,,low,low: pas dans A2L/atlas 9979 — nommer a la main si besoin; identique 64o vs 9979 au meme offset; fp32=cbd955033815 uniq_u16=13,0x8007D5A8,,0xA01A2650,,1,C_fam_0130
C,C_fam_unkX_D0002AF6_1CFE3C,0x1CFE3C,0xA01CFE3C,AccPed_trq4A,,medium,medium: pointe DANS AccPed_trq4A @0x1CFDC0 +0x7C (Engine torque request) — pas le debut; comment only; differe de 9979 au meme offset; fp32=78fffd206fe2 uniq_u16=22,0x8007D838,0xA01A3644,0xA01A066C,Engine torque request,0,C_fam_0070
C,C_fam_unkX_unkY_1CEE94,0x1CEE94,0xA01CEE94,,,low,low: pas dans A2L/atlas 9979 — nommer a la main si besoin; identique 64o vs 9979 au meme offset; fp32=36b4b50ecd17 uniq_u16=2,0x80082022,0xA01B594C,0xA01BBAD8,,1,C_fam_0122
C,C_fam_unkX_unkY_1C0A98,0x1C0A98,0xA01C0A98,turbo_base3B,,medium,medium: pointe DANS turbo_base3B @0x1C09AC +0xEC (Turbo boost pressure) — pas le debut; comment only; identique 64o vs 9979 au meme offset; fp32=58ab081a07d9 uniq_u16=28,0x80085C3A,0xA01B4870,,Turbo boost pressure,1,C_fam_0169
C,C_fam_D0003028_unkY_1CC804,0x1CC804,0xA01CC804,,,low,low: pas dans A2L/atlas 9979 — nommer a la main si besoin; identique 64o vs 9979 au meme offset; fp32=ff778fbde965 uniq_u16=28,0x80085EA0,,,,1,C_fam_0279
C,C_fam_unkX_D0003018_19946C,0x19946C,0xA019946C,soi_base_int_trq2A,,medium,medium: pointe DANS soi_base_int_trq2A @0x199380 +0xEC (Start of injection SOI) — pas le debut; comment only; identique 64o vs 9979 au meme offset; fp32=f6681139506a uniq_u16=25,0x8008637C,0xA01AC1B4,,Start of injection SOI,1,C_fam_0233
C,C_fam_unkX_unkY_1D0ADC,0x1D0ADC,0xA01D0ADC,AccPed_trq4A,,medium,medium: pointe DANS AccPed_trq4A @0x1D0A5C +0x80 (Engine torque request) — pas le debut; comment only; identique 64o vs 9979 au meme offset; fp32=134f2b3d642e uniq_u16=29,0x8008749C,0xA01A46A0,,Engine torque request,1,C_fam_0139
C,C_fam_unkX_unkY_19A438,0x19A438,0xA019A438,soi_base_int_trq2A,,medium,medium: pointe DANS soi_base_int_trq2A @0x19A380 +0xB8 (Start of injection SOI) — pas le debut; comment only; identique 64o vs 9979 au meme offset; fp32=590f5c5ac193 uniq_u16=24,0x80087920,0xA01A88EC,0xA01A14C4,Start of injection SOI,1,C_fam_0090
C,C_fam_D0001AB8_unkY_1CDE50,0x1CDE50,0xA01CDE50,duration_inj6A,,medium,medium: pointe DANS duration_inj6A @0x1CDC84 +0x1CC (Injection system) — pas le debut; comment only; identique 64o vs 9979 au meme offset; fp32=10011b5aab25 uniq_u16=32,0x8008B652,0xA01A3674,,Injection system,1,C_fam_0247
C,C_fam_D0001AB8_unkY_19F60C,0x19F60C,0xA019F60C,,,low,low: pas dans A2L/atlas 9979 — nommer a la main si besoin; identique 64o vs 9979 au meme offset; fp32=496bb57780de uniq_u16=5,0x8008B688,0xA01A3674,0xA01AF224,,1,C_fam_0072
C,C_fam_unkX_unkY_1CCE78,0x1CCE78,0xA01CCE78,,,low,low: 8000/A000 fill — pas une grille lisible; identique 64o vs 9979 au meme offset; fp32=66687aadf862 uniq_u16=1,0x8008C778,0xA01A3668,,,1,C_fam_0136
C,C_fam_D000190C_unkY_19D444,0x19D444,0xA019D444,,,low,low: pas dans A2L/atlas 9979 — nommer a la main si besoin; identique 64o vs 9979 au meme offset; fp32=92a684adefd6 uniq_u16=1,0x8008D0BE,0xA01BFAB4,,,1,C_fam_0242
C,C_fam_unkX_unkY_1C68FC,0x1C68FC,0xA01C68FC,turbo_int_trq_correction2C,,medium,medium: pointe DANS turbo_int_trq_correction2C @0x1C67AC +0x150 (Turbo boost pressure) — pas le debut; comment only; identique 64o vs 9979 au meme offset; fp32=b2084f8fe6a3 uniq_u16=10,0x8008D1A2,0xA01A5474,,Turbo boost pressure,1,C_fam_0142
C,C_fam_D0001932_D0001924_19E468,0x19E468,0xA019E468,,,low,low: pas dans A2L/atlas 9979 — nommer a la main si besoin; identique 64o vs 9979 au meme offset; fp32=0cbbfd819f4a uniq_u16=5,0x8008D32E,0xA01AB20C,,,1,C_fam_0191
C,C_fam_unkX_unkY_1D49D4,0x1D49D4,0xA01D49D4,,,low,low: pas dans A2L/atlas 9979 — nommer a la main si besoin; identique 64o vs 9979 au meme offset; fp32=e746616aa4f0 uniq_u16=21,0x8008D99A,,0xA01A0468,,1,C_fam_0129
C,C_fam_unkX_unkY_19C470,0x19C470,0xA019C470,,,low,low: pas dans A2L/atlas 9979 — nommer a la main si besoin; identique 64o vs 9979 au meme offset; fp32=9c23fbada783 uniq_u16=19,0x8008D9C0,0xA01B9AF4,,,1,C_fam_0177
C,C_fam_unkX_unkY_1C68EC,0x1C68EC,0xA01C68EC,turbo_int_trq_correction2C,,medium,medium: pointe DANS turbo_int_trq_correction2C @0x1C67AC +0x140 (Turbo boost pressure) — pas le debut; comment only; identique 64o vs 9979 au meme offset; fp32=a4e5491039bb uniq_u16=7,0x8008DC5E,0xA01A5460,,Turbo boost pressure,1,C_fam_0141
C,C_fam_D0002FE2_unkY_19E454,0x19E454,0xA019E454,,,low,low: pas dans A2L/atlas 9979 — nommer a la main si besoin; identique 64o vs 9979 au meme offset; fp32=0ff6de0edc6c uniq_u16=11,0x8008DEDC,0xA01AA23C,,,1,C_fam_0278
C,C_fam_D000566E_unkY_19F400,0x19F400,0xA019F400,,,low,low: pas dans A2L/atlas 9979 — nommer a la main si besoin; identique 64o vs 9979 au meme offset; fp32=75cb68a4ebbf uniq_u16=8,0x8008E462,0xA01B0C34,0xA01AA974,,1,C_fam_0113
C,C_fam_unkX_unkY_1C3A9C,0x1C3A9C,0xA01C3A9C,turbo_int_trq_correction2C,,medium,medium: pointe DANS turbo_int_trq_correction2C @0x1C392C +0x170 (Turbo boost pressure) — pas le debut; comment only; identique 64o vs 9979 au meme offset; fp32=cfcda6b268d7 uniq_u16=15,0x8008E6FE,0xA01AF82C,,Turbo boost pressure,1,C_fam_0033
C,C_fam_unkX_unkY_1C3A70,0x1C3A70,0xA01C3A70,,,low,low: 8000/A000 fill — pas une grille lisible; tombe dans turbo_int_trq_correction2C +0x144 (Turbo boost pressure) — ne pas renommer; identique 64o vs 9979 au meme offset; fp32=2cde2dbaa034 uniq_u16=2,0x8008E718,0xA01AF82C,,,1,C_fam_0033
C,C_fam_unkX_unkY_19C45C,0x19C45C,0xA019C45C,,,low,low: pas dans A2L/atlas 9979 — nommer a la main si besoin; identique 64o vs 9979 au meme offset; fp32=5857d8bef483 uniq_u16=17,0x8008E8E2,0xA01BFAA4,,,1,C_fam_0180
C,C_fam_D00017EC_D00017DE_19E47C,0x19E47C,0xA019E47C,,,low,low: pas dans A2L/atlas 9979 — nommer a la main si besoin; identique 64o vs 9979 au meme offset; fp32=7f81f4af8265 uniq_u16=5,0x8008E9B8,0xA01AA22C,,,1,C_fam_0187
C,C_fam_unkX_unkY_1CCA2C,0x1CCA2C,0xA01CCA2C,,,low,low: pas dans A2L/atlas 9979 — nommer a la main si besoin; identique 64o vs 9979 au meme offset; fp32=c581d9b39ca2 uniq_u16=13,0x8008EE16,0xA01A147C,,,1,C_fam_0134
C,C_fam_D00016AA_unkY_1CCA04,0x1CCA04,0xA01CCA04,,,low,low: pas dans A2L/atlas 9979 — nommer a la main si besoin; identique 64o vs 9979 au meme offset; fp32=4ccf22ef170f uniq_u16=17,0x8008F8F0,,,,1,C_fam_0239
C,C_fam_D00016DE_unkY_1CCA18,0x1CCA18,0xA01CCA18,,,low,low: pas dans A2L/atlas 9979 — nommer a la main si besoin; identique 64o vs 9979 au meme offset; fp32=fcc827f5cbcf uniq_u16=15,0x8008FAC4,,,,1,C_fam_0240
C,C_fam_unkX_unkY_1EBDF0,0x1EBDF0,0xA01EBDF0,rail_lim_horsA2L_A,,medium,medium: pointe DANS rail_lim_horsA2L_A @0x1EBDD8 +0x18 (Hors A2L / provisoire) — pas le debut; comment only; identique 64o vs 9979 au meme offset; fp32=352302489bc2 uniq_u16=3,0x80090758,0xA01AE848,0xA01AA974,Hors A2L / provisoire,1,C_fam_0026
C,C_fam_unkX_unkY_1F2D9C,0x1F2D9C,0xA01F2D9C,,,low,low: 8000/A000 fill — pas une grille lisible; identique 64o vs 9979 au meme offset; fp32=66687aadf862 uniq_u16=1,0x8009077A,0xA01AE848,0xA01AA974,,1,C_fam_0026
C,C_fam_D0002F10_unkY_1F7D80,0x1F7D80,0xA01F7D80,,,low,low: 8000/A000 fill — pas une grille lisible; identique 64o vs 9979 au meme offset; fp32=66687aadf862 uniq_u16=1,0x800907F8,,0xA01AA974,,1,C_fam_0275
C,C_fam_D0002F12_unkY_1F7D8C,0x1F7D8C,0xA01F7D8C,,,low,low: 8000/A000 fill — pas une grille lisible; identique 64o vs 9979 au meme offset; fp32=66687aadf862 uniq_u16=1,0x80090838,,,,1,C_fam_0276
C,C_fam_D0002EB6_D0002EF2_1EEDC0,0x1EEDC0,0xA01EEDC0,,,low,low: 8000/A000 fill — pas une grille lisible; identique 64o vs 9979 au meme offset; fp32=66687aadf862 uniq_u16=1,0x80090BA6,,,,1,C_fam_0209
C,C_fam_D0002EB6_unkY_1ECDD0,0x1ECDD0,0xA01ECDD0,,,low,low: pas dans A2L/atlas 9979 — nommer a la main si besoin; identique 64o vs 9979 au meme offset; fp32=ca0737808e29 uniq_u16=4,0x80090BCE,,,,1,C_fam_0273
C,C_fam_unkX_unkY_1ECDC0,0x1ECDC0,0xA01ECDC0,,,low,low: pas dans A2L/atlas 9979 — nommer a la main si besoin; identique 64o vs 9979 au meme offset; fp32=c51db3dfb125 uniq_u16=4,0x80090CB2,,,,1,C_fam_0291
C,C_fam_D0002EC4_unkY_1EED80,0x1EED80,0xA01EED80,,,low,low: 8000/A000 fill — pas une grille lisible; identique 64o vs 9979 au meme offset; fp32=66687aadf862 uniq_u16=1,0x80090E40,,,,1,C_fam_0274
C,C_fam_D0002ECC_D0000934_1EBDA0,0x1EBDA0,0xA01EBDA0,,,low,low: 8000/A000 fill — pas une grille lisible; identique 64o vs 9979 au meme offset; fp32=2cde2dbaa034 uniq_u16=3,0x80090ECE,,,,1,C_fam_0186
C,C_fam_unkX_D0002064_1D3EE4,0x1D3EE4,0xA01D3EE4,,,low,low: 8000/A000 fill — pas une grille lisible; identique 64o vs 9979 au meme offset; fp32=2cde2dbaa034 uniq_u16=2,0x8009227A,0xA01A2610,,,1,C_fam_0219
C,C_fam_D0000000_D0002064_1D3EF0,0x1D3EF0,0xA01D3EF0,,,low,low: 8000/A000 fill — pas une grille lisible; identique 64o vs 9979 au meme offset; fp32=2cde2dbaa034 uniq_u16=2,0x800922C6,0xA01A2620,,,1,C_fam_0182
C,C_fam_unkX_unkY_1C89E4,0x1C89E4,0xA01C89E4,,,low,low: 8000/A000 fill — pas une grille lisible; identique 64o vs 9979 au meme offset; fp32=4b63abe9d5c4 uniq_u16=21,0x800944C0,0xA01B1908,,,1,C_fam_0167
C,C_fam_unkX_unkY_18ABC8,0x18ABC8,0xA018ABC8,,,low,low: pas dans A2L/atlas 9979 — nommer a la main si besoin; identique 64o vs 9979 au meme offset; fp32=3ae8abf01d5c uniq_u16=17,0x8009534A,0xA01A7B74,,,1,C_fam_0157
C,C_fam_unkX_D0002C10_189BF8,0x189BF8,0xA0189BF8,,,low,low: pas dans A2L/atlas 9979 — nommer a la main si besoin; identique 64o vs 9979 au meme offset; fp32=4414cd0ba9e5 uniq_u16=6,0x800953B8,0xA01A5B74,,,1,C_fam_0229
C,C_fam_D0002C14_D0002C10_189BE8,0x189BE8,0xA0189BE8,,,low,low: pas dans A2L/atlas 9979 — nommer a la main si besoin; identique 64o vs 9979 au meme offset; fp32=86ab4f5fd69d uniq_u16=6,0x8009541E,,,,1,C_fam_0207
C,C_fam_unkX_D001481A_1C89CC,0x1C89CC,0xA01C89CC,,,low,low: pas dans A2L/atlas 9979 — nommer a la main si besoin; identique 64o vs 9979 au meme offset; fp32=86c5e9818564 uniq_u16=17,0x80095930,0xA01B1908,,,1,C_fam_0235
C,C_fam_unkX_D0003010_1CD9F8,0x1CD9F8,0xA01CD9F8,,,low,low: 8000/A000 fill — pas une grille lisible; identique 64o vs 9979 au meme offset; fp32=2cde2dbaa034 uniq_u16=1,0x8009596C,0xA01B1908,,,1,C_fam_0010
C,C_fam_unkX_D0003010_1C89D8,0x1C89D8,0xA01C89D8,,,low,low: pas dans A2L/atlas 9979 — nommer a la main si besoin; identique 64o vs 9979 au meme offset; fp32=c6d74426a64d uniq_u16=17,0x8009597E,0xA01B1908,,,1,C_fam_0010
C,C_fam_unkX_D0003010_1CDE44,0x1CDE44,0xA01CDE44,duration_inj6A,,medium,medium: pointe DANS duration_inj6A @0x1CDC84 +0x1C0 (Injection system) — pas le debut; comment only; identique 64o vs 9979 au meme offset; fp32=2fd9cc728632 uniq_u16=32,0x800959B6,0xA01B1908,,Injection system,1,C_fam_0010
C,C_fam_D0002420_unkY_1D3020,0x1D3020,0xA01D3020,trq_strt3A,,medium,medium: pointe DANS trq_strt3A @0x1D2F8C +0x94 (Engine torque request) — pas le debut; comment only; identique 64o vs 9979 au meme offset; fp32=ff1d8077ad15 uniq_u16=14,0x8009615E,0xA01A1748,,Engine torque request,1,C_fam_0261
C,C_fam_D0002422_unkY_1D7000,0x1D7000,0xA01D7000,,,low,low: pas dans A2L/atlas 9979 — nommer a la main si besoin; identique 64o vs 9979 au meme offset; fp32=f93fc5653a7a uniq_u16=12,0x800961D6,0xA01A176C,,,1,C_fam_0262
C,C_fam_D0002424_unkY_1D7020,0x1D7020,0xA01D7020,,,low,low: 8000/A000 fill — pas une grille lisible; identique 64o vs 9979 au meme offset; fp32=4267d5415333 uniq_u16=10,0x8009628A,0xA01A2750,,,1,C_fam_0263
C,C_fam_D0002426_unkY_1D60B0,0x1D60B0,0xA01D60B0,,,low,low: pas dans A2L/atlas 9979 — nommer a la main si besoin; identique 64o vs 9979 au meme offset; fp32=ad7c5d03abc5 uniq_u16=13,0x80096320,0xA01A17A8,,,1,C_fam_0264
C,C_fam_D0002428_unkY_1D4328,0x1D4328,0xA01D4328,,,low,low: pas dans A2L/atlas 9979 — nommer a la main si besoin; identique 64o vs 9979 au meme offset; fp32=aac336189c89 uniq_u16=2,0x800963C2,,,,1,C_fam_0265
C,C_fam_D000242A_unkY_1C8000,0x1C8000,0xA01C8000,,,low,low: pas dans A2L/atlas 9979 — nommer a la main si besoin; identique 64o vs 9979 au meme offset; fp32=26dbdaf932e6 uniq_u16=10,0x80096466,0xA01A2774,,,1,C_fam_0266
C,C_fam_D000242C_unkY_1D6090,0x1D6090,0xA01D6090,,,low,low: pas dans A2L/atlas 9979 — nommer a la main si besoin; identique 64o vs 9979 au meme offset; fp32=9fe3ab3da5e1 uniq_u16=10,0x8009650A,,,,1,C_fam_0267
C,C_fam_D000242E_unkY_1D3000,0x1D3000,0xA01D3000,trq_strt3A,,medium,medium: pointe DANS trq_strt3A @0x1D2F8C +0x74 (Engine torque request) — pas le debut; comment only; identique 64o vs 9979 au meme offset; fp32=bc61d1c56af1 uniq_u16=9,0x80096576,,,Engine torque request,1,C_fam_0268
C,C_fam_D000182A_D00018A8_1D5788,0x1D5788,0xA01D5788,,,low,low: pas dans A2L/atlas 9979 — nommer a la main si besoin; identique 64o vs 9979 au meme offset; fp32=35e0c4ad5a57 uniq_u16=6,0x80098426,,,,1,C_fam_0189
C,C_fam_D000078C_unkY_1F68D0,0x1F68D0,0xA01F68D0,,,low,low: 8000/A000 fill — pas une grille lisible; identique 64o vs 9979 au meme offset; fp32=66687aadf862 uniq_u16=1,0x8009A202,,,,1,C_fam_0237
C,C_fam_D0000000_D00006CA_1C78EC,0x1C78EC,0xA01C78EC,,,low,low: pas dans A2L/atlas 9979 — nommer a la main si besoin; identique 64o vs 9979 au meme offset; fp32=4634bb69b385 uniq_u16=7,0x8009AFF4,,,,1,C_fam_0181
C,C_fam_unkX_unkY_1D30A0,0x1D30A0,0xA01D30A0,trq_strt3A,,medium,medium: pointe DANS trq_strt3A @0x1D2F8C +0x114 (Engine torque request) — pas le debut; comment only; identique 64o vs 9979 au meme offset; fp32=f0497a2a6d42 uniq_u16=4,0x8009B28E,,,Engine torque request,1,C_fam_0292
C,C_fam_D0002800_D0000808_19ADD0,0x19ADD0,0xA019ADD0,soi_base_int_trq2A,,medium,medium: pointe DANS soi_base_int_trq2A @0x19AD80 +0x50 (Start of injection SOI) — pas le debut; comment only; identique 64o vs 9979 au meme offset; fp32=96f8720217c4 uniq_u16=27,0x8009B98A,,,Start of injection SOI,1,C_fam_0185
C,C_fam_unkX_D0001710_1CE988,0x1CE988,0xA01CE988,,,low,low: pas dans A2L/atlas 9979 — nommer a la main si besoin; identique 64o vs 9979 au meme offset; fp32=18e8a35eaf9a uniq_u16=20,0x8009E512,,,,1,C_fam_0213
C,C_fam_D00019D2_unkY_19EDC8,0x19EDC8,0xA019EDC8,,,low,low: pas dans A2L/atlas 9979 — nommer a la main si besoin; identique 64o vs 9979 au meme offset; fp32=0cd1e9dc048e uniq_u16=5,0x800A03E8,,,,1,C_fam_0244
C,C_fam_D0001E48_unkY_1CDA00,0x1CDA00,0xA01CDA00,,,low,low: 8000/A000 fill — pas une grille lisible; identique 64o vs 9979 au meme offset; fp32=2cde2dbaa034 uniq_u16=1,0x800A1432,0xA01A647C,,,1,C_fam_0251
C,C_fam_unkX_D0001DAE_1C3A58,0x1C3A58,0xA01C3A58,,,low,low: 8000/A000 fill — pas une grille lisible; tombe dans turbo_int_trq_correction2C +0x12C (Turbo boost pressure) — ne pas renommer; identique 64o vs 9979 au meme offset; fp32=2cde2dbaa034 uniq_u16=1,0x800A2908,,,,1,C_fam_0009
C,C_fam_unkX_D0001DAE_1C3A4C,0x1C3A4C,0xA01C3A4C,,,low,low: 8000/A000 fill — pas une grille lisible; tombe dans turbo_int_trq_correction2C +0x120 (Turbo boost pressure) — ne pas renommer; identique 64o vs 9979 au meme offset; fp32=2cde2dbaa034 uniq_u16=1,0x800A2964,0xA01A53D4,,,1,C_fam_0009
C,C_fam_unkX_D0001DAE_1C3A84,0x1C3A84,0xA01C3A84,,,low,low: 8000/A000 fill — pas une grille lisible; tombe dans turbo_int_trq_correction2C +0x158 (Turbo boost pressure) — ne pas renommer; identique 64o vs 9979 au meme offset; fp32=2cde2dbaa034 uniq_u16=9,0x800A2988,0xA01A53D4,,,1,C_fam_0009
C,C_fam_D0001DC6_D0001DC4_1C0AC4,0x1C0AC4,0xA01C0AC4,turbo_base3B,,medium,medium: pointe DANS turbo_base3B @0x1C09AC +0x118 (Turbo boost pressure) — pas le debut; comment only; identique 64o vs 9979 au meme offset; fp32=8234191e9298 uniq_u16=28,0x800A2EE2,,,Turbo boost pressure,1,C_fam_0038
C,C_fam_D0001DC6_D0001DC4_19A51C,0x19A51C,0xA019A51C,soi_base_int_trq2A,,medium,medium: pointe DANS soi_base_int_trq2A @0x19A380 +0x19C (Start of injection SOI) — pas le debut; comment only; identique 64o vs 9979 au meme offset; fp32=b9490c90ffb7 uniq_u16=12,0x800A2F06,0xA01BFA78,,Start of injection SOI,1,C_fam_0038
C,C_fam_unkX_unkY_19C438,0x19C438,0xA019C438,,,low,low: pas dans A2L/atlas 9979 — nommer a la main si besoin; identique 64o vs 9979 au meme offset; fp32=c2fe730834e6 uniq_u16=17,0x800AB420,0xA01B8798,,,1,C_fam_0175
C,C_fam_unkX_unkY_19E614,0x19E614,0xA019E614,,,low,low: pas dans A2L/atlas 9979 — nommer a la main si besoin; identique 64o vs 9979 au meme offset; fp32=16275f36a53d uniq_u16=12,0x800ADE10,,,,1,C_fam_0293
C,C_fam_unkX_unkY_1997E8,0x1997E8,0xA01997E8,soi_base_int_trq2A,,medium,medium: pointe DANS soi_base_int_trq2A @0x199780 +0x68 (Start of injection SOI) — pas le debut; comment only; identique 64o vs 9979 au meme offset; fp32=43eb762b04a5 uniq_u16=12,0x800ADE62,,,Start of injection SOI,1,C_fam_0294
C,C_fam_unkX_unkY_1CD394,0x1CD394,0xA01CD394,,,low,low: pas dans A2L/atlas 9979 — nommer a la main si besoin; identique 64o vs 9979 au meme offset; fp32=f4c942b543a3 uniq_u16=32,0x800ADEDA,,0xA01A5680,,1,C_fam_0131
C,C_fam_unkX_D0001F96_19C54C,0x19C54C,0xA019C54C,,,low,low: pas dans A2L/atlas 9979 — nommer a la main si besoin; identique 64o vs 9979 au meme offset; fp32=c1590f5b1894 uniq_u16=3,0x800ADF12,,0xA01A5680,,1,C_fam_0218
C,C_fam_unkX_unkY_1C79B8,0x1C79B8,0xA01C79B8,,,low,low: pas dans A2L/atlas 9979 — nommer a la main si besoin; identique 64o vs 9979 au meme offset; fp32=2b9480245581 uniq_u16=9,0x800AE096,0xA01A564C,,,1,C_fam_0144
C,C_fam_unkX_unkY_1C79A8,0x1C79A8,0xA01C79A8,,,low,low: pas dans A2L/atlas 9979 — nommer a la main si besoin; identique 64o vs 9979 au meme offset; fp32=f38e10abd011 uniq_u16=6,0x800AE126,0xA01BB9C0,,,1,C_fam_0037
C,C_fam_unkX_unkY_1C3938,0x1C3938,0xA01C3938,,,low,low: 8000/A000 fill — pas une grille lisible; tombe dans turbo_int_trq_correction2C +0xC (Turbo boost pressure) — ne pas renommer; identique 64o vs 9979 au meme offset; fp32=2cde2dbaa034 uniq_u16=1,0x800AE142,0xA01BB9C0,,,1,C_fam_0037
C,C_fam_D0001FA2_unkY_1D59C4,0x1D59C4,0xA01D59C4,,,low,low: pas dans A2L/atlas 9979 — nommer a la main si besoin; identique 64o vs 9979 au meme offset; fp32=d33f05920cc4 uniq_u16=23,0x800AE1A0,0xA01BB920,,,1,C_fam_0253
C,C_fam_unkX_unkY_19B55C,0x19B55C,0xA019B55C,,,low,low: 8000/A000 fill — pas une grille lisible; identique 64o vs 9979 au meme offset; fp32=37776c840413 uniq_u16=5,0x800AE6F6,,,,1,C_fam_0295
C,C_fam_unkX_unkY_1C885C,0x1C885C,0xA01C885C,,,low,low: pas dans A2L/atlas 9979 — nommer a la main si besoin; identique 64o vs 9979 au meme offset; fp32=6f80d50ef66d uniq_u16=29,0x800AE73E,0xA01B0914,,,1,C_fam_0164
C,C_fam_unkX_unkY_19A7D0,0x19A7D0,0xA019A7D0,soi_base_int_trq2A,,medium,medium: pointe DANS soi_base_int_trq2A @0x19A780 +0x50 (Start of injection SOI) — pas le debut; comment only; identique 64o vs 9979 au meme offset; fp32=96f8720217c4 uniq_u16=27,0x800AEF66,0xA01A0654,0xA01A5518,Start of injection SOI,1,C_fam_0048
C,C_fam_D0000318_unkY_1CD9BC,0x1CD9BC,0xA01CD9BC,,,low,low: 8000/A000 fill — pas une grille lisible; identique 64o vs 9979 au meme offset; fp32=c2879c1e4e6c uniq_u16=2,0x800AF0DC,0xA01A2490,,,1,C_fam_0236
C,C_fam_unkX_unkY_1C3B50,0x1C3B50,0xA01C3B50,turbo_int_trq_correction2C,,medium,medium: pointe DANS turbo_int_trq_correction2C @0x1C3AAC +0xA4 (Turbo boost pressure) — pas le debut; comment only; identique 64o vs 9979 au meme offset; fp32=be062a28dc97 uniq_u16=26,0x800AFAE4,0xA01A6538,,Turbo boost pressure,1,C_fam_0146
C,C_fam_unkX_unkY_1F2890,0x1F2890,0xA01F2890,,,low,low: 8000/A000 fill — pas une grille lisible; identique 64o vs 9979 au meme offset; fp32=66687aadf862 uniq_u16=1,0x800B1658,,,,1,C_fam_0296
C,C_fam_D00019A6_D0001998_1D0F34,0x1D0F34,0xA01D0F34,smoke_mapA,,medium,medium: pointe DANS smoke_mapA @0x1D0F2C +0x8 (Smoke limitation) — pas le debut; comment only; identique 64o vs 9979 au meme offset; fp32=5b5045aac031 uniq_u16=1,0x800B1B10,0xA01A3464,,Smoke limitation,1,C_fam_0192
C,C_fam_unkX_unkY_1D430C,0x1D430C,0xA01D430C,,,low,low: pas dans A2L/atlas 9979 — nommer a la main si besoin; identique 64o vs 9979 au meme offset; fp32=309f0fba3999 uniq_u16=2,0x800B3C44,0xA01A763C,,,1,C_fam_0155
C,C_fam_unkX_unkY_1E88E8,0x1E88E8,0xA01E88E8,,,low,low: pas dans A2L/atlas 9979 — nommer a la main si besoin; identique 64o vs 9979 au meme offset; fp32=3ab60f5fa5bb uniq_u16=6,0x800B5A46,,,,1,C_fam_0297
C,C_fam_unkX_unkY_1EB924,0x1EB924,0xA01EB924,rail_request_horsA2L_banque_12,,medium,medium: pointe DANS rail_request_horsA2L_banque_12 @0x1EB768 +0x1BC (Hors A2L / provisoire) — pas le debut; comment only; identique 64o vs 9979 au meme offset; fp32=444b1cc6abaf uniq_u16=12,0x800B5DB4,,,Hors A2L / provisoire,1,C_fam_0298
C,C_fam_D0001CF4_unkY_1EB934,0x1EB934,0xA01EB934,rail_request_horsA2L_banque_12,,medium,medium: pointe DANS rail_request_horsA2L_banque_12 @0x1EB768 +0x1CC (Hors A2L / provisoire) — pas le debut; comment only; identique 64o vs 9979 au meme offset; fp32=4bd9052e6e5b uniq_u16=15,0x800B5E60,,,Hors A2L / provisoire,1,C_fam_0249
C,C_fam_D0001F46_unkY_1CAA28,0x1CAA28,0xA01CAA28,,,low,low: pas dans A2L/atlas 9979 — nommer a la main si besoin; identique 64o vs 9979 au meme offset; fp32=7bb25c61833b uniq_u16=21,0x800B7B42,0xA01A26D0,,,1,C_fam_0252
C,C_fam_unkX_unkY_19E418,0x19E418,0xA019E418,,,low,low: pas dans A2L/atlas 9979 — nommer a la main si besoin; identique 64o vs 9979 au meme offset; fp32=90aba5d37c0f uniq_u16=14,0x800B875C,0xA01B8788,,,1,C_fam_0174
C,C_fam_unkX_D0001EFE_1D7090,0x1D7090,0xA01D7090,,,low,low: 8000/A000 fill — pas une grille lisible; identique 64o vs 9979 au meme offset; fp32=eb0a450b0b6f uniq_u16=2,0x800B880A,0xA01AB8F8,,,1,C_fam_0042
C,C_fam_unkX_D0001EFE_1C8090,0x1C8090,0xA01C8090,,,low,low: pas dans A2L/atlas 9979 — nommer a la main si besoin; differe de 9979 au meme offset; fp32=6931202a1f05 uniq_u16=4,0x800B8850,0xA01AB8F8,,,0,C_fam_0042
C,C_fam_unkX_unkY_1C58D0,0x1C58D0,0xA01C58D0,,,low,low: 8000/A000 fill — pas une grille lisible; tombe dans turbo_int_trq_correction2C +0x24 (Turbo boost pressure) — ne pas renommer; identique 64o vs 9979 au meme offset; fp32=2cde2dbaa034 uniq_u16=1,0x800BDEB8,0xA01A3528,0xA01A168C,,1,C_fam_0068
C,C_fam_unkX_unkY_1D3928,0x1D3928,0xA01D3928,tqlim_base8A,,medium,medium: pointe DANS tqlim_base8A @0x1D3928 +0x0 (Engine torque limiters) — pas le debut; comment only; identique 64o vs 9979 au meme offset; fp32=dde1e2922309 uniq_u16=5,0x800BDF28,0xA01A140C,0xA01A3538,Engine torque limiters,1,C_fam_0012
C,C_fam_D0002A2E_unkY_1D6F58,0x1D6F58,0xA01D6F58,,,low,low: pas dans A2L/atlas 9979 — nommer a la main si besoin; identique 64o vs 9979 au meme offset; fp32=28a8e8b9ce88 uniq_u16=5,0x800BFC76,0xA01A46B4,0xA01A06EC,,1,C_fam_0078
C,C_fam_unkX_D0002A3E_19C62C,0x19C62C,0xA019C62C,,,low,low: pas dans A2L/atlas 9979 — nommer a la main si besoin; differe de 9979 au meme offset; fp32=3e778bf9a020 uniq_u16=6,0x800BFE58,,,,0,C_fam_0228
C,C_fam_D0002B92_unkY_1C83C4,0x1C83C4,0xA01C83C4,,,low,low: pas dans A2L/atlas 9979 — nommer a la main si besoin; identique 64o vs 9979 au meme offset; fp32=f14704423de5 uniq_u16=24,0x800C0A20,0xA01B682C,,,1,C_fam_0270
C,C_fam_unkX_unkY_1C896C,0x1C896C,0xA01C896C,,,low,low: pas dans A2L/atlas 9979 — nommer a la main si besoin; identique 64o vs 9979 au meme offset; fp32=7b0b03731b3e uniq_u16=32,0x800C2296,,,,1,C_fam_0300
C,C_fam_D0002EA4_D0002EEE_1EBD88,0x1EBD88,0xA01EBD88,,,low,low: 8000/A000 fill — pas une grille lisible; identique 64o vs 9979 au meme offset; fp32=2cde2dbaa034 uniq_u16=1,0x800C491A,,,,1,C_fam_0039
C,C_fam_D0002EA4_D0002EEE_1EBD94,0x1EBD94,0xA01EBD94,,,low,low: 8000/A000 fill — pas une grille lisible; identique 64o vs 9979 au meme offset; fp32=2cde2dbaa034 uniq_u16=2,0x800C494A,,,,1,C_fam_0039
C,C_fam_unkX_unkY_1EADB0,0x1EADB0,0xA01EADB0,rail_request_horsA2L_banque_07,,medium,medium: pointe DANS rail_request_horsA2L_banque_07 @0x1EAD68 +0x48 (Hors A2L / provisoire) — pas le debut; comment only; identique 64o vs 9979 au meme offset; fp32=73a126c5fe32 uniq_u16=32,0x800C4AAC,,,Hors A2L / provisoire,1,C_fam_0301
C,C_fam_unkX_unkY_1EADBC,0x1EADBC,0xA01EADBC,rail_request_horsA2L_banque_07,,medium,medium: pointe DANS rail_request_horsA2L_banque_07 @0x1EAD68 +0x54 (Hors A2L / provisoire) — pas le debut; comment only; identique 64o vs 9979 au meme offset; fp32=3aecbc27c1d4 uniq_u16=32,0x800C4ACA,,,Hors A2L / provisoire,1,C_fam_0302
C,C_fam_D00028DC_D00028F2_19945C,0x19945C,0xA019945C,soi_base_int_trq2A,,medium,medium: pointe DANS soi_base_int_trq2A @0x199380 +0xDC (Start of injection SOI) — pas le debut; comment only; identique 64o vs 9979 au meme offset; fp32=7b69a85fd64e uniq_u16=21,0x800C5524,0xA01AE95C,,Start of injection SOI,1,C_fam_0202
C,C_fam_D00028F6_D00028F8_19E490,0x19E490,0xA019E490,,,low,low: pas dans A2L/atlas 9979 — nommer a la main si besoin; identique 64o vs 9979 au meme offset; fp32=a52d42d7074d uniq_u16=5,0x800C56AE,,,,1,C_fam_0203
C,C_fam_D0002410_unkY_1ECD60,0x1ECD60,0xA01ECD60,,,low,low: pas dans A2L/atlas 9979 — nommer a la main si besoin; identique 64o vs 9979 au meme offset; fp32=426d8ad6d440 uniq_u16=4,0x800C60D8,,,,1,C_fam_0260
C,C_fam_D0002410_D000240A_1ECD54,0x1ECD54,0xA01ECD54,,,low,low: pas dans A2L/atlas 9979 — nommer a la main si besoin; identique 64o vs 9979 au meme offset; fp32=39d48a78ac5f uniq_u16=4,0x800C6154,,,,1,C_fam_0200
C,C_fam_unkX_unkY_1987F8,0x1987F8,0xA01987F8,,,low,low: 8000/A000 fill — pas une grille lisible; identique 64o vs 9979 au meme offset; fp32=2cde2dbaa034 uniq_u16=1,0x800C6464,0xA01BB9D0,,,1,C_fam_0178
C,C_fam_D0000000_D0003652_183508,0x183508,0xA0183508,,,low,low: pas dans A2L/atlas 9979 — nommer a la main si besoin; identique 64o vs 9979 au meme offset; fp32=c6f566601e0c uniq_u16=20,0x800C6D5C,,,,1,C_fam_0183
C,C_fam_unkX_unkY_184474,0x184474,0xA0184474,,,low,low: pas dans A2L/atlas 9979 — nommer a la main si besoin; identique 64o vs 9979 au meme offset; fp32=ed3445be821e uniq_u16=20,0x800C93AE,,,,1,C_fam_0303
C,C_fam_unkX_unkY_185444,0x185444,0xA0185444,,,low,low: pas dans A2L/atlas 9979 — nommer a la main si besoin; identique 64o vs 9979 au meme offset; fp32=1fcbb86f807e uniq_u16=29,0x800C94DC,,,,1,C_fam_0304
C,C_fam_D000219C_unkY_1C68D4,0x1C68D4,0xA01C68D4,turbo_int_trq_correction2C,,medium,medium: pointe DANS turbo_int_trq_correction2C @0x1C67AC +0x128 (Turbo boost pressure) — pas le debut; comment only; identique 64o vs 9979 au meme offset; fp32=1e08386912d7 uniq_u16=9,0x800CC43E,0xA01B7820,,Turbo boost pressure,1,C_fam_0258
C,C_fam_unkX_unkY_1D43A8,0x1D43A8,0xA01D43A8,,,low,low: pas dans A2L/atlas 9979 — nommer a la main si besoin; identique 64o vs 9979 au meme offset; fp32=8e12c0ab446f uniq_u16=2,0x800CD050,,,,1,C_fam_0306
C,C_fam_unkX_unkY_1C37AC,0x1C37AC,0xA01C37AC,turbo_base3B,,medium,medium: pointe DANS turbo_base3B @0x1C36AC +0x100 (Turbo boost pressure) — pas le debut; comment only; identique 64o vs 9979 au meme offset; fp32=abf368fc3549 uniq_u16=28,0x800CD140,,,Turbo boost pressure,1,C_fam_0307
C,C_fam_unkX_unkY_19C3E8,0x19C3E8,0xA019C3E8,,,low,low: pas dans A2L/atlas 9979 — nommer a la main si besoin; identique 64o vs 9979 au meme offset; fp32=4db797857506 uniq_u16=26,0x800CE910,0xA01BC8F4,,,1,C_fam_0008
C,C_fam_D00015CA_unkY_1D30B0,0x1D30B0,0xA01D30B0,,,low,low: pas dans A2L/atlas 9979 — nommer a la main si besoin; identique 64o vs 9979 au meme offset; fp32=d6dffb051db5 uniq_u16=4,0x800D05B2,0xA01A463C,,,1,C_fam_0238
C,C_fam_D00022AC_unkY_19A53C,0x19A53C,0xA019A53C,soi_base_int_trq2A,,medium,medium: pointe DANS soi_base_int_trq2A @0x19A380 +0x1BC (Start of injection SOI) — pas le debut; comment only; identique 64o vs 9979 au meme offset; fp32=3e067032ea33 uniq_u16=8,0x800D5992,,,Start of injection SOI,1,C_fam_0259
C,C_fam_D001481A_D001481A_1D787C,0x1D787C,0xA01D787C,,,low,low: 8000/A000 fill — pas une grille lisible; identique 64o vs 9979 au meme offset; fp32=2cde2dbaa034 uniq_u16=1,0x800D61D4,0xA01AC8F0,,,1,C_fam_0040
C,C_fam_unkX_unkY_1C884C,0x1C884C,0xA01C884C,,,low,low: pas dans A2L/atlas 9979 — nommer a la main si besoin; identique 64o vs 9979 au meme offset; fp32=f82db9a9205a uniq_u16=28,0x800D6466,,,,1,C_fam_0309
C,C_fam_D00022FA_unkY_1CDE8C,0x1CDE8C,0xA01CDE8C,duration_inj6A,,medium,medium: pointe DANS duration_inj6A @0x1CDC84 +0x208 (Injection system) — pas le debut; comment only; identique 64o vs 9979 au meme offset; fp32=8ee507cdf486 uniq_u16=32,0x800D679E,0xA01B6938,0xA01AA840,Injection system,1,C_fam_0030
C,C_fam_unkX_D00022E2_1D786C,0x1D786C,0xA01D786C,,,low,low: 8000/A000 fill — pas une grille lisible; identique 64o vs 9979 au meme offset; fp32=2cde2dbaa034 uniq_u16=1,0x800D6A00,0xA01A5674,,,1,C_fam_0221
C,C_fam_D00022EE_D00022E4_19E608,0x19E608,0xA019E608,,,low,low: pas dans A2L/atlas 9979 — nommer a la main si besoin; identique 64o vs 9979 au meme offset; fp32=cf40208097e2 uniq_u16=13,0x800D6A60,0xA01AE8D4,,,1,C_fam_0199
C,C_fam_unkX_unkY_1D5000,0x1D5000,0xA01D5000,,,low,low: pas dans A2L/atlas 9979 — nommer a la main si besoin; identique 64o vs 9979 au meme offset; fp32=14856360ab50 uniq_u16=14,0x800DD920,0xA01B68D8,0xA01B491C,,1,C_fam_0125
C,C_fam_unkX_unkY_1D6020,0x1D6020,0xA01D6020,,,low,low: pas dans A2L/atlas 9979 — nommer a la main si besoin; identique 64o vs 9979 au meme offset; fp32=5f464f0940ee uniq_u16=12,0x800DD948,0xA01B68D8,,,1,C_fam_0172
C,C_fam_unkX_unkY_1D4000,0x1D4000,0xA01D4000,,,low,low: pas dans A2L/atlas 9979 — nommer a la main si besoin; identique 64o vs 9979 au meme offset; fp32=35eda934b8ff uniq_u16=5,0x800DD974,0xA01B58F4,0xA01B68D8,,1,C_fam_0121
C,C_fam_unkX_unkY_1D5020,0x1D5020,0xA01D5020,,,low,low: pas dans A2L/atlas 9979 — nommer a la main si besoin; identique 64o vs 9979 au meme offset; fp32=0bdd37aa3a18 uniq_u16=2,0x800DD998,0xA01B58F4,,,1,C_fam_0006
C,C_fam_unkX_unkY_1D4020,0x1D4020,0xA01D4020,,,low,low: pas dans A2L/atlas 9979 — nommer a la main si besoin; identique 64o vs 9979 au meme offset; fp32=0ae64e5ae697 uniq_u16=8,0x800DD9BC,0xA01B58F4,,,1,C_fam_0006
C,C_fam_unkX_unkY_1D6000,0x1D6000,0xA01D6000,,,low,low: pas dans A2L/atlas 9979 — nommer a la main si besoin; identique 64o vs 9979 au meme offset; fp32=a3bbb0a81dc1 uniq_u16=14,0x800DD9E0,0xA01B58F4,,,1,C_fam_0006
C,C_fam_unkX_unkY_1D330C,0x1D330C,0xA01D330C,tqlim_base_pu_4A,,medium,medium: pointe DANS tqlim_base_pu_4A @0x1D3190 +0x17C (Engine torque limiters) — pas le debut; comment only; differe de 9979 au meme offset; fp32=f9a67fd31aed uniq_u16=9,0x800DDACE,0xA01A760C,,Engine torque limiters,0,C_fam_0153
C,C_fam_unkX_D0001ACE_1D0A2C,0x1D0A2C,0xA01D0A2C,,,low,low: 8000/A000 fill — pas une grille lisible; identique 64o vs 9979 au meme offset; fp32=2cde2dbaa034 uniq_u16=8,0x800DDB04,0xA01A760C,,,1,C_fam_0217
C,C_fam_unkX_unkY_1D232C,0x1D232C,0xA01D232C,smoke_mapA,,medium,medium: pointe DANS smoke_mapA @0x1D2270 +0xBC (Smoke limitation) — pas le debut; comment only; identique 64o vs 9979 au meme offset; fp32=aa049124c6bd uniq_u16=31,0x800DDB38,0xA01A6628,,Smoke limitation,1,C_fam_0147
C,C_fam_unkX_D0001ACC_1D0A20,0x1D0A20,0xA01D0A20,,,low,low: pas dans A2L/atlas 9979 — nommer a la main si besoin; identique 64o vs 9979 au meme offset; fp32=2499e950e716 uniq_u16=4,0x800DDB6E,0xA01A6628,,,1,C_fam_0216
C,C_fam_D0001AE6_unkY_1D79E8,0x1D79E8,0xA01D79E8,,,low,low: pas dans A2L/atlas 9979 — nommer a la main si besoin; identique 64o vs 9979 au meme offset; fp32=746ee3cd0bbb uniq_u16=5,0x800DDE24,0xA01A9730,0xA01A6524,,1,C_fam_0092
C,C_fam_D0001AEC_D0001ADE_1D2AFC,0x1D2AFC,0xA01D2AFC,,,low,low: pas dans A2L/atlas 9979 — nommer a la main si besoin; identique 64o vs 9979 au meme offset; fp32=6e2aaee8781c uniq_u16=6,0x800DDF48,0xA01A54E4,,,1,C_fam_0193
C,C_fam_D0001AEE_D0001ADE_1D2AEC,0x1D2AEC,0xA01D2AEC,,,low,low: pas dans A2L/atlas 9979 — nommer a la main si besoin; identique 64o vs 9979 au meme offset; fp32=152e230cbbd4 uniq_u16=7,0x800DDF6E,0xA01A54E4,,,1,C_fam_0194
C,C_fam_unkX_unkY_184550,0x184550,0xA0184550,,,low,low: pas dans A2L/atlas 9979 — nommer a la main si besoin; identique 64o vs 9979 au meme offset; fp32=3f63a2e05f18 uniq_u16=29,0x800DE6C4,,,,1,C_fam_0310
C,C_fam_unkX_unkY_1984C4,0x1984C4,0xA01984C4,,,low,low: 8000/A000 fill — pas une grille lisible; identique 64o vs 9979 au meme offset; fp32=2cde2dbaa034 uniq_u16=1,0x800DE9E6,0xA01B676C,,,1,C_fam_0170
C,C_fam_unkX_D0002446_1984D8,0x1984D8,0xA01984D8,,,low,low: 8000/A000 fill — pas une grille lisible; identique 64o vs 9979 au meme offset; fp32=2cde2dbaa034 uniq_u16=1,0x800DEBB2,0xA01B774C,,,1,C_fam_0223
C,C_fam_unkX_D0002FBA_1D4318,0x1D4318,0xA01D4318,,,low,low: pas dans A2L/atlas 9979 — nommer a la main si besoin; identique 64o vs 9979 au meme offset; fp32=d44c25056db6 uniq_u16=2,0x800DFDE2,,,,1,C_fam_0232
C,C_fam_D000297E_D00029A0_199728,0x199728,0xA0199728,soi_base_int_trq2A,,medium,medium: pointe DANS soi_base_int_trq2A @0x199580 +0x1A8 (Start of injection SOI) — pas le debut; comment only; identique 64o vs 9979 au meme offset; fp32=691c022610b7 uniq_u16=12,0x800E25BA,0xA01B9AC4,,Start of injection SOI,1,C_fam_0206
C,C_fam_D000297C_unkY_19B4B4,0x19B4B4,0xA019B4B4,,,low,low: 8000/A000 fill — pas une grille lisible; identique 64o vs 9979 au meme offset; fp32=2cde2dbaa034 uniq_u16=1,0x800E2916,0xA01B46FC,0xA01A5768,,1,C_fam_0116
C,C_fam_D0002230_D0002232_19A718,0x19A718,0xA019A718,soi_base_int_trq2A,,medium,medium: pointe DANS soi_base_int_trq2A @0x19A580 +0x198 (Start of injection SOI) — pas le debut; comment only; identique 64o vs 9979 au meme offset; fp32=4ba97b5ea53e uniq_u16=29,0x800E2F98,0xA01BAAC4,,Start of injection SOI,1,C_fam_0198
C,C_fam_D0002274_unkY_19D6E8,0x19D6E8,0xA019D6E8,,,low,low: pas dans A2L/atlas 9979 — nommer a la main si besoin; identique 64o vs 9979 au meme offset; fp32=be25f75f04c9 uniq_u16=4,0x800E32EC,0xA01A7508,0xA01B5C44,,1,C_fam_0089
C,C_fam_unkX_unkY_1C78FC,0x1C78FC,0xA01C78FC,,,low,low: pas dans A2L/atlas 9979 — nommer a la main si besoin; identique 64o vs 9979 au meme offset; fp32=3d48f6f5bbdf uniq_u16=7,0x800E3E52,0xA01B8A60,0xA01B584C,,1,C_fam_0126
C,C_fam_D000292A_D0002918_1C78DC,0x1C78DC,0xA01C78DC,,,low,low: pas dans A2L/atlas 9979 — nommer a la main si besoin; identique 64o vs 9979 au meme offset; fp32=62218af09ccb uniq_u16=14,0x800E3E82,,,,1,C_fam_0205
C,C_fam_D0002910_D0002912_1C78CC,0x1C78CC,0xA01C78CC,,,low,low: pas dans A2L/atlas 9979 — nommer a la main si besoin; identique 64o vs 9979 au meme offset; fp32=dc201fd1a29f uniq_u16=15,0x800E40A8,,,,1,C_fam_0204
C,C_fam_unkX_unkY_1C7978,0x1C7978,0xA01C7978,,,low,low: pas dans A2L/atlas 9979 — nommer a la main si besoin; identique 64o vs 9979 au meme offset; fp32=8a26c7fce559 uniq_u16=4,0x800E4470,0xA01AB81C,0xA01AA908,,1,C_fam_0017
C,C_fam_unkX_unkY_1C7968,0x1C7968,0xA01C7968,,,low,low: pas dans A2L/atlas 9979 — nommer a la main si besoin; identique 64o vs 9979 au meme offset; fp32=f135ef044188 uniq_u16=5,0x800E4562,0xA01AB808,0xA01A993C,,1,C_fam_0015
C,C_fam_unkX_unkY_1D442C,0x1D442C,0xA01D442C,,,low,low: pas dans A2L/atlas 9979 — nommer a la main si besoin; identique 64o vs 9979 au meme offset; fp32=aac336189c89 uniq_u16=7,0x800E45D0,0xA01AA838,0xA01AC3F0,,1,C_fam_0014
C,C_fam_D00016E0_unkY_1865E8,0x1865E8,0xA01865E8,,,low,low: pas dans A2L/atlas 9979 — nommer a la main si besoin; identique 64o vs 9979 au meme offset; fp32=d5478020d2ee uniq_u16=1,0x800E4D28,,,,1,C_fam_0241
C,C_fam_unkX_unkY_194808,0x194808,0xA0194808,,,low,low: 8000/A000 fill — pas une grille lisible; identique 64o vs 9979 au meme offset; fp32=2cde2dbaa034 uniq_u16=1,0x800E6028,,,,1,C_fam_0311
C,C_fam_unkX_unkY_193838,0x193838,0xA0193838,,,low,low: 8000/A000 fill — pas une grille lisible; identique 64o vs 9979 au meme offset; fp32=2cde2dbaa034 uniq_u16=1,0x800E604C,,,,1,C_fam_0312
C,C_fam_unkX_unkY_181638,0x181638,0xA0181638,,,low,low: pas dans A2L/atlas 9979 — nommer a la main si besoin; identique 64o vs 9979 au meme offset; fp32=1ba02f8937ac uniq_u16=18,0x800E60A2,,,,1,C_fam_0313
C,C_fam_unkX_unkY_182608,0x182608,0xA0182608,,,low,low: pas dans A2L/atlas 9979 — nommer a la main si besoin; identique 64o vs 9979 au meme offset; fp32=b7ebc0237718 uniq_u16=18,0x800E615C,,,,1,C_fam_0314
C,C_fam_unkX_unkY_1845D0,0x1845D0,0xA01845D0,,,low,low: pas dans A2L/atlas 9979 — nommer a la main si besoin; identique 64o vs 9979 au meme offset; fp32=554e10e258f1 uniq_u16=4,0x800E61A4,,,,1,C_fam_0315
C,C_fam_unkX_unkY_195988,0x195988,0xA0195988,soi_base_int_trq2A,soi_base_int_trq2A,high,high: empreinte diverse = famille soi_base_int_trq2A (Start of injection SOI) delta=0x8 cols=16 rows=16 src=a2l; identique 64o vs 9979 au meme offset; fp32=889d67d23507 uniq_u16=14,0x800E6226,,,Start of injection SOI,1,C_fam_0316
C,C_fam_unkX_unkY_1C3ABC,0x1C3ABC,0xA01C3ABC,turbo_int_trq_correction2C,turbo_int_trq_correction2C,high,high: empreinte diverse = famille turbo_int_trq_correction2C (Turbo boost pressure) delta=0x10 cols=12 rows=16 src=a2l; identique 64o vs 9979 au meme offset; fp32=127618004a49 uniq_u16=21,0x800E6B1E,0xA01B3860,0xA01B5978,Turbo boost pressure,1,C_fam_0029
C,C_fam_unkX_unkY_1C4A50,0x1C4A50,0xA01C4A50,turbo_int_trq_correction2C,,medium,medium: pointe DANS turbo_int_trq_correction2C @0x1C49AC +0xA4 (Turbo boost pressure) — pas le debut; comment only; identique 64o vs 9979 au meme offset; fp32=be062a28dc97 uniq_u16=26,0x800E6B58,0xA01B3860,0xA01B5978,Turbo boost pressure,1,C_fam_0029
C,C_fam_unkX_unkY_199738,0x199738,0xA0199738,soi_base_int_trq2A,,medium,medium: pointe DANS soi_base_int_trq2A @0x199580 +0x1B8 (Start of injection SOI) — pas le debut; comment only; identique 64o vs 9979 au meme offset; fp32=3397c5107277 uniq_u16=8,0x800E9418,0xA01B9AD0,,Start of injection SOI,1,C_fam_0176
C,C_fam_unkX_unkY_1CE9D4,0x1CE9D4,0xA01CE9D4,,,low,low: pas dans A2L/atlas 9979 — nommer a la main si besoin; identique 64o vs 9979 au meme offset; fp32=5ee7a83e8eed uniq_u16=11,0x800E97D2,,,,1,C_fam_0317
C,C_fam_unkX_unkY_19D5E0,0x19D5E0,0xA019D5E0,,,low,low: pas dans A2L/atlas 9979 — nommer a la main si besoin; identique 64o vs 9979 au meme offset; fp32=f91f4f99cfd1 uniq_u16=4,0x800E97F6,0xA01AE87C,0xA01BC8E8,,1,C_fam_0109
C,C_fam_D0001B02_D0001B0C_184564,0x184564,0xA0184564,,,low,low: pas dans A2L/atlas 9979 — nommer a la main si besoin; identique 64o vs 9979 au meme offset; fp32=b28badc70995 uniq_u16=21,0x800E9ABC,,,,1,C_fam_0195
C,C_fam_D0001B02_unkY_18357C,0x18357C,0xA018357C,,,low,low: 8000/A000 fill — pas une grille lisible; identique 64o vs 9979 au meme offset; fp32=165925c7b216 uniq_u16=8,0x800E9B02,,,,1,C_fam_0248
C,C_fam_unkX_unkY_185698,0x185698,0xA0185698,,,low,low: pas dans A2L/atlas 9979 — nommer a la main si besoin; identique 64o vs 9979 au meme offset; fp32=97cd0bf97271 uniq_u16=18,0x800E9E6A,,,,1,C_fam_0318
C,C_fam_unkX_unkY_1805FC,0x1805FC,0xA01805FC,,,low,low: pas dans A2L/atlas 9979 — nommer a la main si besoin; identique 64o vs 9979 au meme offset; fp32=0e3560ca4ba3 uniq_u16=16,0x800E9EA4,,,,1,C_fam_0319
C,C_fam_D0000478_D0001B92_1865F8,0x1865F8,0xA01865F8,,,low,low: pas dans A2L/atlas 9979 — nommer a la main si besoin; identique 64o vs 9979 au meme offset; fp32=d5478020d2ee uniq_u16=1,0x800EA0D0,,,,1,C_fam_0184
C,C_fam_D00031E0_D00031E0_198640,0x198640,0xA0198640,,,low,low: 8000/A000 fill — pas une grille lisible; identique 64o vs 9979 au meme offset; fp32=2cde2dbaa034 uniq_u16=1,0x800EA720,0xA01AE738,,,1,C_fam_0211
C,C_fam_unkX_unkY_1C3B5C,0x1C3B5C,0xA01C3B5C,turbo_int_trq_correction2C,,medium,medium: pointe DANS turbo_int_trq_correction2C @0x1C3AAC +0xB0 (Turbo boost pressure) — pas le debut; comment only; identique 64o vs 9979 au meme offset; fp32=abbd808bffe4 uniq_u16=26,0x800EABDE,0xA01A0588,,Turbo boost pressure,1,C_fam_0132
C,C_fam_unkX_unkY_1C8390,0x1C8390,0xA01C8390,,,low,low: pas dans A2L/atlas 9979 — nommer a la main si besoin; identique 64o vs 9979 au meme offset; fp32=25ac55e55ff3 uniq_u16=20,0x800EB192,0xA01A9928,,,1,C_fam_0032
C,C_fam_D0001CB2_D0001CBE_19D490,0x19D490,0xA019D490,,,low,low: pas dans A2L/atlas 9979 — nommer a la main si besoin; identique 64o vs 9979 au meme offset; fp32=92a684adefd6 uniq_u16=1,0x800EB274,0xA01A24AC,0xA01B76F0,,1,C_fam_0062
C,C_fam_D0001CC4_D0001CBE_1D78A4,0x1D78A4,0xA01D78A4,,,low,low: 8000/A000 fill — pas une grille lisible; identique 64o vs 9979 au meme offset; fp32=2cde2dbaa034 uniq_u16=2,0x800EB290,0xA01A2504,0xA01B76F0,,1,C_fam_0063
C,C_fam_unkX_unkY_1D5ACC,0x1D5ACC,0xA01D5ACC,,,low,low: pas dans A2L/atlas 9979 — nommer a la main si besoin; identique 64o vs 9979 au meme offset; fp32=e505c7d328a9 uniq_u16=17,0x800EBFBE,,,,1,C_fam_0320
C,C_fam_unkX_unkY_1835F8,0x1835F8,0xA01835F8,,,low,low: pas dans A2L/atlas 9979 — nommer a la main si besoin; differe de 9979 au meme offset; fp32=56778b591483 uniq_u16=17,0x800ED1C2,,,,0,C_fam_0321
C,C_fam_unkX_unkY_19F7F4,0x19F7F4,0xA019F7F4,,,low,low: pas dans A2L/atlas 9979 — nommer a la main si besoin; identique 64o vs 9979 au meme offset; fp32=f0128bc7ffda uniq_u16=10,0x800EDAEE,0xA01AFBD0,,,1,C_fam_0034
C,C_fam_unkX_unkY_19F7E4,0x19F7E4,0xA019F7E4,,,low,low: pas dans A2L/atlas 9979 — nommer a la main si besoin; identique 64o vs 9979 au meme offset; fp32=e7532d163859 uniq_u16=11,0x800EE014,0xA01A9BE8,,,1,C_fam_0161
C,C_fam_unkX_unkY_19E7FC,0x19E7FC,0xA019E7FC,,,low,low: pas dans A2L/atlas 9979 — nommer a la main si besoin; identique 64o vs 9979 au meme offset; fp32=04478b00268a uniq_u16=8,0x800EEAB0,0xA01A8BD8,,,1,C_fam_0160
C,C_fam_unkX_unkY_1D73D8,0x1D73D8,0xA01D73D8,,,low,low: pas dans A2L/atlas 9979 — nommer a la main si besoin; identique 64o vs 9979 au meme offset; fp32=1f29c814d19b uniq_u16=10,0x800EEC2A,0xA01B182C,,,1,C_fam_0166
C,C_fam_unkX_unkY_1D73E4,0x1D73E4,0xA01D73E4,,,low,low: pas dans A2L/atlas 9979 — nommer a la main si besoin; identique 64o vs 9979 au meme offset; fp32=b1d4220dec01 uniq_u16=7,0x800EEC84,0xA01B181C,,,1,C_fam_0165
C,C_fam_unkX_D0002F36_19E7DC,0x19E7DC,0xA019E7DC,,,low,low: pas dans A2L/atlas 9979 — nommer a la main si besoin; identique 64o vs 9979 au meme offset; fp32=b51092a30b9f uniq_u16=10,0x800EED7E,0xA01B1810,0xA01B2834,,1,C_fam_0114
C,C_fam_unkX_unkY_1F4C08,0x1F4C08,0xA01F4C08,,,low,low: 8000/A000 fill — pas une grille lisible; identique 64o vs 9979 au meme offset; fp32=66687aadf862 uniq_u16=1,0x800F07B4,,,,1,C_fam_0322
C,C_fam_unkX_D000214C_1D391C,0x1D391C,0xA01D391C,,,low,low: pas dans A2L/atlas 9979 — nommer a la main si besoin; identique 64o vs 9979 au meme offset; fp32=ce5810a56a96 uniq_u16=5,0x800F1BD0,0xA01A371C,,,1,C_fam_0043
C,C_fam_unkX_D000214C_1CF900,0x1CF900,0xA01CF900,,,low,low: pas dans A2L/atlas 9979 — nommer a la main si besoin; identique 64o vs 9979 au meme offset; fp32=686aa459f9d0 uniq_u16=2,0x800F1BEE,,,,1,C_fam_0043
C,C_fam_unkX_unkY_1D48AC,0x1D48AC,0xA01D48AC,,,low,low: pas dans A2L/atlas 9979 — nommer a la main si besoin; identique 64o vs 9979 au meme offset; fp32=c09c7dc2c0c7 uniq_u16=20,0x800F1C8C,,,,1,C_fam_0323
C,C_fam_D0002150_unkY_1CF90C,0x1CF90C,0xA01CF90C,,,low,low: pas dans A2L/atlas 9979 — nommer a la main si besoin; identique 64o vs 9979 au meme offset; fp32=a931afee8335 uniq_u16=2,0x800F1CF6,,,,1,C_fam_0257
C,C_fam_unkX_unkY_19D4E4,0x19D4E4,0xA019D4E4,,,low,low: pas dans A2L/atlas 9979 — nommer a la main si besoin; identique 64o vs 9979 au meme offset; fp32=dda6271ba0dc uniq_u16=1,0x800F1DE4,0xA01B9ADC,0xA01AC800,,1,C_fam_0127
C,C_fam_unkX_unkY_19A708,0x19A708,0xA019A708,soi_base_int_trq2A,,medium,medium: pointe DANS soi_base_int_trq2A @0x19A580 +0x188 (Start of injection SOI) — pas le debut; comment only; identique 64o vs 9979 au meme offset; fp32=16c9eebf3b87 uniq_u16=31,0x800F1E54,0xA01B9AE8,0xA01AC800,Start of injection SOI,1,C_fam_0128
C,C_fam_D0001D78_unkY_1D5F08,0x1D5F08,0xA01D5F08,,,low,low: pas dans A2L/atlas 9979 — nommer a la main si besoin; identique 64o vs 9979 au meme offset; fp32=efed41e892aa uniq_u16=17,0x800F2B00,0xA01A63C4,,,1,C_fam_0250
C,C_fam_unkX_unkY_1D73F0,0x1D73F0,0xA01D73F0,,,low,low: pas dans A2L/atlas 9979 — nommer a la main si besoin; identique 64o vs 9979 au meme offset; fp32=594b53e7e97b uniq_u16=4,0x800F3240,,,,1,C_fam_0324
C,C_fam_unkX_unkY_1C8EF4,0x1C8EF4,0xA01C8EF4,,,low,low: pas dans A2L/atlas 9979 — nommer a la main si besoin; identique 64o vs 9979 au meme offset; fp32=ca4754e9c186 uniq_u16=5,0x800F3292,0xA01A882C,,,1,C_fam_0005
C,C_fam_unkX_unkY_1C8EE0,0x1C8EE0,0xA01C8EE0,,,low,low: pas dans A2L/atlas 9979 — nommer a la main si besoin; identique 64o vs 9979 au meme offset; fp32=655a6089e657 uniq_u16=11,0x800F32C2,0xA01A882C,,,1,C_fam_0005
C,C_fam_unkX_unkY_1D3EFC,0x1D3EFC,0xA01D3EFC,,,low,low: 8000/A000 fill — pas une grille lisible; identique 64o vs 9979 au meme offset; fp32=2fdd21306cca uniq_u16=4,0x800F335A,,,,1,C_fam_0325
C,C_fam_unkX_unkY_1D4ED0,0x1D4ED0,0xA01D4ED0,,,low,low: pas dans A2L/atlas 9979 — nommer a la main si besoin; identique 64o vs 9979 au meme offset; fp32=1f8c41eb7224 uniq_u16=31,0x800F3388,0xA01A882C,,,1,C_fam_0005
C,C_fam_unkX_unkY_1D79F8,0x1D79F8,0xA01D79F8,,,low,low: pas dans A2L/atlas 9979 — nommer a la main si besoin; identique 64o vs 9979 au meme offset; fp32=73cdce0d7c89 uniq_u16=5,0x800F33DA,0xA01A73FC,,,1,C_fam_0150
C,C_fam_unkX_unkY_1D5F18,0x1D5F18,0xA01D5F18,,,low,low: pas dans A2L/atlas 9979 — nommer a la main si besoin; identique 64o vs 9979 au meme offset; fp32=6dd8c40484ae uniq_u16=18,0x800F3B0C,,,,1,C_fam_0326
C,C_fam_unkX_unkY_1D4F3C,0x1D4F3C,0xA01D4F3C,,,low,low: pas dans A2L/atlas 9979 — nommer a la main si besoin; identique 64o vs 9979 au meme offset; fp32=60bd213a0b9c uniq_u16=28,0x800F4638,0xA01A6700,,,1,C_fam_0149
C,C_fam_unkX_unkY_1D4F24,0x1D4F24,0xA01D4F24,,,low,low: pas dans A2L/atlas 9979 — nommer a la main si besoin; identique 64o vs 9979 au meme offset; fp32=23a08b6c9037 uniq_u16=27,0x800F47BC,0xA01A7724,,,1,C_fam_0156
C,C_fam_unkX_unkY_198430,0x198430,0xA0198430,,,low,low: 8000/A000 fill — pas une grille lisible; identique 64o vs 9979 au meme offset; fp32=2cde2dbaa034 uniq_u16=1,0x800F6560,,,,1,C_fam_0327
C,C_fam_unkX_unkY_19B420,0x19B420,0xA019B420,,,low,low: pas dans A2L/atlas 9979 — nommer a la main si besoin; identique 64o vs 9979 au meme offset; fp32=94299a4cce0a uniq_u16=3,0x800F7866,0xA01BC030,,,1,C_fam_0179
C,C_fam_unkX_unkY_1C088C,0x1C088C,0xA01C088C,turbo_base3B,,medium,medium: pointe DANS turbo_base3B @0x1C072C +0x160 (Turbo boost pressure) — pas le debut; comment only; identique 64o vs 9979 au meme offset; fp32=2992700c306f uniq_u16=21,0x800F8F0A,,,Turbo boost pressure,1,C_fam_0329
C,C_fam_unkX_unkY_19F4C8,0x19F4C8,0xA019F4C8,,,low,low: pas dans A2L/atlas 9979 — nommer a la main si besoin; identique 64o vs 9979 au meme offset; fp32=d84cc766480d uniq_u16=7,0x800F8FA4,0xA01B677C,,,1,C_fam_0171
C,C_fam_D000275A_D00026F0_1983F0,0x1983F0,0xA01983F0,,,low,low: 8000/A000 fill — pas une grille lisible; identique 64o vs 9979 au meme offset; fp32=2cde2dbaa034 uniq_u16=1,0x800FA20A,0xA01AD6D8,,,1,C_fam_0201
C,C_fam_unkX_D000275C_19E49C,0x19E49C,0xA019E49C,,,low,low: pas dans A2L/atlas 9979 — nommer a la main si besoin; identique 64o vs 9979 au meme offset; fp32=e805982f33f5 uniq_u16=5,0x800FA508,0xA01AFC18,,,1,C_fam_0225
C,C_fam_D00027CC_unkY_1D39C4,0x1D39C4,0xA01D39C4,,,low,low: pas dans A2L/atlas 9979 — nommer a la main si besoin; identique 64o vs 9979 au meme offset; fp32=f38c6ba0ad4f uniq_u16=8,0x800FA894,0xA01A446C,0xA01A4458,,1,C_fam_0075
C,C_fam_unkX_unkY_1C9EC8,0x1C9EC8,0xA01C9EC8,,,low,low: pas dans A2L/atlas 9979 — nommer a la main si besoin; identique 64o vs 9979 au meme offset; fp32=43f752b170c6 uniq_u16=25,0x800FBBA2,,,,1,C_fam_0330
C,C_fam_unkX_unkY_1D4EE4,0x1D4EE4,0xA01D4EE4,,,low,low: pas dans A2L/atlas 9979 — nommer a la main si besoin; identique 64o vs 9979 au meme offset; fp32=84e4637c2979 uniq_u16=26,0x800FBC4E,0xA01A4604,,,1,C_fam_0137
C,C_fam_unkX_unkY_1D4F14,0x1D4F14,0xA01D4F14,,,low,low: pas dans A2L/atlas 9979 — nommer a la main si besoin; identique 64o vs 9979 au meme offset; fp32=e2cc81acd491 uniq_u16=22,0x800FBE62,0xA01A3630,0xA01A63F0,,1,C_fam_0069
C,C_fam_unkX_unkY_1C7A24,0x1C7A24,0xA01C7A24,,,low,low: pas dans A2L/atlas 9979 — nommer a la main si besoin; identique 64o vs 9979 au meme offset; fp32=130017721b19 uniq_u16=10,0x800FC09A,0xA01A73DC,0xA01AB87C,,1,C_fam_0013
C,C_fam_unkX_unkY_1C7A30,0x1C7A30,0xA01C7A30,,,low,low: pas dans A2L/atlas 9979 — nommer a la main si besoin; identique 64o vs 9979 au meme offset; fp32=d725c97ee003 uniq_u16=7,0x800FC11E,0xA01AD908,0xA01AB87C,,1,C_fam_0022
C,C_fam_unkX_unkY_1D0878,0x1D0878,0xA01D0878,tqlim_cluth_prot,,medium,medium: pointe DANS tqlim_cluth_prot @0x1D0860 +0x18 (Engine torque limiters) — pas le debut; comment only; identique 64o vs 9979 au meme offset; fp32=427d43f8fdb4 uniq_u16=5,0x800FC25A,0xA01AD908,0xA01AB87C,Engine torque limiters,1,C_fam_0022
C,C_fam_unkX_D0002754_1993E0,0x1993E0,0xA01993E0,soi_base_int_trq2A,,medium,medium: pointe DANS soi_base_int_trq2A @0x199380 +0x60 (Start of injection SOI) — pas le debut; comment only; identique 64o vs 9979 au meme offset; fp32=8cf8feab4768 uniq_u16=19,0x800FC2C8,0xA01B1744,,Start of injection SOI,1,C_fam_0224
C,C_fam_D000273C_D0002754_1D086C,0x1D086C,0xA01D086C,tqlim_cluth_prot,,medium,medium: pointe DANS tqlim_cluth_prot @0x1D0860 +0xC (Engine torque limiters) — pas le debut; comment only; identique 64o vs 9979 au meme offset; fp32=90ca3dfd1ba9 uniq_u16=5,0x800FC314,0xA01A8BCC,0xA01A73D0,Engine torque limiters,1,C_fam_0091
C,C_fam_D00027B0_unkY_1D4F30,0x1D4F30,0xA01D4F30,,,low,low: pas dans A2L/atlas 9979 — nommer a la main si besoin; identique 64o vs 9979 au meme offset; fp32=b33935d72405 uniq_u16=29,0x800FC84A,0xA01B5808,,,1,C_fam_0269
C,C_fam_unkX_unkY_1D4EF4,0x1D4EF4,0xA01D4EF4,,,low,low: pas dans A2L/atlas 9979 — nommer a la main si besoin; identique 64o vs 9979 au meme offset; fp32=9a4ed8ed01b4 uniq_u16=20,0x800FC894,0xA01B483C,,,1,C_fam_0168
C,C_fam_unkX_D0002832_1D49F4,0x1D49F4,0xA01D49F4,,,low,low: pas dans A2L/atlas 9979 — nommer a la main si besoin; identique 64o vs 9979 au meme offset; fp32=ea1cb1792808 uniq_u16=14,0x80100590,0xA01A050C,,,1,C_fam_0226
C,C_fam_unkX_unkY_1F4C60,0x1F4C60,0xA01F4C60,,,low,low: 8000/A000 fill — pas une grille lisible; identique 64o vs 9979 au meme offset; fp32=66687aadf862 uniq_u16=1,0x80103C64,,,,1,C_fam_0331
C,C_fam_unkX_unkY_1F4C54,0x1F4C54,0xA01F4C54,,,low,low: 8000/A000 fill — pas une grille lisible; identique 64o vs 9979 au meme offset; fp32=66687aadf862 uniq_u16=1,0x80104E76,,,,1,C_fam_0332
C,C_fam_D00019B8_unkY_1F0E34,0x1F0E34,0xA01F0E34,,,low,low: 8000/A000 fill — pas une grille lisible; identique 64o vs 9979 au meme offset; fp32=66687aadf862 uniq_u16=1,0x8010548E,,,,1,C_fam_0243
C,C_fam_unkX_D0002DA0_1F1E00,0x1F1E00,0xA01F1E00,,,low,low: 8000/A000 fill — pas une grille lisible; identique 64o vs 9979 au meme offset; fp32=66687aadf862 uniq_u16=1,0x801059F6,,,,1,C_fam_0230
C,C_fam_unkX_unkY_1D04F4,0x1D04F4,0xA01D04F4,,,low,low: 8000/A000 fill — pas une grille lisible; identique 64o vs 9979 au meme offset; fp32=66687aadf862 uniq_u16=1,0x80105D1A,,,,1,C_fam_0333
C,C_fam_unkX_D0002E16_1CC4CC,0x1CC4CC,0xA01CC4CC,,,low,low: pas dans A2L/atlas 9979 — nommer a la main si besoin; identique 64o vs 9979 au meme offset; fp32=7abf0574bda4 uniq_u16=26,0x801060C6,,,,1,C_fam_0231
C,C_fam_D0010000_D000BA8E_1D0858,0x1D0858,0xA01D0858,,,low,low: pas dans A2L/atlas 9979 — nommer a la main si besoin; identique 64o vs 9979 au meme offset; fp32=448584a4f929 uniq_u16=5,0x801068F0,0xA01A669C,,,1,C_fam_0212
C,C_fam_unkX_unkY_186444,0x186444,0xA0186444,,,low,low: pas dans A2L/atlas 9979 — nommer a la main si besoin; identique 64o vs 9979 au meme offset; fp32=c52fbcdaac27 uniq_u16=1,0x8010993A,,,,1,C_fam_0337
C,C_fam_unkX_unkY_18346C,0x18346C,0xA018346C,,,low,low: pas dans A2L/atlas 9979 — nommer a la main si besoin; differe de 9979 au meme offset; fp32=2ee2789e2fde uniq_u16=20,0x801099F6,,,,0,C_fam_0338
C,C_fam_unkX_unkY_1F1E20,0x1F1E20,0xA01F1E20,,,low,low: 8000/A000 fill — pas une grille lisible; identique 64o vs 9979 au meme offset; fp32=66687aadf862 uniq_u16=1,0x8010B39E,,,,1,C_fam_0340
C,C_fam_D0002F5E_unkY_1CB944,0x1CB944,0xA01CB944,,,low,low: pas dans A2L/atlas 9979 — nommer a la main si besoin; identique 64o vs 9979 au meme offset; fp32=af9613760f72 uniq_u16=1,0x8010EBBA,,,,1,C_fam_0277
C,C_fam_unkX_unkY_1C80A0,0x1C80A0,0xA01C80A0,,,low,low: pas dans A2L/atlas 9979 — nommer a la main si besoin; differe de 9979 au meme offset; fp32=aebbdfbe31a8 uniq_u16=3,0x8010F1E6,0xA01A5634,,,0,C_fam_0143
C,C_fam_unkX_unkY_1CAA88,0x1CAA88,0xA01CAA88,,,low,low: pas dans A2L/atlas 9979 — nommer a la main si besoin; identique 64o vs 9979 au meme offset; fp32=67342d594adb uniq_u16=24,0x8010F2D2,0xA01A6690,,,1,C_fam_0148
C,C_fam_D0001DA4_D0001DA2_1C9A34,0x1C9A34,0xA01C9A34,,,low,low: pas dans A2L/atlas 9979 — nommer a la main si besoin; identique 64o vs 9979 au meme offset; fp32=a08474789459 uniq_u16=24,0x8010F366,0xA01A26E8,0xA01A26F4,,1,C_fam_0066
C,C_fam_unkX_unkY_1C2754,0x1C2754,0xA01C2754,,,low,low: pas dans A2L/atlas 9979 — nommer a la main si besoin; identique 64o vs 9979 au meme offset; fp32=df9e947aa9bc uniq_u16=1,0x80112420,0xA01AB830,0xA01A64E4,,1,C_fam_0095
C,C_fam_D00007DC_D00007D8_1C2714,0x1C2714,0xA01C2714,,,low,low: pas dans A2L/atlas 9979 — nommer a la main si besoin; identique 64o vs 9979 au meme offset; fp32=df9e947aa9bc uniq_u16=1,0x801124E0,0xA01AB830,0xA01BA714,,1,C_fam_0096
C,C_fam_D0001F22_D0001F2A_1C4940,0x1C4940,0xA01C4940,,,low,low: 8000/A000 fill — pas une grille lisible; tombe dans turbo_int_trq_correction2C +0x114 (Turbo boost pressure) — ne pas renommer; identique 64o vs 9979 au meme offset; fp32=2cde2dbaa034 uniq_u16=1,0x801125BC,0xA01A06F8,,,1,C_fam_0196
C,C_fam_D0001F2A_D0001F34_19A7EC,0x19A7EC,0xA019A7EC,soi_base_int_trq2A,,medium,medium: pointe DANS soi_base_int_trq2A @0x19A780 +0x6C (Start of injection SOI) — pas le debut; comment only; identique 64o vs 9979 au meme offset; fp32=4f061747de5a uniq_u16=25,0x801125E6,0xA01A06F8,0xA01BB9F8,Start of injection SOI,1,C_fam_0050
C,C_fam_D0001F2C_unkY_1C4968,0x1C4968,0xA01C4968,,,low,low: 8000/A000 fill — pas une grille lisible; tombe dans turbo_int_trq_correction2C +0x13C (Turbo boost pressure) — ne pas renommer; identique 64o vs 9979 au meme offset; fp32=2cde2dbaa034 uniq_u16=1,0x80112610,0xA01A36C0,0xA01BB9F8,,1,C_fam_0073
C,C_fam_D0001F2C_D0001F28_1C2920,0x1C2920,0xA01C2920,,,low,low: pas dans A2L/atlas 9979 — nommer a la main si besoin; identique 64o vs 9979 au meme offset; fp32=df9e947aa9bc uniq_u16=1,0x8011263C,0xA01A1528,0xA01A36C0,,1,C_fam_0055
C,C_fam_D0001F5C_unkY_19E4E0,0x19E4E0,0xA019E4E0,,,low,low: 8000/A000 fill — pas une grille lisible; identique 64o vs 9979 au meme offset; fp32=0d0f1a8242a3 uniq_u16=5,0x80112880,0xA01A1504,0xA01B9940,,1,C_fam_0054
C,C_fam_unkX_unkY_19FDC0,0x19FDC0,0xA019FDC0,,,low,low: pas dans A2L/atlas 9979 — nommer a la main si besoin; identique 64o vs 9979 au meme offset; fp32=4fd039fe9048 uniq_u16=6,0x80112CCA,,,,1,C_fam_0341
C,C_fam_unkX_unkY_1C4958,0x1C4958,0xA01C4958,,,low,low: 8000/A000 fill — pas une grille lisible; tombe dans turbo_int_trq_correction2C +0x12C (Turbo boost pressure) — ne pas renommer; identique 64o vs 9979 au meme offset; fp32=2cde2dbaa034 uniq_u16=1,0x801135FE,,,,1,C_fam_0342
C,C_fam_D0002D44_unkY_19A494,0x19A494,0xA019A494,soi_base_int_trq2A,,medium,medium: pointe DANS soi_base_int_trq2A @0x19A380 +0x114 (Start of injection SOI) — pas le debut; comment only; identique 64o vs 9979 au meme offset; fp32=7c24c99abddf uniq_u16=27,0x80114B3C,0xA01B6C34,,Start of injection SOI,1,C_fam_0271
C,C_fam_unkX_unkY_1CFA30,0x1CFA30,0xA01CFA30,AccPed_trq4A,,medium,medium: pointe DANS AccPed_trq4A @0x1CF9C0 +0x70 (Engine torque request) — pas le debut; comment only; differe de 9979 au meme offset; fp32=b60a07b67dab uniq_u16=26,0x80116CAE,0xA01A46C0,,Engine torque request,0,C_fam_0140
C,C_fam_unkX_unkY_19C4B0,0x19C4B0,0xA019C4B0,,,low,low: pas dans A2L/atlas 9979 — nommer a la main si besoin; identique 64o vs 9979 au meme offset; fp32=68b7f72eafba uniq_u16=17,0x80118A7A,0xA01B66FC,,,1,C_fam_0036
C,C_fam_unkX_unkY_1CFAA8,0x1CFAA8,0xA01CFAA8,,,low,low: 8000/A000 fill — pas une grille lisible; tombe dans AccPed_trq4A +0xE8 (Engine torque request) — ne pas renommer; differe de 9979 au meme offset; fp32=6f52e5ce3e15 uniq_u16=18,0x8011999C,0xA01AD940,0xA01AC970,,0,C_fam_0023
C,C_fam_unkX_unkY_1CFA84,0x1CFA84,0xA01CFA84,,,low,low: 8000/A000 fill — pas une grille lisible; tombe dans AccPed_trq4A +0xC4 (Engine torque request) — ne pas renommer; differe de 9979 au meme offset; fp32=66b8a175645c uniq_u16=3,0x80119DB6,0xA01AD940,0xA01AC970,,0,C_fam_0023
C,C_fam_unkX_unkY_19847C,0x19847C,0xA019847C,,,low,low: 8000/A000 fill — pas une grille lisible; identique 64o vs 9979 au meme offset; fp32=2cde2dbaa034 uniq_u16=1,0x8011C02E,,,,1,C_fam_0343
C,C_fam_unkX_unkY_1D70B8,0x1D70B8,0xA01D70B8,,,low,low: 8000/A000 fill — pas une grille lisible; identique 64o vs 9979 au meme offset; fp32=4267d5415333 uniq_u16=10,0x8011C4FE,0xA01B78E8,,,1,C_fam_0173
C,C_fam_D0003038_unkY_1D64E4,0x1D64E4,0xA01D64E4,,,low,low: pas dans A2L/atlas 9979 — nommer a la main si besoin; identique 64o vs 9979 au meme offset; fp32=29ada16b5824 uniq_u16=9,0x801217C6,,,,1,C_fam_0011
C,C_fam_D0003038_unkY_1D64C4,0x1D64C4,0xA01D64C4,,,low,low: pas dans A2L/atlas 9979 — nommer a la main si besoin; identique 64o vs 9979 au meme offset; fp32=411626e52ec4 uniq_u16=20,0x80121826,,,,1,C_fam_0011
C,C_fam_D0003038_unkY_1D64D4,0x1D64D4,0xA01D64D4,,,low,low: pas dans A2L/atlas 9979 — nommer a la main si besoin; identique 64o vs 9979 au meme offset; fp32=7f3a0b46c77b uniq_u16=14,0x8012183E,,,,1,C_fam_0011
C,C_fam_unkX_D0003036_1D7480,0x1D7480,0xA01D7480,,,low,low: pas dans A2L/atlas 9979 — nommer a la main si besoin; identique 64o vs 9979 au meme offset; fp32=7a9d9fc93f1a uniq_u16=9,0x80121978,,,,1,C_fam_0234
C,C_fam_D000302A_D0002E30_1C84AC,0x1C84AC,0xA01C84AC,,,low,low: pas dans A2L/atlas 9979 — nommer a la main si besoin; identique 64o vs 9979 au meme offset; fp32=f7fe5222a01d uniq_u16=4,0x80121C68,,,,1,C_fam_0208
C,C_fam_D0002E38_unkY_1D64F4,0x1D64F4,0xA01D64F4,,,low,low: pas dans A2L/atlas 9979 — nommer a la main si besoin; identique 64o vs 9979 au meme offset; fp32=f57986fa278f uniq_u16=7,0x80121E68,,,,1,C_fam_0272
C,C_fam_unkX_unkY_182450,0x182450,0xA0182450,,,low,low: pas dans A2L/atlas 9979 — nommer a la main si besoin; identique 64o vs 9979 au meme offset; fp32=e979e85a671c uniq_u16=10,0x8012273C,,,,1,C_fam_0346
C,C_fam_unkX_unkY_1984B0,0x1984B0,0xA01984B0,,,low,low: 8000/A000 fill — pas une grille lisible; identique 64o vs 9979 au meme offset; fp32=2cde2dbaa034 uniq_u16=1,0x8013E76E,0xA01AE6D8,,,1,C_fam_0163
D,D_fam_unkX_unkY_19E6C4,0x19E6C4,0xA019E6C4,,,low,low: pas dans A2L/atlas 9979 — nommer a la main si besoin; identique 64o vs 9979 au meme offset; fp32=9a977558bf80 uniq_u16=13,0x80073F76,0xA01AD8C4,,,1,D_fam_0089
D,D_fam_unkX_unkY_19F6C0,0x19F6C0,0xA019F6C0,,,low,low: pas dans A2L/atlas 9979 — nommer a la main si besoin; identique 64o vs 9979 au meme offset; fp32=fb508a4b9abf uniq_u16=5,0x80074028,,,,1,D_fam_0136
D,D_fam_unkX_unkY_19E6DC,0x19E6DC,0xA019E6DC,,,low,low: pas dans A2L/atlas 9979 — nommer a la main si besoin; identique 64o vs 9979 au meme offset; fp32=ca32d7e69fba uniq_u16=17,0x800740CC,0xA01AB924,0xA01B7C18,,1,D_fam_0046
D,D_fam_unkX_unkY_1CDE04,0x1CDE04,0xA01CDE04,duration_inj6A,,medium,medium: pointe DANS duration_inj6A @0x1CDC84 +0x180 (Injection system) — pas le debut; comment only; identique 64o vs 9979 au meme offset; fp32=cd095dabb1cd uniq_u16=32,0x80074EFA,0xA01A2734,0xA01AD8D0,Injection system,1,D_fam_0026
D,D_fam_unkX_unkY_19E480,0x19E480,0xA019E480,,,low,low: 8000/A000 fill — pas une grille lisible; identique 64o vs 9979 au meme offset; fp32=155a064a08ac uniq_u16=4,0x8007BCB6,0xA01A9218,0xA01A568C,,1,D_fam_0039
D,D_fam_unkX_unkY_19E63C,0x19E63C,0xA019E63C,,,low,low: pas dans A2L/atlas 9979 — nommer a la main si besoin; identique 64o vs 9979 au meme offset; fp32=bed38070acf8 uniq_u16=18,0x8007BDCA,0xA01B0740,,,1,D_fam_0094
D,D_fam_unkX_unkY_19B568,0x19B568,0xA019B568,,,low,low: 8000/A000 fill — pas une grille lisible; identique 64o vs 9979 au meme offset; fp32=069537086f50 uniq_u16=3,0x8007D268,,,,1,D_fam_0137
D,D_fam_unkX_unkY_1D2DC4,0x1D2DC4,0xA01D2DC4,,,low,low: 8000/A000 fill — pas une grille lisible; identique 64o vs 9979 au meme offset; fp32=48fb9447a011 uniq_u16=4,0x80080B24,0xA01AA850,0xA01AE8FC,,1,D_fam_0041
D,D_fam_unkX_unkY_1EEC6C,0x1EEC6C,0xA01EEC6C,,,low,low: 8000/A000 fill — pas une grille lisible; identique 64o vs 9979 au meme offset; fp32=66687aadf862 uniq_u16=1,0x80086F3C,,,,1,D_fam_0139
D,D_fam_unkX_unkY_1D78BC,0x1D78BC,0xA01D78BC,,,low,low: 8000/A000 fill — pas une grille lisible; identique 64o vs 9979 au meme offset; fp32=2cde2dbaa034 uniq_u16=4,0x80087704,,,,1,D_fam_0140
D,D_fam_unkX_unkY_1ECC64,0x1ECC64,0xA01ECC64,,,low,low: pas dans A2L/atlas 9979 — nommer a la main si besoin; identique 64o vs 9979 au meme offset; fp32=67ec6238d50f uniq_u16=4,0x80087CC4,,,,1,D_fam_0141
D,D_fam_unkX_unkY_1EDC60,0x1EDC60,0xA01EDC60,,,low,low: 8000/A000 fill — pas une grille lisible; identique 64o vs 9979 au meme offset; fp32=66687aadf862 uniq_u16=1,0x80089124,,,,1,D_fam_0142
D,D_fam_unkX_unkY_1EFC60,0x1EFC60,0xA01EFC60,,,low,low: 8000/A000 fill — pas une grille lisible; identique 64o vs 9979 au meme offset; fp32=66687aadf862 uniq_u16=1,0x8008929E,,,,1,D_fam_0143
D,D_fam_D00023B4_unkY_1ECC58,0x1ECC58,0xA01ECC58,,,low,low: pas dans A2L/atlas 9979 — nommer a la main si besoin; identique 64o vs 9979 au meme offset; fp32=c2bd119bc099 uniq_u16=4,0x8008A164,,,,1,D_fam_0132
D,D_fam_unkX_unkY_198440,0x198440,0xA0198440,,,low,low: 8000/A000 fill — pas une grille lisible; identique 64o vs 9979 au meme offset; fp32=2cde2dbaa034 uniq_u16=1,0x8008CAD8,,,,1,D_fam_0145
D,D_fam_unkX_unkY_198450,0x198450,0xA0198450,,,low,low: 8000/A000 fill — pas une grille lisible; identique 64o vs 9979 au meme offset; fp32=2cde2dbaa034 uniq_u16=1,0x8008CB12,0xA01A145C,0xA01B3208,,1,D_fam_0022
D,D_fam_D0001920_unkY_1987DC,0x1987DC,0xA01987DC,,,low,low: 8000/A000 fill — pas une grille lisible; identique 64o vs 9979 au meme offset; fp32=2cde2dbaa034 uniq_u16=1,0x8008CD28,0xA01A7450,0xA01A7704,,1,D_fam_0035
D,D_fam_D000190C_D0001900_19E440,0x19E440,0xA019E440,,,low,low: pas dans A2L/atlas 9979 — nommer a la main si besoin; identique 64o vs 9979 au meme offset; fp32=102f763a2ba2 uniq_u16=13,0x8008D08C,,,,1,D_fam_0110
D,D_fam_unkX_D0005676_19F414,0x19F414,0xA019F414,,,low,low: pas dans A2L/atlas 9979 — nommer a la main si besoin; identique 64o vs 9979 au meme offset; fp32=30f6004e2a91 uniq_u16=9,0x8008E1E2,,,,1,D_fam_0127
D,D_fam_unkX_D0005676_19F424,0x19F424,0xA019F424,,,low,low: pas dans A2L/atlas 9979 — nommer a la main si besoin; identique 64o vs 9979 au meme offset; fp32=b05d2facc8c7 uniq_u16=8,0x8008E224,0xA01A0448,0xA01B0238,,1,D_fam_0020
D,D_fam_D000566E_unkY_19F400,0x19F400,0xA019F400,,,low,low: pas dans A2L/atlas 9979 — nommer a la main si besoin; identique 64o vs 9979 au meme offset; fp32=75cb68a4ebbf uniq_u16=8,0x8008E47E,0xA01B0C34,0xA01AA974,,1,D_fam_0053
D,D_fam_D00017DA_unkY_1987D0,0x1987D0,0xA01987D0,,,low,low: 8000/A000 fill — pas une grille lisible; identique 64o vs 9979 au meme offset; fp32=2cde2dbaa034 uniq_u16=1,0x8008E53C,0xA01A6738,,,1,D_fam_0128
D,D_fam_D0000424_D00017C8_19D458,0x19D458,0xA019D458,,,low,low: pas dans A2L/atlas 9979 — nommer a la main si besoin; identique 64o vs 9979 au meme offset; fp32=92a684adefd6 uniq_u16=1,0x8008E8AE,,,,1,D_fam_0107
D,D_fam_unkX_unkY_1E8D84,0x1E8D84,0xA01E8D84,,,low,low: pas dans A2L/atlas 9979 — nommer a la main si besoin; identique 64o vs 9979 au meme offset; fp32=017b29739a2b uniq_u16=6,0x800909F0,,,,1,D_fam_0146
D,D_fam_unkX_unkY_1939F0,0x1939F0,0xA01939F0,,,low,low: 8000/A000 fill — pas une grille lisible; identique 64o vs 9979 au meme offset; fp32=2cde2dbaa034 uniq_u16=1,0x800924D0,,,,1,D_fam_0147
D,D_fam_unkX_unkY_18A9C8,0x18A9C8,0xA018A9C8,,,low,low: pas dans A2L/atlas 9979 — nommer a la main si besoin; identique 64o vs 9979 au meme offset; fp32=66580317aa2e uniq_u16=4,0x800925D8,,,,1,D_fam_0148
D,D_fam_unkX_unkY_193A2C,0x193A2C,0xA0193A2C,,,low,low: 8000/A000 fill — pas une grille lisible; identique 64o vs 9979 au meme offset; fp32=2cde2dbaa034 uniq_u16=1,0x800926CE,,,,1,D_fam_0149
D,D_fam_unkX_unkY_18EA14,0x18EA14,0xA018EA14,soi_base_int_trq2A,,medium,medium: pointe DANS soi_base_int_trq2A @0x18E980 +0x94 (Start of injection SOI) — pas le debut; comment only; identique 64o vs 9979 au meme offset; fp32=4cad6db99bd7 uniq_u16=17,0x800927C0,,,Start of injection SOI,1,D_fam_0150
D,D_fam_unkX_unkY_18CA58,0x18CA58,0xA018CA58,soi_base_int_trq2A,,medium,medium: pointe DANS soi_base_int_trq2A @0x18C980 +0xD8 (Start of injection SOI) — pas le debut; comment only; identique 64o vs 9979 au meme offset; fp32=81a26b496695 uniq_u16=23,0x800934E0,,,Start of injection SOI,1,D_fam_0159
D,D_fam_unkX_unkY_18CA48,0x18CA48,0xA018CA48,soi_base_int_trq2A,,medium,medium: pointe DANS soi_base_int_trq2A @0x18C980 +0xC8 (Start of injection SOI) — pas le debut; comment only; identique 64o vs 9979 au meme offset; fp32=83bfb61653c0 uniq_u16=21,0x80093560,,,Start of injection SOI,1,D_fam_0160
D,D_fam_unkX_unkY_1D0580,0x1D0580,0xA01D0580,,,low,low: pas dans A2L/atlas 9979 — nommer a la main si besoin; identique 64o vs 9979 au meme offset; fp32=7b93e27b5820 uniq_u16=3,0x80093A86,,,,1,D_fam_0161
D,D_fam_unkX_unkY_1D75B8,0x1D75B8,0xA01D75B8,,,low,low: pas dans A2L/atlas 9979 — nommer a la main si besoin; identique 64o vs 9979 au meme offset; fp32=14458d658094 uniq_u16=10,0x80093B8C,,,,1,D_fam_0162
D,D_fam_unkX_unkY_1D15DC,0x1D15DC,0xA01D15DC,smoke_maf_trqA,,medium,medium: pointe DANS smoke_maf_trqA @0x1D1418 +0x1C4 (Smoke limitation) — pas le debut; comment only; identique 64o vs 9979 au meme offset; fp32=5b5045aac031 uniq_u16=1,0x80093C82,,,Smoke limitation,1,D_fam_0163
D,D_fam_unkX_unkY_1CC5C4,0x1CC5C4,0xA01CC5C4,,,low,low: pas dans A2L/atlas 9979 — nommer a la main si besoin; identique 64o vs 9979 au meme offset; fp32=8cbd5dea7f31 uniq_u16=27,0x80093D76,,,,1,D_fam_0164
D,D_fam_unkX_D0002BF6_193A5C,0x193A5C,0xA0193A5C,,,low,low: 8000/A000 fill — pas une grille lisible; identique 64o vs 9979 au meme offset; fp32=2cde2dbaa034 uniq_u16=1,0x80094926,,,,1,D_fam_0014
D,D_fam_unkX_D0002BF8_194A48,0x194A48,0xA0194A48,,,low,low: 8000/A000 fill — pas une grille lisible; identique 64o vs 9979 au meme offset; fp32=2cde2dbaa034 uniq_u16=1,0x800949C8,,,,1,D_fam_0015
D,D_fam_unkX_D0002BFA_195A58,0x195A58,0xA0195A58,soi_base_int_trq2A,,medium,medium: pointe DANS soi_base_int_trq2A @0x195980 +0xD8 (Start of injection SOI) — pas le debut; comment only; identique 64o vs 9979 au meme offset; fp32=bc4079031cbc uniq_u16=20,0x80094A68,,,Start of injection SOI,1,D_fam_0016
D,D_fam_unkX_unkY_18D998,0x18D998,0xA018D998,soi_base_int_trq2A,soi_base_int_trq2A,high,high: empreinte diverse = famille soi_base_int_trq2A (Start of injection SOI) delta=0x18 cols=16 rows=16 src=a2l; identique 64o vs 9979 au meme offset; fp32=0259a2907173 uniq_u16=24,0x80094AF6,0xA01A2B64,,Start of injection SOI,1,D_fam_0008
D,D_fam_unkX_D0002BF0_18FA18,0x18FA18,0xA018FA18,,,low,low: 8000/A000 fill — pas une grille lisible; identique 64o vs 9979 au meme offset; fp32=2cde2dbaa034 uniq_u16=1,0x80094B30,,,,1,D_fam_0011
D,D_fam_unkX_unkY_18E9A0,0x18E9A0,0xA018E9A0,soi_base_int_trq2A,,medium,medium: pointe DANS soi_base_int_trq2A @0x18E980 +0x20 (Start of injection SOI) — pas le debut; comment only; identique 64o vs 9979 au meme offset; fp32=a77c234a56e6 uniq_u16=5,0x80094BA4,,,Start of injection SOI,1,D_fam_0173
D,D_fam_unkX_D0002BF2_191A50,0x191A50,0xA0191A50,soi_base_int_trq2A,,medium,medium: pointe DANS soi_base_int_trq2A @0x191980 +0xD0 (Start of injection SOI) — pas le debut; comment only; identique 64o vs 9979 au meme offset; fp32=3acd96879efb uniq_u16=30,0x80094BD8,,,Start of injection SOI,1,D_fam_0012
D,D_fam_unkX_unkY_1909FC,0x1909FC,0xA01909FC,soi_base_int_trq2A,,medium,medium: pointe DANS soi_base_int_trq2A @0x190980 +0x7C (Start of injection SOI) — pas le debut; comment only; identique 64o vs 9979 au meme offset; fp32=4fb819a36d9b uniq_u16=22,0x80094C46,,,Start of injection SOI,1,D_fam_0174
D,D_fam_unkX_D0002BF4_192A60,0x192A60,0xA0192A60,soi_base_int_trq2A,,medium,medium: pointe DANS soi_base_int_trq2A @0x192980 +0xE0 (Start of injection SOI) — pas le debut; comment only; identique 64o vs 9979 au meme offset; fp32=21a23760bbec uniq_u16=24,0x80094C7A,,,Start of injection SOI,1,D_fam_0013
D,D_fam_D000244C_unkY_1D3618,0x1D3618,0xA01D3618,tqlim_tegt_temp,,medium,medium: pointe DANS tqlim_tegt_temp @0x1D35A8 +0x70 (Engine torque limiters) — pas le debut; comment only; identique 64o vs 9979 au meme offset; fp32=cc1c7052f2dc uniq_u16=26,0x80097294,,,Engine torque limiters,1,D_fam_0017
D,D_fam_D000244E_unkY_1D4604,0x1D4604,0xA01D4604,,,low,low: 8000/A000 fill — pas une grille lisible; identique 64o vs 9979 au meme offset; fp32=66687aadf862 uniq_u16=1,0x80097330,,,,1,D_fam_0018
D,D_fam_D0002450_unkY_1D5614,0x1D5614,0xA01D5614,,,low,low: pas dans A2L/atlas 9979 — nommer a la main si besoin; identique 64o vs 9979 au meme offset; fp32=5ec8e225b8ab uniq_u16=5,0x800973CA,,,,1,D_fam_0001
D,D_fam_D0002450_unkY_1C956C,0x1C956C,0xA01C956C,,,low,low: pas dans A2L/atlas 9979 — nommer a la main si besoin; identique 64o vs 9979 au meme offset; fp32=dd8761d77e65 uniq_u16=3,0x80097452,,,,1,D_fam_0001
D,D_fam_D0002452_unkY_1CD5C8,0x1CD5C8,0xA01CD5C8,,,low,low: 8000/A000 fill — pas une grille lisible; identique 64o vs 9979 au meme offset; fp32=2cde2dbaa034 uniq_u16=1,0x80097490,,,,1,D_fam_0002
D,D_fam_D0002452_unkY_1CA574,0x1CA574,0xA01CA574,,,low,low: pas dans A2L/atlas 9979 — nommer a la main si besoin; identique 64o vs 9979 au meme offset; fp32=f58184a1f9a8 uniq_u16=4,0x800974FA,,,,1,D_fam_0002
D,D_fam_D0002454_unkY_1CF5C0,0x1CF5C0,0xA01CF5C0,,,low,low: pas dans A2L/atlas 9979 — nommer a la main si besoin; identique 64o vs 9979 au meme offset; fp32=f6145b2ea6d0 uniq_u16=8,0x80097532,,,,1,D_fam_0003
D,D_fam_D0002454_unkY_1CD550,0x1CD550,0xA01CD550,,,low,low: 8000/A000 fill — pas une grille lisible; identique 64o vs 9979 au meme offset; fp32=2cde2dbaa034 uniq_u16=1,0x80097596,,,,1,D_fam_0003
D,D_fam_D0002456_unkY_1D0610,0x1D0610,0xA01D0610,,,low,low: pas dans A2L/atlas 9979 — nommer a la main si besoin; identique 64o vs 9979 au meme offset; fp32=8582d0698418 uniq_u16=10,0x800975CE,,,,1,D_fam_0019
D,D_fam_D0002824_D0002814_197A60,0x197A60,0xA0197A60,soi_base_int_trq2A,,medium,medium: pointe DANS soi_base_int_trq2A @0x197980 +0xE0 (Start of injection SOI) — pas le debut; comment only; identique 64o vs 9979 au meme offset; fp32=7ba03bbf31ed uniq_u16=12,0x8009968E,,,Start of injection SOI,1,D_fam_0114
D,D_fam_unkX_unkY_189A74,0x189A74,0xA0189A74,,,low,low: pas dans A2L/atlas 9979 — nommer a la main si besoin; identique 64o vs 9979 au meme offset; fp32=225b1b525ad0 uniq_u16=5,0x800996D4,,,,1,D_fam_0177
D,D_fam_unkX_unkY_188A40,0x188A40,0xA0188A40,egt_base2A,,medium,medium: pointe DANS egt_base2A @0x188948 +0xF8 (Exhaust gas temperature EGT) — pas le debut; comment only; identique 64o vs 9979 au meme offset; fp32=7d18f82fa791 uniq_u16=6,0x8009972A,0xA01A1B9C,,Exhaust gas temperature EGT,1,D_fam_0073
D,D_fam_unkX_unkY_18AA54,0x18AA54,0xA018AA54,,,low,low: pas dans A2L/atlas 9979 — nommer a la main si besoin; identique 64o vs 9979 au meme offset; fp32=0702548c17ae uniq_u16=17,0x80099770,,,,1,D_fam_0178
D,D_fam_unkX_unkY_188A78,0x188A78,0xA0188A78,egt_base2A,,medium,medium: pointe DANS egt_base2A @0x188948 +0x130 (Exhaust gas temperature EGT) — pas le debut; comment only; identique 64o vs 9979 au meme offset; fp32=97bc58f97a82 uniq_u16=8,0x800997C4,0xA01A2B84,,Exhaust gas temperature EGT,1,D_fam_0075
D,D_fam_unkX_unkY_18BA4C,0x18BA4C,0xA018BA4C,,,low,low: pas dans A2L/atlas 9979 — nommer a la main si besoin; identique 64o vs 9979 au meme offset; fp32=6cacb6513080 uniq_u16=5,0x8009980A,0xA01A0B8C,,,1,D_fam_0068
D,D_fam_unkX_unkY_184578,0x184578,0xA0184578,,,low,low: pas dans A2L/atlas 9979 — nommer a la main si besoin; identique 64o vs 9979 au meme offset; fp32=ba3ad862c7cb uniq_u16=12,0x8009A8CE,,,,1,D_fam_0179
D,D_fam_unkX_D0001B44_185544,0x185544,0xA0185544,,,low,low: pas dans A2L/atlas 9979 — nommer a la main si besoin; identique 64o vs 9979 au meme offset; fp32=ab635d8233da uniq_u16=19,0x8009A9BA,,,,1,D_fam_0122
D,D_fam_unkX_unkY_19BC58,0x19BC58,0xA019BC58,,,low,low: pas dans A2L/atlas 9979 — nommer a la main si besoin; identique 64o vs 9979 au meme offset; fp32=ca9760aa20d5 uniq_u16=30,0x8009B630,,,,1,D_fam_0180
D,D_fam_unkX_unkY_19D544,0x19D544,0xA019D544,,,low,low: pas dans A2L/atlas 9979 — nommer a la main si besoin; identique 64o vs 9979 au meme offset; fp32=dda6271ba0dc uniq_u16=1,0x800AE0CE,,,,1,D_fam_0181
D,D_fam_unkX_unkY_1D5ED8,0x1D5ED8,0xA01D5ED8,,,low,low: pas dans A2L/atlas 9979 — nommer a la main si besoin; identique 64o vs 9979 au meme offset; fp32=169f4a49af9c uniq_u16=17,0x800B0F8A,0xA01AB88C,,,1,D_fam_0009
D,D_fam_unkX_unkY_1D7EF8,0x1D7EF8,0xA01D7EF8,nm2iq_base_mg3A,,medium,medium: pointe DANS nm2iq_base_mg3A @0x1D7E38 +0xC0 (Injection system) — pas le debut; comment only; differe de 9979 au meme offset; fp32=b4adf2ee2cea uniq_u16=30,0x800B0FB8,0xA01AB88C,0xA01B68FC,Injection system,0,D_fam_0045
D,D_fam_unkX_unkY_1D6EE8,0x1D6EE8,0xA01D6EE8,,,low,low: pas dans A2L/atlas 9979 — nommer a la main si besoin; identique 64o vs 9979 au meme offset; fp32=5ce08481cf32 uniq_u16=5,0x800B0FE2,0xA01B68FC,,,1,D_fam_0010
D,D_fam_unkX_unkY_1D7ED0,0x1D7ED0,0xA01D7ED0,nm2iq_base_mg3A,,medium,medium: pointe DANS nm2iq_base_mg3A @0x1D7E38 +0x98 (Injection system) — pas le debut; comment only; differe de 9979 au meme offset; fp32=76c12e3313ad uniq_u16=30,0x800B1000,0xA01B68FC,,Injection system,0,D_fam_0010
D,D_fam_D0001F24_unkY_19D4F4,0x19D4F4,0xA019D4F4,,,low,low: pas dans A2L/atlas 9979 — nommer a la main si besoin; identique 64o vs 9979 au meme offset; fp32=dda6271ba0dc uniq_u16=1,0x800B75DA,0xA01A77EC,0xA01BD8D8,,1,D_fam_0036
D,D_fam_unkX_unkY_1D19EC,0x1D19EC,0xA01D19EC,smoke_maf_trqA,,medium,medium: pointe DANS smoke_maf_trqA @0x1D1898 +0x154 (Smoke limitation) — pas le debut; comment only; identique 64o vs 9979 au meme offset; fp32=5b5045aac031 uniq_u16=1,0x800B769A,0xA01A9904,0xA01B3938,Smoke limitation,1,D_fam_0005
D,D_fam_unkX_unkY_1CAA28,0x1CAA28,0xA01CAA28,,,low,low: pas dans A2L/atlas 9979 — nommer a la main si besoin; identique 64o vs 9979 au meme offset; fp32=7bb25c61833b uniq_u16=21,0x800B7B5A,0xA01A26D0,0xA01A64F4,,1,D_fam_0025
D,D_fam_unkX_unkY_1D6610,0x1D6610,0xA01D6610,,,low,low: pas dans A2L/atlas 9979 — nommer a la main si besoin; identique 64o vs 9979 au meme offset; fp32=6688299d589b uniq_u16=17,0x800BB6E2,,,,1,D_fam_0185
D,D_fam_unkX_unkY_1D6630,0x1D6630,0xA01D6630,,,low,low: pas dans A2L/atlas 9979 — nommer a la main si besoin; identique 64o vs 9979 au meme offset; fp32=2f6e5280df08 uniq_u16=17,0x800BB732,,,,1,D_fam_0186
D,D_fam_unkX_unkY_1D762C,0x1D762C,0xA01D762C,,,low,low: pas dans A2L/atlas 9979 — nommer a la main si besoin; identique 64o vs 9979 au meme offset; fp32=853ffaf828dd uniq_u16=11,0x800BB782,,,,1,D_fam_0187
D,D_fam_unkX_unkY_1C58D0,0x1C58D0,0xA01C58D0,,,low,low: 8000/A000 fill — pas une grille lisible; tombe dans turbo_int_trq_correction2C +0x24 (Turbo boost pressure) — ne pas renommer; identique 64o vs 9979 au meme offset; fp32=2cde2dbaa034 uniq_u16=1,0x800BDEEC,0xA01A3528,0xA01A3538,,1,D_fam_0029
D,D_fam_unkX_unkY_1E98C0,0x1E98C0,0xA01E98C0,rail_base_int_trq2B,,medium,medium: pointe DANS rail_base_int_trq2B @0x1E9768 +0x158 (Rail pressure) — pas le debut; comment only; identique 64o vs 9979 au meme offset; fp32=d39833783fa7 uniq_u16=25,0x800C1964,,,Rail pressure,1,D_fam_0191
D,D_fam_unkX_unkY_18146C,0x18146C,0xA018146C,,,low,low: pas dans A2L/atlas 9979 — nommer a la main si besoin; differe de 9979 au meme offset; fp32=00ba43311c5b uniq_u16=20,0x800C9344,,,,0,D_fam_0205
D,D_fam_unkX_unkY_19A654,0x19A654,0xA019A654,soi_base_int_trq2A,,medium,medium: pointe DANS soi_base_int_trq2A @0x19A580 +0xD4 (Start of injection SOI) — pas le debut; comment only; identique 64o vs 9979 au meme offset; fp32=fe42a97d6e97 uniq_u16=27,0x800CB7D2,,,Start of injection SOI,1,D_fam_0206
D,D_fam_unkX_unkY_1C9620,0x1C9620,0xA01C9620,,,low,low: pas dans A2L/atlas 9979 — nommer a la main si besoin; differe de 9979 au meme offset; fp32=d06d1dbd37f4 uniq_u16=8,0x800D27A4,0xA01B7914,0xA01AC814,,0,D_fam_0061
D,D_fam_unkX_unkY_1C9610,0x1C9610,0xA01C9610,,,low,low: pas dans A2L/atlas 9979 — nommer a la main si besoin; identique 64o vs 9979 au meme offset; fp32=c561aaf177a1 uniq_u16=6,0x800D2820,,,,1,D_fam_0207
D,D_fam_unkX_unkY_1D52CC,0x1D52CC,0xA01D52CC,,,low,low: pas dans A2L/atlas 9979 — nommer a la main si besoin; identique 64o vs 9979 au meme offset; fp32=46070f7c8fbc uniq_u16=1,0x800D6DEE,0xA01AB8C8,,,1,D_fam_0085
D,D_fam_D00017B4_D00017B6_180550,0x180550,0xA0180550,,,low,low: pas dans A2L/atlas 9979 — nommer a la main si besoin; identique 64o vs 9979 au meme offset; fp32=93de4a9343d1 uniq_u16=8,0x800DCF3A,,,,1,D_fam_0108
D,D_fam_D00017B8_D00017BA_18055C,0x18055C,0xA018055C,,,low,low: pas dans A2L/atlas 9979 — nommer a la main si besoin; identique 64o vs 9979 au meme offset; fp32=c9624f5b9735 uniq_u16=9,0x800DD3B4,,,,1,D_fam_0109
D,D_fam_D0001B00_unkY_183598,0x183598,0xA0183598,,,low,low: pas dans A2L/atlas 9979 — nommer a la main si besoin; identique 64o vs 9979 au meme offset; fp32=b2576ca4d62e uniq_u16=8,0x800DE8A0,,,,1,D_fam_0129
D,D_fam_unkX_unkY_19A5FC,0x19A5FC,0xA019A5FC,soi_base_int_trq2A,,medium,medium: pointe DANS soi_base_int_trq2A @0x19A580 +0x7C (Start of injection SOI) — pas le debut; comment only; identique 64o vs 9979 au meme offset; fp32=d353b7b11453 uniq_u16=17,0x800E0C50,,,Start of injection SOI,1,D_fam_0213
D,D_fam_unkX_unkY_1C1950,0x1C1950,0xA01C1950,turbo_base3B,,medium,medium: pointe DANS turbo_base3B @0x1C18AC +0xA4 (Turbo boost pressure) — pas le debut; comment only; identique 64o vs 9979 au meme offset; fp32=ffc98bf253b2 uniq_u16=28,0x800E2122,0xA01B68A8,,Turbo boost pressure,1,D_fam_0102
D,D_fam_unkX_unkY_198558,0x198558,0xA0198558,,,low,low: 8000/A000 fill — pas une grille lisible; identique 64o vs 9979 au meme offset; fp32=2cde2dbaa034 uniq_u16=1,0x800E2404,0xA01BD958,,,1,D_fam_0105
D,D_fam_unkX_unkY_1C3954,0x1C3954,0xA01C3954,,,low,low: 8000/A000 fill — pas une grille lisible; tombe dans turbo_int_trq_correction2C +0x28 (Turbo boost pressure) — ne pas renommer; identique 64o vs 9979 au meme offset; fp32=2cde2dbaa034 uniq_u16=1,0x800E2B7A,0xA01AF890,,,1,D_fam_0091
D,D_fam_unkX_unkY_19940C,0x19940C,0xA019940C,soi_base_int_trq2A,,medium,medium: pointe DANS soi_base_int_trq2A @0x199380 +0x8C (Start of injection SOI) — pas le debut; comment only; identique 64o vs 9979 au meme offset; fp32=c189ad71ccbe uniq_u16=19,0x800E2CAA,,,Start of injection SOI,1,D_fam_0214
D,D_fam_unkX_unkY_19E5E4,0x19E5E4,0xA019E5E4,,,low,low: pas dans A2L/atlas 9979 — nommer a la main si besoin; identique 64o vs 9979 au meme offset; fp32=59ba6a30e5a6 uniq_u16=12,0x800E2CE0,0xA01B6718,,,1,D_fam_0099
D,D_fam_unkX_unkY_1CFCE4,0x1CFCE4,0xA01CFCE4,AccPed_trq4A,AccPed_trq4A,high,high: empreinte diverse = famille AccPed_trq4A (Engine torque request) delta=0x24 cols=8 rows=16 src=a2l; differe de 9979 au meme offset; fp32=7a19e5133987 uniq_u16=29,0x800E2DFC,0xA01A0610,,Engine torque request,0,D_fam_0067
D,D_fam_unkX_unkY_18754C,0x18754C,0xA018754C,,,low,low: pas dans A2L/atlas 9979 — nommer a la main si besoin; identique 64o vs 9979 au meme offset; fp32=3ec2371476ed uniq_u16=9,0x800E5EC8,,,,1,D_fam_0215
D,D_fam_unkX_unkY_185564,0x185564,0xA0185564,,,low,low: pas dans A2L/atlas 9979 — nommer a la main si besoin; identique 64o vs 9979 au meme offset; fp32=7fa837917800 uniq_u16=17,0x800E5F20,,,,1,D_fam_0216
D,D_fam_unkX_unkY_193838,0x193838,0xA0193838,,,low,low: 8000/A000 fill — pas une grille lisible; identique 64o vs 9979 au meme offset; fp32=2cde2dbaa034 uniq_u16=1,0x800E6076,,,,1,D_fam_0217
D,D_fam_unkX_unkY_181638,0x181638,0xA0181638,,,low,low: pas dans A2L/atlas 9979 — nommer a la main si besoin; identique 64o vs 9979 au meme offset; fp32=1ba02f8937ac uniq_u16=18,0x800E6130,,,,1,D_fam_0218
D,D_fam_unkX_unkY_1C197C,0x1C197C,0xA01C197C,turbo_base3B,,medium,medium: pointe DANS turbo_base3B @0x1C18AC +0xD0 (Turbo boost pressure) — pas le debut; comment only; identique 64o vs 9979 au meme offset; fp32=952cccadb46c uniq_u16=27,0x800E9084,0xA01A2580,,Turbo boost pressure,1,D_fam_0074
D,D_fam_unkX_unkY_1C4DD8,0x1C4DD8,0xA01C4DD8,,,low,low: 8000/A000 fill — pas une grille lisible; tombe dans turbo_int_trq_correction2C +0x12C (Turbo boost pressure) — ne pas renommer; identique 64o vs 9979 au meme offset; fp32=2cde2dbaa034 uniq_u16=1,0x800E92F2,0xA01BF944,,,1,D_fam_0106
D,D_fam_unkX_unkY_1D5AE4,0x1D5AE4,0xA01D5AE4,,,low,low: pas dans A2L/atlas 9979 — nommer a la main si besoin; identique 64o vs 9979 au meme offset; fp32=0569bc1d5541 uniq_u16=18,0x800EC1FA,0xA01A8864,0xA01AC87C,,1,D_fam_0038
D,D_fam_D0002F7C_unkY_19F4F0,0x19F4F0,0xA019F4F0,,,low,low: pas dans A2L/atlas 9979 — nommer a la main si besoin; identique 64o vs 9979 au meme offset; fp32=3432fc8dea67 uniq_u16=7,0x800F0276,0xA01AC820,,,1,D_fam_0134
D,D_fam_unkX_unkY_19D580,0x19D580,0xA019D580,,,low,low: pas dans A2L/atlas 9979 — nommer a la main si besoin; identique 64o vs 9979 au meme offset; fp32=dda6271ba0dc uniq_u16=1,0x800F16BA,,,,1,D_fam_0220
D,D_fam_unkX_unkY_1C09B0,0x1C09B0,0xA01C09B0,turbo_base3B,turbo_base3B,high,high: empreinte diverse = famille turbo_base3B (Turbo boost pressure) delta=0x4 cols=16 rows=20 src=a2l; identique 64o vs 9979 au meme offset; fp32=4e09a1a415f6 uniq_u16=21,0x800F193C,0xA01A65FC,,Turbo boost pressure,1,D_fam_0081
D,D_fam_D0002EAC_unkY_1F7DA8,0x1F7DA8,0xA01F7DA8,,,low,low: 8000/A000 fill — pas une grille lisible; identique 64o vs 9979 au meme offset; fp32=66687aadf862 uniq_u16=1,0x800F528C,,,,1,D_fam_0133
D,D_fam_unkX_unkY_1C0964,0x1C0964,0xA01C0964,turbo_base3B,,medium,medium: pointe DANS turbo_base3B @0x1C072C +0x238 (Turbo boost pressure) — pas le debut; comment only; identique 64o vs 9979 au meme offset; fp32=d853ba9bfdaa uniq_u16=14,0x800F58B8,0xA01B0880,,Turbo boost pressure,1,D_fam_0096
D,D_fam_unkX_unkY_19D3D8,0x19D3D8,0xA019D3D8,,,low,low: pas dans A2L/atlas 9979 — nommer a la main si besoin; identique 64o vs 9979 au meme offset; fp32=92a684adefd6 uniq_u16=1,0x800F5A34,,,,1,D_fam_0222
D,D_fam_unkX_unkY_19C53C,0x19C53C,0xA019C53C,,,low,low: 8000/A000 fill — pas une grille lisible; identique 64o vs 9979 au meme offset; fp32=fa7eaa678905 uniq_u16=3,0x800F5A6E,0xA01B0718,,,1,D_fam_0093
D,D_fam_unkX_unkY_1986DC,0x1986DC,0xA01986DC,,,low,low: 8000/A000 fill — pas une grille lisible; identique 64o vs 9979 au meme offset; fp32=2cde2dbaa034 uniq_u16=1,0x800F5BAE,0xA01BB96C,0xA01A2550,,1,D_fam_0065
D,D_fam_unkX_unkY_19F3C4,0x19F3C4,0xA019F3C4,,,low,low: pas dans A2L/atlas 9979 — nommer a la main si besoin; identique 64o vs 9979 au meme offset; fp32=1a87c64b107b uniq_u16=10,0x800F5D0C,0xA01AF77C,0xA01A0548,,1,D_fam_0052
D,D_fam_D0002836_D000283E_19D75C,0x19D75C,0xA019D75C,,,low,low: pas dans A2L/atlas 9979 — nommer a la main si besoin; differe de 9979 au meme offset; fp32=efac65c87c5f uniq_u16=4,0x800F882A,0xA01B491C,0xA01AAA00,,0,D_fam_0057
D,D_fam_unkX_unkY_19C588,0x19C588,0xA019C588,,,low,low: pas dans A2L/atlas 9979 — nommer a la main si besoin; identique 64o vs 9979 au meme offset; fp32=9f4fb68f3e1d uniq_u16=2,0x800F890C,,,,1,D_fam_0223
D,D_fam_unkX_D000277E_19C3C0,0x19C3C0,0xA019C3C0,,,low,low: pas dans A2L/atlas 9979 — nommer a la main si besoin; identique 64o vs 9979 au meme offset; fp32=5b6ec3777a17 uniq_u16=24,0x800FB01A,0xA01ADBF0,0xA01A9804,,1,D_fam_0048
D,D_fam_unkX_unkY_1D749C,0x1D749C,0xA01D749C,,,low,low: pas dans A2L/atlas 9979 — nommer a la main si besoin; identique 64o vs 9979 au meme offset; fp32=c0b9c425af49 uniq_u16=8,0x80100824,,,,1,D_fam_0224
D,D_fam_unkX_unkY_19C7F0,0x19C7F0,0xA019C7F0,,,low,low: pas dans A2L/atlas 9979 — nommer a la main si besoin; identique 64o vs 9979 au meme offset; fp32=72cd6e8422c4 uniq_u16=1,0x8010125A,,,,1,D_fam_0227
D,D_fam_unkX_unkY_1D24BC,0x1D24BC,0xA01D24BC,smoke_mapA,,medium,medium: pointe DANS smoke_mapA @0x1D2270 +0x24C (Smoke limitation) — pas le debut; comment only; identique 64o vs 9979 au meme offset; fp32=d8968853b875 uniq_u16=25,0x80105626,,,Smoke limitation,1,D_fam_0228
D,D_fam_unkX_unkY_1D24AC,0x1D24AC,0xA01D24AC,smoke_mapA,,medium,medium: pointe DANS smoke_mapA @0x1D2270 +0x23C (Smoke limitation) — pas le debut; comment only; identique 64o vs 9979 au meme offset; fp32=0d5cfd64ca01 uniq_u16=29,0x801056A4,,,Smoke limitation,1,D_fam_0229
D,D_fam_unkX_unkY_1C8574,0x1C8574,0xA01C8574,,,low,low: pas dans A2L/atlas 9979 — nommer a la main si besoin; identique 64o vs 9979 au meme offset; fp32=43641b8295cb uniq_u16=3,0x801061B8,,,,1,D_fam_0230
D,D_fam_unkX_unkY_19C50C,0x19C50C,0xA019C50C,,,low,low: pas dans A2L/atlas 9979 — nommer a la main si besoin; identique 64o vs 9979 au meme offset; fp32=bb1022609b15 uniq_u16=18,0x80107ACC,,,,1,D_fam_0231
D,D_fam_unkX_unkY_19C51C,0x19C51C,0xA019C51C,,,low,low: pas dans A2L/atlas 9979 — nommer a la main si besoin; identique 64o vs 9979 au meme offset; fp32=c85abec95b83 uniq_u16=11,0x80107AEA,0xA01B7C00,,,1,D_fam_0104
D,D_fam_unkX_unkY_1CE4D8,0x1CE4D8,0xA01CE4D8,,,low,low: pas dans A2L/atlas 9979 — nommer a la main si besoin; identique 64o vs 9979 au meme offset; fp32=1ca4dce1a17a uniq_u16=26,0x80110DCE,,,,1,D_fam_0233
D,D_fam_D00007D4_D0001F36_1C0958,0x1C0958,0xA01C0958,turbo_base3B,,medium,medium: pointe DANS turbo_base3B @0x1C072C +0x22C (Turbo boost pressure) — pas le debut; comment only; identique 64o vs 9979 au meme offset; fp32=cedf988e8d6a uniq_u16=14,0x801123BE,0xA01AE888,0xA01A64E4,Turbo boost pressure,1,D_fam_0051
D,D_fam_D00007DC_D00007D8_1C0940,0x1C0940,0xA01C0940,turbo_base3B,,medium,medium: pointe DANS turbo_base3B @0x1C072C +0x214 (Turbo boost pressure) — pas le debut; comment only; identique 64o vs 9979 au meme offset; fp32=14fa40c1398e uniq_u16=14,0x80112490,0xA01B7858,0xA01AE888,Turbo boost pressure,1,D_fam_0060
D,D_fam_unkX_unkY_1D64AC,0x1D64AC,0xA01D64AC,,,low,low: pas dans A2L/atlas 9979 — nommer a la main si besoin; identique 64o vs 9979 au meme offset; fp32=5287224a1809 uniq_u16=22,0x80116564,,,,1,D_fam_0234
D,D_fam_unkX_unkY_182450,0x182450,0xA0182450,,,low,low: pas dans A2L/atlas 9979 — nommer a la main si besoin; identique 64o vs 9979 au meme offset; fp32=e979e85a671c uniq_u16=10,0x8011A6B2,,,,1,D_fam_0236
D,D_fam_unkX_unkY_1D4488,0x1D4488,0xA01D4488,,,low,low: pas dans A2L/atlas 9979 — nommer a la main si besoin; identique 64o vs 9979 au meme offset; fp32=a179a089c0a6 uniq_u16=21,0x801481B2,,,,1,D_fam_0237
E,E_fam_unkX_unkY_1863C8,0x1863C8,0xA01863C8,,,low,low: pas dans A2L/atlas 9979 — nommer a la main si besoin; identique 64o vs 9979 au meme offset; fp32=c52fbcdaac27 uniq_u16=1,0x80053D44,,,,1,E_fam_0082
E,E_fam_unkX_unkY_1863D4,0x1863D4,0xA01863D4,,,low,low: pas dans A2L/atlas 9979 — nommer a la main si besoin; identique 64o vs 9979 au meme offset; fp32=c52fbcdaac27 uniq_u16=1,0x80053D7A,,,,1,E_fam_0083
E,E_fam_unkX_unkY_183400,0x183400,0xA0183400,,,low,low: pas dans A2L/atlas 9979 — nommer a la main si besoin; identique 64o vs 9979 au meme offset; fp32=0be8efe48fc0 uniq_u16=18,0x80053F36,,,,1,E_fam_0084
E,E_fam_unkX_unkY_183420,0x183420,0xA0183420,,,low,low: pas dans A2L/atlas 9979 — nommer a la main si besoin; identique 64o vs 9979 au meme offset; fp32=124e8c33f876 uniq_u16=22,0x80053F62,,,,1,E_fam_0085
E,E_fam_unkX_unkY_183430,0x183430,0xA0183430,,,low,low: pas dans A2L/atlas 9979 — nommer a la main si besoin; differe de 9979 au meme offset; fp32=45e8b833fa93 uniq_u16=20,0x8005843E,,,,0,E_fam_0088
E,E_fam_unkX_unkY_1C886C,0x1C886C,0xA01C886C,,,low,low: pas dans A2L/atlas 9979 — nommer a la main si besoin; identique 64o vs 9979 au meme offset; fp32=ce7ad06d1231 uniq_u16=32,0x8007981C,,,,1,E_fam_0089
E,E_fam_unkX_D0002166_1D39E8,0x1D39E8,0xA01D39E8,,,low,low: pas dans A2L/atlas 9979 — nommer a la main si besoin; identique 64o vs 9979 au meme offset; fp32=eb80468fc2f3 uniq_u16=14,0x8008068A,,,,1,E_fam_0066
E,E_fam_unkX_unkY_1C4988,0x1C4988,0xA01C4988,,,low,low: 8000/A000 fill — pas une grille lisible; tombe dans turbo_int_trq_correction2C +0x15C (Turbo boost pressure) — ne pas renommer; identique 64o vs 9979 au meme offset; fp32=2cde2dbaa034 uniq_u16=9,0x800806E0,,,,1,E_fam_0090
E,E_fam_unkX_D0002D0C_1C58C0,0x1C58C0,0xA01C58C0,,,low,low: 8000/A000 fill — pas une grille lisible; tombe dans turbo_int_trq_correction2C +0x14 (Turbo boost pressure) — ne pas renommer; identique 64o vs 9979 au meme offset; fp32=2cde2dbaa034 uniq_u16=1,0x80080CEC,,,,1,E_fam_0067
E,E_fam_unkX_unkY_1C48F0,0x1C48F0,0xA01C48F0,,,low,low: 8000/A000 fill — pas une grille lisible; tombe dans turbo_int_trq_correction2C +0xC4 (Turbo boost pressure) — ne pas renommer; identique 64o vs 9979 au meme offset; fp32=2cde2dbaa034 uniq_u16=1,0x80080D2A,0xA01AA9FC,0xA01B1874,,1,E_fam_0023
E,E_fam_D00031F0_D000195A_182538,0x182538,0xA0182538,,,low,low: pas dans A2L/atlas 9979 — nommer a la main si besoin; identique 64o vs 9979 au meme offset; fp32=7aa42df7c71d uniq_u16=27,0x80081954,,,,1,E_fam_0049
E,E_fam_unkX_unkY_1D0804,0x1D0804,0xA01D0804,,,low,low: pas dans A2L/atlas 9979 — nommer a la main si besoin; identique 64o vs 9979 au meme offset; fp32=57d629c4b1b4 uniq_u16=1,0x800823A6,,,,1,E_fam_0091
E,E_fam_unkX_unkY_19947C,0x19947C,0xA019947C,soi_base_int_trq2A,,medium,medium: pointe DANS soi_base_int_trq2A @0x199380 +0xFC (Start of injection SOI) — pas le debut; comment only; identique 64o vs 9979 au meme offset; fp32=774f3bd67e53 uniq_u16=26,0x80085F7E,0xA01A86D0,0xA01B0938,Start of injection SOI,1,E_fam_0016
E,E_fam_unkX_unkY_1F6CB0,0x1F6CB0,0xA01F6CB0,,,low,low: 8000/A000 fill — pas une grille lisible; identique 64o vs 9979 au meme offset; fp32=66687aadf862 uniq_u16=1,0x80086D6A,,,,1,E_fam_0092
E,E_fam_D000248E_D000247C_199448,0x199448,0xA0199448,soi_base_int_trq2A,,medium,medium: pointe DANS soi_base_int_trq2A @0x199380 +0xC8 (Start of injection SOI) — pas le debut; comment only; identique 64o vs 9979 au meme offset; fp32=aafd5d76bd43 uniq_u16=17,0x80087894,0xA01B5820,0xA01A6600,Start of injection SOI,1,E_fam_0027
E,E_fam_unkX_unkY_1C79E8,0x1C79E8,0xA01C79E8,,,low,low: pas dans A2L/atlas 9979 — nommer a la main si besoin; identique 64o vs 9979 au meme offset; fp32=079701ee7943 uniq_u16=10,0x8008799C,0xA01A88EC,0xA01A74E4,,1,E_fam_0017
E,E_fam_unkX_unkY_1C79F8,0x1C79F8,0xA01C79F8,,,low,low: pas dans A2L/atlas 9979 — nommer a la main si besoin; identique 64o vs 9979 au meme offset; fp32=e74e27488675 uniq_u16=11,0x80087A06,0xA01A66E0,0xA01A74F4,,1,E_fam_0013
E,E_fam_unkX_unkY_1F5D78,0x1F5D78,0xA01F5D78,,,low,low: 8000/A000 fill — pas une grille lisible; identique 64o vs 9979 au meme offset; fp32=66687aadf862 uniq_u16=1,0x8008916E,,,,1,E_fam_0093
E,E_fam_D0002BEC_unkY_18DC30,0x18DC30,0xA018DC30,soi_base_int_trq2A,,medium,medium: pointe DANS soi_base_int_trq2A @0x18DB80 +0xB0 (Start of injection SOI) — pas le debut; comment only; identique 64o vs 9979 au meme offset; fp32=dd01b7126b93 uniq_u16=18,0x8009300C,,,Start of injection SOI,1,E_fam_0075
E,E_fam_unkX_unkY_19C690,0x19C690,0xA019C690,,,low,low: pas dans A2L/atlas 9979 — nommer a la main si besoin; identique 64o vs 9979 au meme offset; fp32=f849d67325fa uniq_u16=1,0x80095550,0xA01B4290,0xA01A8934,,1,E_fam_0026
E,E_fam_unkX_unkY_1C77B8,0x1C77B8,0xA01C77B8,,,low,low: pas dans A2L/atlas 9979 — nommer a la main si besoin; differe de 9979 au meme offset; fp32=0923dbd43e72 uniq_u16=22,0x800956B2,0xA01A7630,,,0,E_fam_0033
E,E_fam_D0000000_D00006CA_1C37BC,0x1C37BC,0xA01C37BC,turbo_base3B,,medium,medium: pointe DANS turbo_base3B @0x1C36AC +0x110 (Turbo boost pressure) — pas le debut; comment only; identique 64o vs 9979 au meme offset; fp32=553d01caa28f uniq_u16=28,0x80096F00,,,Turbo boost pressure,1,E_fam_0047
E,E_fam_unkX_unkY_1D79DC,0x1D79DC,0xA01D79DC,,,low,low: pas dans A2L/atlas 9979 — nommer a la main si besoin; identique 64o vs 9979 au meme offset; fp32=fd4e145d4ec8 uniq_u16=5,0x8009AC58,,,,1,E_fam_0097
E,E_fam_unkX_unkY_1D0814,0x1D0814,0xA01D0814,,,low,low: pas dans A2L/atlas 9979 — nommer a la main si besoin; identique 64o vs 9979 au meme offset; fp32=57d629c4b1b4 uniq_u16=1,0x8009B6F6,0xA01B7914,,,1,E_fam_0042
E,E_fam_unkX_unkY_1CBA7C,0x1CBA7C,0xA01CBA7C,,,low,low: pas dans A2L/atlas 9979 — nommer a la main si besoin; identique 64o vs 9979 au meme offset; fp32=af9613760f72 uniq_u16=1,0x8009DFC0,,,,1,E_fam_0098
E,E_fam_unkX_D0001710_1CBA70,0x1CBA70,0xA01CBA70,,,low,low: pas dans A2L/atlas 9979 — nommer a la main si besoin; identique 64o vs 9979 au meme offset; fp32=af9613760f72 uniq_u16=1,0x8009E5B6,,,,1,E_fam_0065
E,E_fam_D00019D2_unkY_19DDFC,0x19DDFC,0xA019DDFC,,,low,low: pas dans A2L/atlas 9979 — nommer a la main si besoin; identique 64o vs 9979 au meme offset; fp32=e5eac290b2eb uniq_u16=3,0x800A049A,,,,1,E_fam_0070
E,E_fam_unkX_unkY_1CB82C,0x1CB82C,0xA01CB82C,,,low,low: pas dans A2L/atlas 9979 — nommer a la main si besoin; identique 64o vs 9979 au meme offset; fp32=af9613760f72 uniq_u16=1,0x800B1332,,,,1,E_fam_0100
E,E_fam_unkX_unkY_1CB838,0x1CB838,0xA01CB838,,,low,low: pas dans A2L/atlas 9979 — nommer a la main si besoin; identique 64o vs 9979 au meme offset; fp32=af9613760f72 uniq_u16=1,0x800B134C,,,,1,E_fam_0101
E,E_fam_unkX_unkY_1CB388,0x1CB388,0xA01CB388,,,low,low: pas dans A2L/atlas 9979 — nommer a la main si besoin; identique 64o vs 9979 au meme offset; fp32=af9613760f72 uniq_u16=1,0x800B3988,0xA01A2720,0xA01BB960,,1,E_fam_0011
E,E_fam_unkX_unkY_1D79D0,0x1D79D0,0xA01D79D0,,,low,low: pas dans A2L/atlas 9979 — nommer a la main si besoin; identique 64o vs 9979 au meme offset; fp32=2fda227151ee uniq_u16=7,0x800B3DC8,,,,1,E_fam_0103
E,E_fam_unkX_unkY_1CD388,0x1CD388,0xA01CD388,,,low,low: pas dans A2L/atlas 9979 — nommer a la main si besoin; identique 64o vs 9979 au meme offset; fp32=1528051decde uniq_u16=32,0x800B3DDC,,,,1,E_fam_0104
E,E_fam_unkX_unkY_19EBC8,0x19EBC8,0xA019EBC8,,,low,low: pas dans A2L/atlas 9979 — nommer a la main si besoin; identique 64o vs 9979 au meme offset; fp32=c76ad75c97d0 uniq_u16=6,0x800B650C,0xA01A7BC8,,,1,E_fam_0035
E,E_fam_unkX_unkY_1F5CB0,0x1F5CB0,0xA01F5CB0,,,low,low: 8000/A000 fill — pas une grille lisible; identique 64o vs 9979 au meme offset; fp32=66687aadf862 uniq_u16=1,0x800C604A,,,,1,E_fam_0107
E,E_fam_D001481A_unkY_1CBA94,0x1CBA94,0xA01CBA94,,,low,low: pas dans A2L/atlas 9979 — nommer a la main si besoin; identique 64o vs 9979 au meme offset; fp32=af9613760f72 uniq_u16=1,0x800C66CA,0xA01AA914,,,1,E_fam_0081
E,E_fam_D001481A_D0001976_1CBA84,0x1CBA84,0xA01CBA84,,,low,low: pas dans A2L/atlas 9979 — nommer a la main si besoin; identique 64o vs 9979 au meme offset; fp32=af9613760f72 uniq_u16=1,0x800C671C,0xA01AA914,,,1,E_fam_0050
E,E_fam_unkX_unkY_19C3E8,0x19C3E8,0xA019C3E8,,,low,low: pas dans A2L/atlas 9979 — nommer a la main si besoin; identique 64o vs 9979 au meme offset; fp32=4db797857506 uniq_u16=26,0x800CE946,0xA01BC8F4,0xA01BD8C0,,1,E_fam_0001
E,E_fam_unkX_D0000492_1C77A8,0x1C77A8,0xA01C77A8,,,low,low: pas dans A2L/atlas 9979 — nommer a la main si besoin; differe de 9979 au meme offset; fp32=67cd8a1ff57d uniq_u16=20,0x800CF0F8,0xA01A8910,0xA01BC7B0,,0,E_fam_0019
E,E_fam_unkX_D0000492_1C7798,0x1C7798,0xA01C7798,,,low,low: pas dans A2L/atlas 9979 — nommer a la main si besoin; differe de 9979 au meme offset; fp32=8b234d128dfd uniq_u16=19,0x800CF11E,0xA01A8910,,,0,E_fam_0063
E,E_fam_D00022FA_unkY_1C799C,0x1C799C,0xA01C799C,,,low,low: pas dans A2L/atlas 9979 — nommer a la main si besoin; identique 64o vs 9979 au meme offset; fp32=316dd31b2c7e uniq_u16=4,0x800D6760,0xA01B6938,0xA01AD8DC,,1,E_fam_0028
E,E_fam_unkX_unkY_1D332C,0x1D332C,0xA01D332C,tqlim_base_pu_4A,,medium,medium: pointe DANS tqlim_base_pu_4A @0x1D3190 +0x19C (Engine torque limiters) — pas le debut; comment only; identique 64o vs 9979 au meme offset; fp32=eecc0af4dcb0 uniq_u16=9,0x800DDA36,0xA01B792C,,Engine torque limiters,1,E_fam_0010
E,E_fam_unkX_unkY_1D333C,0x1D333C,0xA01D333C,trq__nm_corr_tmot,trq__nm_corr_tmot,high,high: empreinte diverse = famille trq__nm_corr_tmot (Engine torque limiters) delta=0xC cols=8 rows=6 src=a2l; identique 64o vs 9979 au meme offset; fp32=6cde59d0f5d8 uniq_u16=7,0x800DDA4C,0xA01B792C,,Engine torque limiters,1,E_fam_0010
E,E_fam_unkX_unkY_1C7978,0x1C7978,0xA01C7978,,,low,low: pas dans A2L/atlas 9979 — nommer a la main si besoin; identique 64o vs 9979 au meme offset; fp32=8a26c7fce559 uniq_u16=4,0x800E4444,0xA01AA908,0xA01B98B8,,1,E_fam_0005
E,E_fam_unkX_unkY_1C7968,0x1C7968,0xA01C7968,,,low,low: pas dans A2L/atlas 9979 — nommer a la main si besoin; identique 64o vs 9979 au meme offset; fp32=f135ef044188 uniq_u16=5,0x800E453E,0xA01A993C,,,1,E_fam_0008
E,E_fam_unkX_unkY_1C08D8,0x1C08D8,0xA01C08D8,turbo_base3B,,medium,medium: pointe DANS turbo_base3B @0x1C072C +0x1AC (Turbo boost pressure) — pas le debut; comment only; identique 64o vs 9979 au meme offset; fp32=baa8bd6ce5c9 uniq_u16=21,0x800E4684,0xA01AA908,0xA01B8958,Turbo boost pressure,1,E_fam_0004
E,E_fam_D0001C84_D0001C94_19F450,0x19F450,0xA019F450,,,low,low: pas dans A2L/atlas 9979 — nommer a la main si besoin; identique 64o vs 9979 au meme offset; fp32=f65f0efcd069 uniq_u16=12,0x800EB962,0xA01AE1D0,,,1,E_fam_0052
E,E_fam_D000213E_D000214C_1C798C,0x1C798C,0xA01C798C,,,low,low: pas dans A2L/atlas 9979 — nommer a la main si besoin; identique 64o vs 9979 au meme offset; fp32=2b9480245581 uniq_u16=3,0x800F1B90,0xA01A371C,,,1,E_fam_0053
E,E_fam_unkX_unkY_19A3C8,0x19A3C8,0xA019A3C8,soi_base_int_trq2A,,medium,medium: pointe DANS soi_base_int_trq2A @0x19A380 +0x48 (Start of injection SOI) — pas le debut; comment only; identique 64o vs 9979 au meme offset; fp32=799f1476101e uniq_u16=29,0x800FA3F0,0xA01B0C20,,Start of injection SOI,1,E_fam_0039
E,E_fam_D00026C4_D00026A0_1F3C54,0x1F3C54,0xA01F3C54,,,low,low: 8000/A000 fill — pas une grille lisible; identique 64o vs 9979 au meme offset; fp32=66687aadf862 uniq_u16=1,0x80103B9C,,,,1,E_fam_0056
E,E_fam_D00026A6_unkY_1EBC4C,0x1EBC4C,0xA01EBC4C,rail_request_horsA2L_banque_14,,medium,medium: pointe DANS rail_request_horsA2L_banque_14 @0x1EBB68 +0xE4 (Hors A2L / provisoire) — pas le debut; comment only; identique 64o vs 9979 au meme offset; fp32=496263a028d2 uniq_u16=32,0x80104034,,,Hors A2L / provisoire,1,E_fam_0073
E,E_fam_unkX_D0002E7A_1C8568,0x1C8568,0xA01C8568,,,low,low: pas dans A2L/atlas 9979 — nommer a la main si besoin; identique 64o vs 9979 au meme offset; fp32=5d17aeaf249e uniq_u16=3,0x80105F84,,,,1,E_fam_0068
E,E_fam_unkX_D0002E7E_1D74D4,0x1D74D4,0xA01D74D4,,,low,low: pas dans A2L/atlas 9979 — nommer a la main si besoin; identique 64o vs 9979 au meme offset; fp32=21eabc3d8452 uniq_u16=15,0x80105FE4,,,,1,E_fam_0069
E,E_fam_D0002396_D0001A5E_1CF818,0x1CF818,0xA01CF818,,,low,low: pas dans A2L/atlas 9979 — nommer a la main si besoin; identique 64o vs 9979 au meme offset; fp32=55ca7c18e190 uniq_u16=6,0x801064B8,0xA01A56AC,,,1,E_fam_0051
E,E_fam_unkX_unkY_1CCA48,0x1CCA48,0xA01CCA48,,,low,low: pas dans A2L/atlas 9979 — nommer a la main si besoin; identique 64o vs 9979 au meme offset; fp32=a74e15a8d131 uniq_u16=20,0x80106E84,0xA01A7680,,,1,E_fam_0034
E,E_fam_unkX_unkY_1CB958,0x1CB958,0xA01CB958,,,low,low: pas dans A2L/atlas 9979 — nommer a la main si besoin; identique 64o vs 9979 au meme offset; fp32=af9613760f72 uniq_u16=1,0x80108714,,,,1,E_fam_0113
E,E_fam_unkX_unkY_1CB974,0x1CB974,0xA01CB974,,,low,low: pas dans A2L/atlas 9979 — nommer a la main si besoin; identique 64o vs 9979 au meme offset; fp32=af9613760f72 uniq_u16=1,0x8010938C,,,,1,E_fam_0114
E,E_fam_unkX_unkY_184444,0x184444,0xA0184444,,,low,low: pas dans A2L/atlas 9979 — nommer a la main si besoin; identique 64o vs 9979 au meme offset; fp32=b061c7589272 uniq_u16=26,0x80109A12,,,,1,E_fam_0116
E,E_fam_unkX_unkY_1CA978,0x1CA978,0xA01CA978,,,low,low: 8000/A000 fill — pas une grille lisible; identique 64o vs 9979 au meme offset; fp32=66687aadf862 uniq_u16=1,0x8010B35A,,,,1,E_fam_0117
E,E_fam_unkX_unkY_1CC944,0x1CC944,0xA01CC944,,,low,low: pas dans A2L/atlas 9979 — nommer a la main si besoin; identique 64o vs 9979 au meme offset; fp32=3d42f163fcc9 uniq_u16=26,0x8010EAC4,,,,1,E_fam_0118
E,E_fam_unkX_unkY_1CB968,0x1CB968,0xA01CB968,,,low,low: pas dans A2L/atlas 9979 — nommer a la main si besoin; identique 64o vs 9979 au meme offset; fp32=af9613760f72 uniq_u16=1,0x8010EB32,,,,1,E_fam_0119
E,E_fam_D0002F64_D0002F62_1CE9C4,0x1CE9C4,0xA01CE9C4,,,low,low: pas dans A2L/atlas 9979 — nommer a la main si besoin; identique 64o vs 9979 au meme offset; fp32=9001ebe06fc4 uniq_u16=10,0x8010ED1A,,,,1,E_fam_0060
E,E_fam_unkX_D0001F36_1C0958,0x1C0958,0xA01C0958,turbo_base3B,,medium,medium: pointe DANS turbo_base3B @0x1C072C +0x22C (Turbo boost pressure) — pas le debut; comment only; identique 64o vs 9979 au meme offset; fp32=cedf988e8d6a uniq_u16=14,0x80112378,0xA01A64D4,0xA01A64E4,Turbo boost pressure,1,E_fam_0012
E,E_fam_D00007DC_unkY_1C0940,0x1C0940,0xA01C0940,turbo_base3B,,medium,medium: pointe DANS turbo_base3B @0x1C072C +0x214 (Turbo boost pressure) — pas le debut; comment only; identique 64o vs 9979 au meme offset; fp32=14fa40c1398e uniq_u16=14,0x8011246C,0xA01A99F0,0xA01B7858,Turbo boost pressure,1,E_fam_0022
E,E_fam_D00007DC_D00007D8_1C094C,0x1C094C,0xA01C094C,turbo_base3B,,medium,medium: pointe DANS turbo_base3B @0x1C072C +0x220 (Turbo boost pressure) — pas le debut; comment only; identique 64o vs 9979 au meme offset; fp32=79ee6c9ae82c uniq_u16=13,0x80112530,0xA01A89E4,0xA01B7858,Turbo boost pressure,1,E_fam_0020
E,E_fam_unkX_unkY_1F2E00,0x1F2E00,0xA01F2E00,,,low,low: 8000/A000 fill — pas une grille lisible; identique 64o vs 9979 au meme offset; fp32=66687aadf862 uniq_u16=1,0x80115BC2,,,,1,E_fam_0120
E,E_fam_D0003154_unkY_1CFA3C,0x1CFA3C,0xA01CFA3C,AccPed_trq4A,,medium,medium: pointe DANS AccPed_trq4A @0x1CF9C0 +0x7C (Engine torque request) — pas le debut; comment only; differe de 9979 au meme offset; fp32=78fffd206fe2 uniq_u16=22,0x80116C8E,,,Engine torque request,0,E_fam_0080
E,E_fam_unkX_unkY_19C69C,0x19C69C,0xA019C69C,,,low,low: pas dans A2L/atlas 9979 — nommer a la main si besoin; identique 64o vs 9979 au meme offset; fp32=f849d67325fa uniq_u16=2,0x801189CE,0xA01B76C8,,,1,E_fam_0041
E,E_fam_unkX_unkY_1C9A1C,0x1C9A1C,0xA01C9A1C,,,low,low: pas dans A2L/atlas 9979 — nommer a la main si besoin; identique 64o vs 9979 au meme offset; fp32=e1a6bb13d5eb uniq_u16=28,0x80118C82,,,,1,E_fam_0123
E,E_fam_unkX_unkY_1D0ECC,0x1D0ECC,0xA01D0ECC,smoke_maf_trqA,,medium,medium: pointe DANS smoke_maf_trqA @0x1D0CEC +0x1E0 (Smoke limitation) — pas le debut; comment only; identique 64o vs 9979 au meme offset; fp32=5b5045aac031 uniq_u16=1,0x80119724,,,Smoke limitation,1,E_fam_0124
E,E_fam_unkX_unkY_1CEAA4,0x1CEAA4,0xA01CEAA4,,,low,low: pas dans A2L/atlas 9979 — nommer a la main si besoin; identique 64o vs 9979 au meme offset; fp32=8d12eaba798f uniq_u16=11,0x801197F8,,,,1,E_fam_0125
E,E_fam_D000243E_unkY_1CFEB4,0x1CFEB4,0xA01CFEB4,AccPed_trq4A,,medium,medium: pointe DANS AccPed_trq4A @0x1CFDC0 +0xF4 (Engine torque request) — pas le debut; comment only; differe de 9979 au meme offset; fp32=cc5fea5475a1 uniq_u16=23,0x80119B58,,,Engine torque request,0,E_fam_0072
E,E_fam_unkX_unkY_1CEA84,0x1CEA84,0xA01CEA84,,,low,low: pas dans A2L/atlas 9979 — nommer a la main si besoin; identique 64o vs 9979 au meme offset; fp32=ddb46bb71b0a uniq_u16=10,0x80119C16,,,,1,E_fam_0126
E,E_fam_unkX_unkY_1CDA14,0x1CDA14,0xA01CDA14,,,low,low: 8000/A000 fill — pas une grille lisible; identique 64o vs 9979 au meme offset; fp32=2cde2dbaa034 uniq_u16=1,0x80119F6E,,,,1,E_fam_0127
E,E_fam_unkX_unkY_1996B8,0x1996B8,0xA01996B8,soi_base_int_trq2A,,medium,medium: pointe DANS soi_base_int_trq2A @0x199580 +0x138 (Start of injection SOI) — pas le debut; comment only; identique 64o vs 9979 au meme offset; fp32=4df6eaa911a8 uniq_u16=16,0x8012072C,0xA01A92AC,0xA01AB2AC,Start of injection SOI,1,E_fam_0021
E,E_fam_D0003038_unkY_1D54F4,0x1D54F4,0xA01D54F4,,,low,low: pas dans A2L/atlas 9979 — nommer a la main si besoin; identique 64o vs 9979 au meme offset; fp32=87ebfcb26759 uniq_u16=2,0x801218E8,,,,1,E_fam_0079
E,E_fam_D000302A_unkY_1D74C4,0x1D74C4,0xA01D74C4,,,low,low: pas dans A2L/atlas 9979 — nommer a la main si besoin; identique 64o vs 9979 au meme offset; fp32=5c7b17da9b04 uniq_u16=11,0x80121BEE,,,,1,E_fam_0077
E,E_fam_D000302C_unkY_1C94FC,0x1C94FC,0xA01C94FC,,,low,low: pas dans A2L/atlas 9979 — nommer a la main si besoin; identique 64o vs 9979 au meme offset; fp32=c06978dc5424 uniq_u16=3,0x8012202E,,,,1,E_fam_0078
E,E_fam_D0002670_D0002684_1F3C74,0x1F3C74,0xA01F3C74,,,low,low: 8000/A000 fill — pas une grille lisible; identique 64o vs 9979 au meme offset; fp32=66687aadf862 uniq_u16=1,0x8013128A,,,,1,E_fam_0055
E,E_fam_unkX_unkY_1CF838,0x1CF838,0xA01CF838,,,low,low: 8000/A000 fill — pas une grille lisible; identique 64o vs 9979 au meme offset; fp32=dc1e2b105f82 uniq_u16=3,0x8013FAC2,0xA01A470C,,,1,E_fam_0031
F,F_fam_unkX_unkY_19E6C4,0x19E6C4,0xA019E6C4,,,low,low: pas dans A2L/atlas 9979 — nommer a la main si besoin; identique 64o vs 9979 au meme offset; fp32=9a977558bf80 uniq_u16=13,0x80073F82,0xA01AD8C4,0xA01B8938,,1,F_fam_0058
F,F_fam_unkX_unkY_1CE85C,0x1CE85C,0xA01CE85C,,,low,low: pas dans A2L/atlas 9979 — nommer a la main si besoin; identique 64o vs 9979 au meme offset; fp32=c52fbcdaac27 uniq_u16=1,0x80074018,0xA01AC908,0xA01A9C38,,1,F_fam_0014
F,F_fam_unkX_unkY_1D08BC,0x1D08BC,0xA01D08BC,tqlim_cluth_prot,,medium,medium: pointe DANS tqlim_cluth_prot @0x1D0860 +0x5C (Engine torque limiters) — pas le debut; comment only; identique 64o vs 9979 au meme offset; fp32=0b6d4b2f6e36 uniq_u16=8,0x80074040,,,Engine torque limiters,1,F_fam_0093
F,F_fam_unkX_unkY_1C985C,0x1C985C,0xA01C985C,,,low,low: 8000/A000 fill — pas une grille lisible; identique 64o vs 9979 au meme offset; fp32=66687aadf862 uniq_u16=17,0x800740BC,0xA01AB924,0xA01B7C18,,1,F_fam_0013
F,F_fam_unkX_unkY_1CB87C,0x1CB87C,0xA01CB87C,,,low,low: pas dans A2L/atlas 9979 — nommer a la main si besoin; identique 64o vs 9979 au meme offset; fp32=af9613760f72 uniq_u16=1,0x800740E0,0xA01B7C18,,,1,F_fam_0082
F,F_fam_unkX_unkY_1CDE5C,0x1CDE5C,0xA01CDE5C,duration_inj6A,,medium,medium: pointe DANS duration_inj6A @0x1CDC84 +0x1D8 (Injection system) — pas le debut; comment only; identique 64o vs 9979 au meme offset; fp32=f1e849a9dd7b uniq_u16=31,0x8007E3D0,0xA01A163C,0xA01A57F0,Injection system,1,F_fam_0041
F,F_fam_unkX_unkY_19E62C,0x19E62C,0xA019E62C,,,low,low: pas dans A2L/atlas 9979 — nommer a la main si besoin; identique 64o vs 9979 au meme offset; fp32=d31b024dfaf6 uniq_u16=15,0x8007F250,0xA01B7904,0xA01AE8E0,,1,F_fam_0068
F,F_fam_unkX_unkY_1CEE94,0x1CEE94,0xA01CEE94,,,low,low: pas dans A2L/atlas 9979 — nommer a la main si besoin; identique 64o vs 9979 au meme offset; fp32=36b4b50ecd17 uniq_u16=2,0x80081FFC,0xA01B2868,0xA01BBAD8,,1,F_fam_0018
F,F_fam_unkX_unkY_1CE994,0x1CE994,0xA01CE994,,,low,low: pas dans A2L/atlas 9979 — nommer a la main si besoin; identique 64o vs 9979 au meme offset; fp32=f6832878a165 uniq_u16=18,0x800866FA,0xA01A165C,0xA01A77D0,,1,F_fam_0042
F,F_fam_unkX_unkY_1F4D04,0x1F4D04,0xA01F4D04,,,low,low: 8000/A000 fill — pas une grille lisible; identique 64o vs 9979 au meme offset; fp32=66687aadf862 uniq_u16=1,0x80086F60,,,,1,F_fam_0094
F,F_fam_D000247E_unkY_1D7118,0x1D7118,0xA01D7118,,,low,low: pas dans A2L/atlas 9979 — nommer a la main si besoin; identique 64o vs 9979 au meme offset; fp32=d21193182967 uniq_u16=12,0x800876A2,0xA01A44D8,0xA01A88C4,,1,F_fam_0049
F,F_fam_D0002480_unkY_1D41D8,0x1D41D8,0xA01D41D8,,,low,low: 8000/A000 fill — pas une grille lisible; identique 64o vs 9979 au meme offset; fp32=1faec854c0cc uniq_u16=5,0x80087730,0xA01B2904,,,1,F_fam_0092
F,F_fam_D0002B8E_D00024A2_1CCF58,0x1CCF58,0xA01CCF58,,,low,low: 8000/A000 fill — pas une grille lisible; identique 64o vs 9979 au meme offset; fp32=66687aadf862 uniq_u16=1,0x80087C42,,,,1,F_fam_0084
F,F_fam_unkX_unkY_1EEC78,0x1EEC78,0xA01EEC78,,,low,low: 8000/A000 fill — pas une grille lisible; identique 64o vs 9979 au meme offset; fp32=66687aadf862 uniq_u16=1,0x80087CFC,,,,1,F_fam_0095
F,F_fam_unkX_unkY_1EACFC,0x1EACFC,0xA01EACFC,rail_request_horsA2L_banque_06,,medium,medium: pointe DANS rail_request_horsA2L_banque_06 @0x1EAB68 +0x194 (Hors A2L / provisoire) — pas le debut; comment only; identique 64o vs 9979 au meme offset; fp32=03639042516b uniq_u16=20,0x80087D28,,,Hors A2L / provisoire,1,F_fam_0096
F,F_fam_unkX_unkY_1C9444,0x1C9444,0xA01C9444,,,low,low: pas dans A2L/atlas 9979 — nommer a la main si besoin; identique 64o vs 9979 au meme offset; fp32=a9a7241617d4 uniq_u16=6,0x800883A8,,,,1,F_fam_0097
F,F_fam_unkX_unkY_1CA44C,0x1CA44C,0xA01CA44C,,,low,low: pas dans A2L/atlas 9979 — nommer a la main si besoin; identique 64o vs 9979 au meme offset; fp32=1a8dcdf8c586 uniq_u16=2,0x800883C0,,,,1,F_fam_0098
F,F_fam_unkX_unkY_1F6D44,0x1F6D44,0xA01F6D44,,,low,low: 8000/A000 fill — pas une grille lisible; identique 64o vs 9979 au meme offset; fp32=66687aadf862 uniq_u16=1,0x800890C2,,,,1,F_fam_0099
F,F_fam_unkX_unkY_1ECC78,0x1ECC78,0xA01ECC78,,,low,low: pas dans A2L/atlas 9979 — nommer a la main si besoin; identique 64o vs 9979 au meme offset; fp32=3d476fb38d06 uniq_u16=4,0x80089156,,,,1,F_fam_0100
F,F_fam_D00023E8_unkY_1EFC50,0x1EFC50,0xA01EFC50,,,low,low: 8000/A000 fill — pas une grille lisible; identique 64o vs 9979 au meme offset; fp32=66687aadf862 uniq_u16=1,0x800892C6,,,,1,F_fam_0030
F,F_fam_unkX_unkY_198440,0x198440,0xA0198440,,,low,low: 8000/A000 fill — pas une grille lisible; identique 64o vs 9979 au meme offset; fp32=2cde2dbaa034 uniq_u16=1,0x8008CAFA,0xA01A145C,0xA01B3208,,1,F_fam_0004
F,F_fam_unkX_unkY_198450,0x198450,0xA0198450,,,low,low: 8000/A000 fill — pas une grille lisible; identique 64o vs 9979 au meme offset; fp32=2cde2dbaa034 uniq_u16=1,0x8008CB30,0xA01A145C,0xA01B3208,,1,F_fam_0004
F,F_fam_unkX_D0005674_19F414,0x19F414,0xA019F414,,,low,low: pas dans A2L/atlas 9979 — nommer a la main si besoin; identique 64o vs 9979 au meme offset; fp32=30f6004e2a91 uniq_u16=9,0x8008E208,0xA01A0448,0xA01B0238,,1,F_fam_0003
F,F_fam_unkX_D0005674_19F424,0x19F424,0xA019F424,,,low,low: pas dans A2L/atlas 9979 — nommer a la main si besoin; identique 64o vs 9979 au meme offset; fp32=b05d2facc8c7 uniq_u16=8,0x8008E242,0xA01A0448,0xA01B0238,,1,F_fam_0003
F,F_fam_unkX_unkY_18EC00,0x18EC00,0xA018EC00,soi_base_int_trq2A,,medium,medium: pointe DANS soi_base_int_trq2A @0x18EB80 +0x80 (Start of injection SOI) — pas le debut; comment only; identique 64o vs 9979 au meme offset; fp32=424d70699458 uniq_u16=20,0x80092526,,,Start of injection SOI,1,F_fam_0101
F,F_fam_unkX_unkY_18E080,0x18E080,0xA018E080,soi_base_int_trq2A,,medium,medium: pointe DANS soi_base_int_trq2A @0x18DF80 +0x100 (Start of injection SOI) — pas le debut; comment only; identique 64o vs 9979 au meme offset; fp32=e8c105090295 uniq_u16=29,0x8009261C,,,Start of injection SOI,1,F_fam_0103
F,F_fam_unkX_unkY_18E500,0x18E500,0xA018E500,soi_base_int_trq2A,,medium,medium: pointe DANS soi_base_int_trq2A @0x18E380 +0x180 (Start of injection SOI) — pas le debut; comment only; identique 64o vs 9979 au meme offset; fp32=26fafd11e165 uniq_u16=15,0x80092712,,,Start of injection SOI,1,F_fam_0105
F,F_fam_unkX_unkY_19EA00,0x19EA00,0xA019EA00,,,low,low: 8000/A000 fill — pas une grille lisible; identique 64o vs 9979 au meme offset; fp32=155a064a08ac uniq_u16=4,0x80092816,,,,1,F_fam_0107
F,F_fam_unkX_unkY_195A9C,0x195A9C,0xA0195A9C,soi_base_int_trq2A,,medium,medium: pointe DANS soi_base_int_trq2A @0x195980 +0x11C (Start of injection SOI) — pas le debut; comment only; identique 64o vs 9979 au meme offset; fp32=259d43238abd uniq_u16=21,0x80093516,,,Start of injection SOI,1,F_fam_0119
F,F_fam_unkX_unkY_195A8C,0x195A8C,0xA0195A8C,soi_base_int_trq2A,,medium,medium: pointe DANS soi_base_int_trq2A @0x195980 +0x10C (Start of injection SOI) — pas le debut; comment only; identique 64o vs 9979 au meme offset; fp32=770f6ebba6a4 uniq_u16=18,0x8009358E,0xA01A4B9C,,Start of injection SOI,1,F_fam_0075
F,F_fam_unkX_unkY_1C87F8,0x1C87F8,0xA01C87F8,,,low,low: pas dans A2L/atlas 9979 — nommer a la main si besoin; identique 64o vs 9979 au meme offset; fp32=380d006fc99d uniq_u16=19,0x80093ADE,,,,1,F_fam_0120
F,F_fam_unkX_unkY_1E0DB8,0x1E0DB8,0xA01E0DB8,,,low,low: pas dans A2L/atlas 9979 — nommer a la main si besoin; identique 64o vs 9979 au meme offset; fp32=3ef62a580148 uniq_u16=3,0x80093BD0,,,,1,F_fam_0122
F,F_fam_unkX_unkY_1E0238,0x1E0238,0xA01E0238,,,low,low: 8000/A000 fill — pas une grille lisible; identique 64o vs 9979 au meme offset; fp32=66687aadf862 uniq_u16=1,0x80093CC6,,,,1,F_fam_0124
F,F_fam_unkX_unkY_1E0738,0x1E0738,0xA01E0738,,,low,low: 8000/A000 fill — pas une grille lisible; identique 64o vs 9979 au meme offset; fp32=66687aadf862 uniq_u16=1,0x80093DD2,,,,1,F_fam_0126
F,F_fam_unkX_D0002BF6_188B10,0x188B10,0xA0188B10,egt_base2A,,medium,medium: pointe DANS egt_base2A @0x188948 +0x1C8 (Exhaust gas temperature EGT) — pas le debut; comment only; identique 64o vs 9979 au meme offset; fp32=eec3153b325b uniq_u16=12,0x8009494C,0xA01A0B44,,Exhaust gas temperature EGT,1,F_fam_0027
F,F_fam_unkX_D0002BF8_188B3C,0x188B3C,0xA0188B3C,egt_base2A,,medium,medium: pointe DANS egt_base2A @0x188948 +0x1F4 (Exhaust gas temperature EGT) — pas le debut; comment only; identique 64o vs 9979 au meme offset; fp32=0735805ea066 uniq_u16=10,0x800949EE,0xA01A0B7C,,Exhaust gas temperature EGT,1,F_fam_0028
F,F_fam_unkX_D0002BFA_18AB0C,0x18AB0C,0xA018AB0C,,,low,low: pas dans A2L/atlas 9979 — nommer a la main si besoin; identique 64o vs 9979 au meme offset; fp32=98e1dc2346a4 uniq_u16=20,0x80094A8E,0xA01A2B64,,,1,F_fam_0029
F,F_fam_unkX_D0002BF0_19EAC0,0x19EAC0,0xA019EAC0,,,low,low: pas dans A2L/atlas 9979 — nommer a la main si besoin; identique 64o vs 9979 au meme offset; fp32=c884954b88c6 uniq_u16=7,0x80094B5A,,,,1,F_fam_0024
F,F_fam_unkX_D0002BF2_19DB0C,0x19DB0C,0xA019DB0C,,,low,low: pas dans A2L/atlas 9979 — nommer a la main si besoin; identique 64o vs 9979 au meme offset; fp32=8b7ccd9da90d uniq_u16=7,0x80094BFE,,,,1,F_fam_0025
F,F_fam_unkX_D0002BF4_19EB34,0x19EB34,0xA019EB34,,,low,low: pas dans A2L/atlas 9979 — nommer a la main si besoin; identique 64o vs 9979 au meme offset; fp32=a5a14620634e uniq_u16=12,0x80094CA0,,,,1,F_fam_0026
F,F_fam_D000244C_unkY_1EB840,0x1EB840,0xA01EB840,rail_request_horsA2L_banque_12,,medium,medium: pointe DANS rail_request_horsA2L_banque_12 @0x1EB768 +0xD8 (Hors A2L / provisoire) — pas le debut; comment only; identique 64o vs 9979 au meme offset; fp32=8464b99cbdd3 uniq_u16=28,0x800972C2,,,Hors A2L / provisoire,1,F_fam_0031
F,F_fam_D000244E_unkY_1EB878,0x1EB878,0xA01EB878,rail_request_horsA2L_banque_12,,medium,medium: pointe DANS rail_request_horsA2L_banque_12 @0x1EB768 +0x110 (Hors A2L / provisoire) — pas le debut; comment only; identique 64o vs 9979 au meme offset; fp32=33b2c5b224f4 uniq_u16=28,0x8009735E,,,Hors A2L / provisoire,1,F_fam_0032
F,F_fam_D0002450_unkY_1ED860,0x1ED860,0xA01ED860,,,low,low: pas dans A2L/atlas 9979 — nommer a la main si besoin; identique 64o vs 9979 au meme offset; fp32=9c5fcebd35d4 uniq_u16=20,0x800973F8,,,,1,F_fam_0033
F,F_fam_D0002452_unkY_1E07F8,0x1E07F8,0xA01E07F8,,,low,low: 8000/A000 fill — pas une grille lisible; identique 64o vs 9979 au meme offset; fp32=66687aadf862 uniq_u16=1,0x800974C2,,,,1,F_fam_0034
F,F_fam_D0002454_unkY_1F0804,0x1F0804,0xA01F0804,,,low,low: 8000/A000 fill — pas une grille lisible; identique 64o vs 9979 au meme offset; fp32=66687aadf862 uniq_u16=1,0x80097560,,,,1,F_fam_0035
F,F_fam_D0002456_unkY_1F182C,0x1F182C,0xA01F182C,,,low,low: 8000/A000 fill — pas une grille lisible; identique 64o vs 9979 au meme offset; fp32=66687aadf862 uniq_u16=1,0x80097600,,,,1,F_fam_0036
F,F_fam_unkX_unkY_19EB5C,0x19EB5C,0xA019EB5C,,,low,low: pas dans A2L/atlas 9979 — nommer a la main si besoin; identique 64o vs 9979 au meme offset; fp32=6972f79fce12 uniq_u16=9,0x800996B8,,,,1,F_fam_0138
F,F_fam_unkX_unkY_18EB18,0x18EB18,0xA018EB18,soi_base_int_trq2A,,medium,medium: pointe DANS soi_base_int_trq2A @0x18E980 +0x198 (Start of injection SOI) — pas le debut; comment only; identique 64o vs 9979 au meme offset; fp32=577042b5e328 uniq_u16=14,0x80099700,0xA01A1B9C,,Start of injection SOI,1,F_fam_0073
F,F_fam_unkX_unkY_19FB44,0x19FB44,0xA019FB44,,,low,low: pas dans A2L/atlas 9979 — nommer a la main si besoin; identique 64o vs 9979 au meme offset; fp32=41afbacfe4c9 uniq_u16=9,0x80099754,,,,1,F_fam_0139
F,F_fam_unkX_unkY_18EB38,0x18EB38,0xA018EB38,soi_base_int_trq2A,,medium,medium: pointe DANS soi_base_int_trq2A @0x18E980 +0x1B8 (Start of injection SOI) — pas le debut; comment only; identique 64o vs 9979 au meme offset; fp32=4f0c7029ec82 uniq_u16=10,0x8009979C,0xA01A2B84,,Start of injection SOI,1,F_fam_0074
F,F_fam_unkX_unkY_18DB1C,0x18DB1C,0xA018DB1C,soi_base_int_trq2A,,medium,medium: pointe DANS soi_base_int_trq2A @0x18D980 +0x19C (Start of injection SOI) — pas le debut; comment only; identique 64o vs 9979 au meme offset; fp32=d4ef65b55a76 uniq_u16=13,0x800997EE,0xA01A0B8C,,Start of injection SOI,1,F_fam_0072
F,F_fam_unkX_unkY_18FB30,0x18FB30,0xA018FB30,,,low,low: 8000/A000 fill — pas une grille lisible; identique 64o vs 9979 au meme offset; fp32=2cde2dbaa034 uniq_u16=1,0x80099836,0xA01A0B8C,0xA01A3B8C,,1,F_fam_0040
F,F_fam_unkX_unkY_184578,0x184578,0xA0184578,,,low,low: pas dans A2L/atlas 9979 — nommer a la main si besoin; identique 64o vs 9979 au meme offset; fp32=ba3ad862c7cb uniq_u16=12,0x8009A8F8,,,,1,F_fam_0140
F,F_fam_unkX_D0001B44_185544,0x185544,0xA0185544,,,low,low: pas dans A2L/atlas 9979 — nommer a la main si besoin; identique 64o vs 9979 au meme offset; fp32=ab635d8233da uniq_u16=19,0x8009A9DC,,,,1,F_fam_0086
F,F_fam_unkX_unkY_1876C8,0x1876C8,0xA01876C8,,,low,low: pas dans A2L/atlas 9979 — nommer a la main si besoin; identique 64o vs 9979 au meme offset; fp32=ac6e37920276 uniq_u16=1,0x8009AAAC,,,,1,F_fam_0141
F,F_fam_unkX_unkY_1866E8,0x1866E8,0xA01866E8,,,low,low: pas dans A2L/atlas 9979 — nommer a la main si besoin; identique 64o vs 9979 au meme offset; fp32=1b1380c44c4a uniq_u16=1,0x8009AABA,,,,1,F_fam_0142
F,F_fam_unkX_unkY_1876E8,0x1876E8,0xA01876E8,,,low,low: pas dans A2L/atlas 9979 — nommer a la main si besoin; identique 64o vs 9979 au meme offset; fp32=ac6e37920276 uniq_u16=1,0x8009AB6E,,,,1,F_fam_0144
F,F_fam_D0001FA4_unkY_1CF39C,0x1CF39C,0xA01CF39C,,,low,low: pas dans A2L/atlas 9979 — nommer a la main si besoin; identique 64o vs 9979 au meme offset; fp32=07f1b9450e0b uniq_u16=31,0x800ADBF4,0xA01A565C,0xA01A6660,,1,F_fam_0007
F,F_fam_D0000318_unkY_1CE97C,0x1CE97C,0xA01CE97C,,,low,low: pas dans A2L/atlas 9979 — nommer a la main si besoin; identique 64o vs 9979 au meme offset; fp32=7e99062c1dd6 uniq_u16=22,0x800AF186,0xA01AC940,0xA01AC85C,,1,F_fam_0015
F,F_fam_unkX_unkY_1CB388,0x1CB388,0xA01CB388,,,low,low: pas dans A2L/atlas 9979 — nommer a la main si besoin; identique 64o vs 9979 au meme offset; fp32=af9613760f72 uniq_u16=1,0x800B38E0,0xA01A2720,,,1,F_fam_0002
F,F_fam_D0001F24_unkY_1987C4,0x1987C4,0xA01987C4,,,low,low: 8000/A000 fill — pas une grille lisible; identique 64o vs 9979 au meme offset; fp32=2cde2dbaa034 uniq_u16=1,0x800B7602,0xA01BD8D8,,,1,F_fam_0091
F,F_fam_unkX_unkY_1C4B58,0x1C4B58,0xA01C4B58,,,low,low: 8000/A000 fill — pas une grille lisible; tombe dans turbo_int_trq_correction2C +0x2C (Turbo boost pressure) — ne pas renommer; identique 64o vs 9979 au meme offset; fp32=2cde2dbaa034 uniq_u16=1,0x800BB608,0xA01A24C8,0xA01A1588,,1,F_fam_0044
F,F_fam_unkX_unkY_1EF848,0x1EF848,0xA01EF848,,,low,low: 8000/A000 fill — pas une grille lisible; identique 64o vs 9979 au meme offset; fp32=66687aadf862 uniq_u16=1,0x800BB70C,,,,1,F_fam_0147
F,F_fam_unkX_unkY_1EF870,0x1EF870,0xA01EF870,,,low,low: 8000/A000 fill — pas une grille lisible; identique 64o vs 9979 au meme offset; fp32=66687aadf862 uniq_u16=1,0x800BB75C,,,,1,F_fam_0148
F,F_fam_unkX_unkY_1F1880,0x1F1880,0xA01F1880,,,low,low: 8000/A000 fill — pas une grille lisible; identique 64o vs 9979 au meme offset; fp32=66687aadf862 uniq_u16=1,0x800BB7AC,,,,1,F_fam_0149
F,F_fam_D0002392_unkY_1D3928,0x1D3928,0xA01D3928,tqlim_base8A,,medium,medium: pointe DANS tqlim_base8A @0x1D3928 +0x0 (Engine torque limiters) — pas le debut; comment only; identique 64o vs 9979 au meme offset; fp32=dde1e2922309 uniq_u16=5,0x800BDF0E,0xA01A3528,0xA01A3538,Engine torque limiters,1,F_fam_0047
F,F_fam_unkX_unkY_1ED928,0x1ED928,0xA01ED928,,,low,low: pas dans A2L/atlas 9979 — nommer a la main si besoin; differe de 9979 au meme offset; fp32=9822fb3cf605 uniq_u16=21,0x800C19CC,,,,0,F_fam_0153
F,F_fam_unkX_unkY_1EE898,0x1EE898,0xA01EE898,,,low,low: 8000/A000 fill — pas une grille lisible; identique 64o vs 9979 au meme offset; fp32=66687aadf862 uniq_u16=1,0x800D27FC,,0xA01AC814,,1,F_fam_0069
F,F_fam_unkX_unkY_1F68A0,0x1F68A0,0xA01F68A0,,,low,low: 8000/A000 fill — pas une grille lisible; identique 64o vs 9979 au meme offset; fp32=66687aadf862 uniq_u16=1,0x800D286C,,,,1,F_fam_0162
F,F_fam_D000BAD6_D000BAD7_180550,0x180550,0xA0180550,,,low,low: pas dans A2L/atlas 9979 — nommer a la main si besoin; identique 64o vs 9979 au meme offset; fp32=93de4a9343d1 uniq_u16=8,0x800DCF7A,,,,1,F_fam_0023
F,F_fam_D000BAD6_D000BAD7_18055C,0x18055C,0xA018055C,,,low,low: pas dans A2L/atlas 9979 — nommer a la main si besoin; identique 64o vs 9979 au meme offset; fp32=c9624f5b9735 uniq_u16=9,0x800DD3F4,,,,1,F_fam_0023
F,F_fam_unkX_unkY_1D4F98,0x1D4F98,0xA01D4F98,,,low,low: pas dans A2L/atlas 9979 — nommer a la main si besoin; identique 64o vs 9979 au meme offset; fp32=446fed2e6ad4 uniq_u16=31,0x800DEF88,0xA01B58D4,0xA01AA95C,,1,F_fam_0019
F,F_fam_unkX_unkY_1D2FA0,0x1D2FA0,0xA01D2FA0,trq_strt3A,trq_strt3A,high,high: empreinte diverse = famille trq_strt3A (Engine torque request) delta=0x14 cols=12 rows=12 src=a2l; identique 64o vs 9979 au meme offset; fp32=bc61d1c56af1 uniq_u16=6,0x800DEF9E,0xA01B58D4,0xA01AA95C,Engine torque request,1,F_fam_0019
F,F_fam_unkX_unkY_198558,0x198558,0xA0198558,,,low,low: 8000/A000 fill — pas une grille lisible; identique 64o vs 9979 au meme offset; fp32=2cde2dbaa034 uniq_u16=1,0x800E2444,0xA01A577C,0xA01AA67C,,1,F_fam_0008
F,F_fam_unkX_unkY_1D1B24,0x1D1B24,0xA01D1B24,smoke_maf_trqA,,medium,medium: pointe DANS smoke_maf_trqA @0x1D1AD8 +0x4C (Smoke limitation) — pas le debut; comment only; identique 64o vs 9979 au meme offset; fp32=5b5045aac031 uniq_u16=1,0x800E2BD8,0xA01B7964,,Smoke limitation,1,F_fam_0081
F,F_fam_unkX_unkY_1CFCE4,0x1CFCE4,0xA01CFCE4,AccPed_trq4A,AccPed_trq4A,high,high: empreinte diverse = famille AccPed_trq4A (Engine torque request) delta=0x24 cols=8 rows=16 src=a2l; differe de 9979 au meme offset; fp32=7a19e5133987 uniq_u16=29,0x800E2D18,,,Engine torque request,0,F_fam_0168
F,F_fam_unkX_unkY_1D7D64,0x1D7D64,0xA01D7D64,,,low,low: 8000/A000 fill — pas une grille lisible; identique 64o vs 9979 au meme offset; fp32=2cde2dbaa034 uniq_u16=4,0x800E2E32,0xA01A0610,,,1,F_fam_0071
F,F_fam_unkX_unkY_18D848,0x18D848,0xA018D848,soi_base_int_trq2A,,medium,medium: pointe DANS soi_base_int_trq2A @0x18D780 +0xC8 (Start of injection SOI) — pas le debut; comment only; differe de 9979 au meme offset; fp32=5bf45e796984 uniq_u16=21,0x800E5EF2,,,Start of injection SOI,0,F_fam_0171
F,F_fam_unkX_unkY_185564,0x185564,0xA0185564,,,low,low: pas dans A2L/atlas 9979 — nommer a la main si besoin; identique 64o vs 9979 au meme offset; fp32=7fa837917800 uniq_u16=17,0x800E5F4A,,,,1,F_fam_0172
F,F_fam_unkX_unkY_181638,0x181638,0xA0181638,,,low,low: pas dans A2L/atlas 9979 — nommer a la main si besoin; identique 64o vs 9979 au meme offset; fp32=1ba02f8937ac uniq_u16=18,0x800E60BC,,,,1,F_fam_0173
F,F_fam_unkX_unkY_182608,0x182608,0xA0182608,,,low,low: pas dans A2L/atlas 9979 — nommer a la main si besoin; identique 64o vs 9979 au meme offset; fp32=b7ebc0237718 uniq_u16=18,0x800E6174,,,,1,F_fam_0174
F,F_fam_unkX_unkY_1845D0,0x1845D0,0xA01845D0,,,low,low: pas dans A2L/atlas 9979 — nommer a la main si besoin; identique 64o vs 9979 au meme offset; fp32=554e10e258f1 uniq_u16=4,0x800E61BC,,,,1,F_fam_0175
F,F_fam_unkX_unkY_1C6BD8,0x1C6BD8,0xA01C6BD8,,,low,low: pas dans A2L/atlas 9979 — nommer a la main si besoin; differe de 9979 au meme offset; fp32=4af01e35526d uniq_u16=13,0x800E90EC,,,,0,F_fam_0176
F,F_fam_unkX_unkY_1C4DD8,0x1C4DD8,0xA01C4DD8,,,low,low: 8000/A000 fill — pas une grille lisible; tombe dans turbo_int_trq_correction2C +0x12C (Turbo boost pressure) — ne pas renommer; identique 64o vs 9979 au meme offset; fp32=2cde2dbaa034 uniq_u16=1,0x800E924A,0xA01A67A8,,,1,F_fam_0020
F,F_fam_unkX_unkY_1C4F18,0x1C4F18,0xA01C4F18,,,low,low: 8000/A000 fill — pas une grille lisible; tombe dans turbo_int_trq_correction2C +0xEC (Turbo boost pressure) — ne pas renommer; identique 64o vs 9979 au meme offset; fp32=2cde2dbaa034 uniq_u16=1,0x800E9336,,,,1,F_fam_0179
F,F_fam_unkX_unkY_1CDAE4,0x1CDAE4,0xA01CDAE4,,,low,low: 8000/A000 fill — pas une grille lisible; identique 64o vs 9979 au meme offset; fp32=2cde2dbaa034 uniq_u16=1,0x800EC21E,0xA01A8864,0xA01AC87C,,1,F_fam_0009
F,F_fam_unkX_unkY_1CFAE4,0x1CFAE4,0xA01CFAE4,AccPed_trq4A,AccPed_trq4A,high,high: empreinte diverse = famille AccPed_trq4A (Engine torque request) delta=0x24 cols=8 rows=16 src=a2l; differe de 9979 au meme offset; fp32=7a19e5133987 uniq_u16=29,0x800EC250,0xA01A8864,0xA01AC87C,Engine torque request,0,F_fam_0009
F,F_fam_unkX_unkY_19A644,0x19A644,0xA019A644,soi_base_int_trq2A,,medium,medium: pointe DANS soi_base_int_trq2A @0x19A580 +0xC4 (Start of injection SOI) — pas le debut; comment only; identique 64o vs 9979 au meme offset; fp32=f6c03f5a2aed uniq_u16=24,0x800F029A,0xA01AC820,,Start of injection SOI,1,F_fam_0021
F,F_fam_D00022AA_unkY_1C3890,0x1C3890,0xA01C3890,turbo_base3B,,medium,medium: pointe DANS turbo_base3B @0x1C36AC +0x1E4 (Turbo boost pressure) — pas le debut; comment only; identique 64o vs 9979 au meme offset; fp32=a18ea9cdaa97 uniq_u16=21,0x800F065E,0xA01AA898,0xA01A666C,Turbo boost pressure,1,F_fam_0012
F,F_fam_D00022AA_unkY_1C4898,0x1C4898,0xA01C4898,,,low,low: 8000/A000 fill — pas une grille lisible; tombe dans turbo_int_trq_correction2C +0x6C (Turbo boost pressure) — ne pas renommer; identique 64o vs 9979 au meme offset; fp32=2cde2dbaa034 uniq_u16=1,0x800F067C,0xA01AA898,0xA01A666C,,1,F_fam_0012
F,F_fam_unkX_unkY_1C58A0,0x1C58A0,0xA01C58A0,,,low,low: 8000/A000 fill — pas une grille lisible; tombe dans turbo_int_trq_correction2C +0x174 (Turbo boost pressure) — ne pas renommer; identique 64o vs 9979 au meme offset; fp32=2cde2dbaa034 uniq_u16=1,0x800F06A0,0xA01A56E0,,,1,F_fam_0076
F,F_fam_unkX_D00020AA_197998,0x197998,0xA0197998,soi_base_int_trq2A,soi_base_int_trq2A,high,high: empreinte diverse = famille soi_base_int_trq2A (Start of injection SOI) delta=0x18 cols=16 rows=16 src=a2l; identique 64o vs 9979 au meme offset; fp32=2de418d5dc75 uniq_u16=7,0x800F0CAE,,,Start of injection SOI,1,F_fam_0087
F,F_fam_unkX_unkY_18B998,0x18B998,0xA018B998,,,low,low: pas dans A2L/atlas 9979 — nommer a la main si besoin; identique 64o vs 9979 au meme offset; fp32=3fe2e3922bf1 uniq_u16=14,0x800F0CF8,,,,1,F_fam_0182
F,F_fam_unkX_unkY_195998,0x195998,0xA0195998,soi_base_int_trq2A,soi_base_int_trq2A,high,high: empreinte diverse = famille soi_base_int_trq2A (Start of injection SOI) delta=0x18 cols=16 rows=16 src=a2l; identique 64o vs 9979 au meme offset; fp32=19dfc39f9db4 uniq_u16=18,0x800F0D5C,,,Start of injection SOI,1,F_fam_0184
F,F_fam_unkX_unkY_189998,0x189998,0xA0189998,,,low,low: pas dans A2L/atlas 9979 — nommer a la main si besoin; identique 64o vs 9979 au meme offset; fp32=af9613760f72 uniq_u16=1,0x800F0DA6,,,,1,F_fam_0186
F,F_fam_unkX_unkY_1C206C,0x1C206C,0xA01C206C,turbo_base3B,turbo_base3B,high,high: empreinte diverse = famille turbo_base3B (Turbo boost pressure) delta=0x40 cols=16 rows=20 src=a2l; identique 64o vs 9979 au meme offset; fp32=9af3e182d2ba uniq_u16=31,0x800F16FE,,,Turbo boost pressure,1,F_fam_0188
F,F_fam_unkX_unkY_1C43AC,0x1C43AC,0xA01C43AC,turbo_int_trq_correction2C,turbo_int_trq_correction2C,high,high: empreinte diverse = famille turbo_int_trq_correction2C (Turbo boost pressure) delta=0x0 cols=12 rows=16 src=a2l; identique 64o vs 9979 au meme offset; fp32=0d022fca3b57 uniq_u16=31,0x800F1896,,,Turbo boost pressure,1,F_fam_0192
F,F_fam_D0002EAC_D0002ED8_1F0DE0,0x1F0DE0,0xA01F0DE0,,,low,low: 8000/A000 fill — pas une grille lisible; identique 64o vs 9979 au meme offset; fp32=66687aadf862 uniq_u16=1,0x800F52B2,,,,1,F_fam_0085
F,F_fam_D0002EAC_unkY_1EED90,0x1EED90,0xA01EED90,,,low,low: 8000/A000 fill — pas une grille lisible; identique 64o vs 9979 au meme offset; fp32=66687aadf862 uniq_u16=1,0x800F535C,,,,1,F_fam_0037
F,F_fam_D0002EAC_unkY_1F2DF0,0x1F2DF0,0xA01F2DF0,,,low,low: 8000/A000 fill — pas une grille lisible; identique 64o vs 9979 au meme offset; fp32=66687aadf862 uniq_u16=1,0x800F5378,,,,1,F_fam_0037
F,F_fam_unkX_unkY_19A728,0x19A728,0xA019A728,soi_base_int_trq2A,,medium,medium: pointe DANS soi_base_int_trq2A @0x19A580 +0x1A8 (Start of injection SOI) — pas le debut; comment only; identique 64o vs 9979 au meme offset; fp32=930c94a36b0d uniq_u16=29,0x800F5AB0,0xA01ACEB4,,Start of injection SOI,1,F_fam_0022
F,F_fam_unkX_unkY_19E72C,0x19E72C,0xA019E72C,,,low,low: pas dans A2L/atlas 9979 — nommer a la main si besoin; identique 64o vs 9979 au meme offset; fp32=fea7e5bb422f uniq_u16=9,0x800F5BF0,0xA01A2550,0xA01B40B4,,1,F_fam_0045
F,F_fam_unkX_unkY_19F3C4,0x19F3C4,0xA019F3C4,,,low,low: pas dans A2L/atlas 9979 — nommer a la main si besoin; identique 64o vs 9979 au meme offset; fp32=1a87c64b107b uniq_u16=10,0x800F5CE4,0xA01A34BC,0xA01AF77C,,1,F_fam_0046
F,F_fam_unkX_unkY_19D704,0x19D704,0xA019D704,,,low,low: pas dans A2L/atlas 9979 — nommer a la main si besoin; identique 64o vs 9979 au meme offset; fp32=a8b10a950dac uniq_u16=4,0x800F5D4E,0xA01A0548,0xA01B4FF4,,1,F_fam_0039
F,F_fam_unkX_D000277E_19C3C0,0x19C3C0,0xA019C3C0,,,low,low: pas dans A2L/atlas 9979 — nommer a la main si besoin; identique 64o vs 9979 au meme offset; fp32=5b6ec3777a17 uniq_u16=24,0x800FB042,0xA01A9804,0xA01AD920,,1,F_fam_0010
F,F_fam_unkX_unkY_1D54B4,0x1D54B4,0xA01D54B4,,,low,low: pas dans A2L/atlas 9979 — nommer a la main si besoin; identique 64o vs 9979 au meme offset; fp32=46070f7c8fbc uniq_u16=1,0x8010084E,,,,1,F_fam_0194
F,F_fam_unkX_D0002E74_1D4548,0x1D4548,0xA01D4548,,,low,low: pas dans A2L/atlas 9979 — nommer a la main si besoin; identique 64o vs 9979 au meme offset; fp32=2ecbdc962c4b uniq_u16=23,0x80100A24,,,,1,F_fam_0089
F,F_fam_unkX_unkY_1D5488,0x1D5488,0xA01D5488,,,low,low: pas dans A2L/atlas 9979 — nommer a la main si besoin; identique 64o vs 9979 au meme offset; fp32=46070f7c8fbc uniq_u16=1,0x80105658,,,,1,F_fam_0196
F,F_fam_unkX_unkY_1D0528,0x1D0528,0xA01D0528,,,low,low: 8000/A000 fill — pas une grille lisible; identique 64o vs 9979 au meme offset; fp32=e306006216ff uniq_u16=4,0x80106344,,,,1,F_fam_0198
F,F_fam_D0001F60_unkY_1C2754,0x1C2754,0xA01C2754,,,low,low: pas dans A2L/atlas 9979 — nommer a la main si besoin; identique 64o vs 9979 au meme offset; fp32=df9e947aa9bc uniq_u16=1,0x801123EA,0xA01AE888,0xA01A64E4,,1,F_fam_0016
F,F_fam_D0001F60_D00007D8_1C0940,0x1C0940,0xA01C0940,turbo_base3B,,medium,medium: pointe DANS turbo_base3B @0x1C072C +0x214 (Turbo boost pressure) — pas le debut; comment only; identique 64o vs 9979 au meme offset; fp32=14fa40c1398e uniq_u16=14,0x801124A6,0xA01AE888,0xA01B696C,Turbo boost pressure,1,F_fam_0061
F,F_fam_D0001F60_D00007D8_1C2714,0x1C2714,0xA01C2714,,,low,low: pas dans A2L/atlas 9979 — nommer a la main si besoin; identique 64o vs 9979 au meme offset; fp32=df9e947aa9bc uniq_u16=1,0x801124B4,0xA01B696C,0xA01BA714,,1,F_fam_0067
F,F_fam_unkX_D000BAD6_1D1A44,0x1D1A44,0xA01D1A44,smoke_maf_trqA,,medium,medium: pointe DANS smoke_maf_trqA @0x1D1898 +0x1AC (Smoke limitation) — pas le debut; comment only; identique 64o vs 9979 au meme offset; fp32=5b5045aac031 uniq_u16=1,0x8011BC7C,0xA01A46D0,,Smoke limitation,1,F_fam_0090
G,G_fam_unkX_unkY_19B568,0x19B568,0xA019B568,,,low,low: 8000/A000 fill — pas une grille lisible; identique 64o vs 9979 au meme offset; fp32=069537086f50 uniq_u16=3,0x8007D288,0xA01A378C,,,1,G_fam_0009
G,G_fam_unkX_unkY_19E62C,0x19E62C,0xA019E62C,,,low,low: pas dans A2L/atlas 9979 — nommer a la main si besoin; identique 64o vs 9979 au meme offset; fp32=d31b024dfaf6 uniq_u16=15,0x8007F244,0xA01B7904,0xA01AE8E0,,1,G_fam_0058
G,G_fam_unkX_unkY_1D2DC4,0x1D2DC4,0xA01D2DC4,,,low,low: 8000/A000 fill — pas une grille lisible; identique 64o vs 9979 au meme offset; fp32=48fb9447a011 uniq_u16=4,0x80080B32,0xA01AA850,0xA01AE8FC,,1,G_fam_0040
G,G_fam_D0002480_unkY_1986A8,0x1986A8,0xA01986A8,,,low,low: 8000/A000 fill — pas une grille lisible; identique 64o vs 9979 au meme offset; fp32=2cde2dbaa034 uniq_u16=1,0x80087718,0xA01B2904,,,1,G_fam_0082
G,G_fam_unkX_D00024A2_19C414,0x19C414,0xA019C414,,,low,low: pas dans A2L/atlas 9979 — nommer a la main si besoin; identique 64o vs 9979 au meme offset; fp32=16a2e0117bd0 uniq_u16=21,0x80087C32,,,,1,G_fam_0079
G,G_fam_unkX_unkY_1EEC78,0x1EEC78,0xA01EEC78,,,low,low: 8000/A000 fill — pas une grille lisible; identique 64o vs 9979 au meme offset; fp32=66687aadf862 uniq_u16=1,0x80087CD8,,,,1,G_fam_0083
G,G_fam_unkX_unkY_1ECC78,0x1ECC78,0xA01ECC78,,,low,low: pas dans A2L/atlas 9979 — nommer a la main si besoin; identique 64o vs 9979 au meme offset; fp32=3d476fb38d06 uniq_u16=4,0x80089138,,,,1,G_fam_0084
G,G_fam_D00023E8_unkY_1EFC50,0x1EFC50,0xA01EFC50,,,low,low: 8000/A000 fill — pas une grille lisible; identique 64o vs 9979 au meme offset; fp32=66687aadf862 uniq_u16=1,0x800892AE,,,,1,G_fam_0081
G,G_fam_unkX_unkY_198440,0x198440,0xA0198440,,,low,low: 8000/A000 fill — pas une grille lisible; identique 64o vs 9979 au meme offset; fp32=2cde2dbaa034 uniq_u16=1,0x8008CAEE,0xA01A145C,,,1,G_fam_0065
G,G_fam_unkX_unkY_198450,0x198450,0xA0198450,,,low,low: 8000/A000 fill — pas une grille lisible; identique 64o vs 9979 au meme offset; fp32=2cde2dbaa034 uniq_u16=1,0x8008CB24,0xA01A145C,0xA01B3208,,1,G_fam_0024
G,G_fam_unkX_D0005674_19F414,0x19F414,0xA019F414,,,low,low: pas dans A2L/atlas 9979 — nommer a la main si besoin; identique 64o vs 9979 au meme offset; fp32=30f6004e2a91 uniq_u16=9,0x8008E1FC,0xA01A0448,,,1,G_fam_0080
G,G_fam_unkX_D0005674_19F424,0x19F424,0xA019F424,,,low,low: pas dans A2L/atlas 9979 — nommer a la main si besoin; identique 64o vs 9979 au meme offset; fp32=b05d2facc8c7 uniq_u16=8,0x8008E236,0xA01A0448,0xA01B0238,,1,G_fam_0023
G,G_fam_unkX_unkY_188AA4,0x188AA4,0xA0188AA4,egt_base2A,,medium,medium: pointe DANS egt_base2A @0x188948 +0x15C (Exhaust gas temperature EGT) — pas le debut; comment only; identique 64o vs 9979 au meme offset; fp32=e90f5f93501d uniq_u16=9,0x800924E8,,,Exhaust gas temperature EGT,1,G_fam_0085
G,G_fam_unkX_unkY_18EABC,0x18EABC,0xA018EABC,soi_base_int_trq2A,,medium,medium: pointe DANS soi_base_int_trq2A @0x18E980 +0x13C (Start of injection SOI) — pas le debut; comment only; identique 64o vs 9979 au meme offset; fp32=d66ec04e3d14 uniq_u16=21,0x800925F2,,,Start of injection SOI,1,G_fam_0086
G,G_fam_unkX_unkY_188AE0,0x188AE0,0xA0188AE0,egt_base2A,,medium,medium: pointe DANS egt_base2A @0x188948 +0x198 (Exhaust gas temperature EGT) — pas le debut; comment only; identique 64o vs 9979 au meme offset; fp32=17c937c518f1 uniq_u16=10,0x800926E8,,,Exhaust gas temperature EGT,1,G_fam_0087
G,G_fam_unkX_unkY_193B08,0x193B08,0xA0193B08,,,low,low: 8000/A000 fill — pas une grille lisible; identique 64o vs 9979 au meme offset; fp32=2cde2dbaa034 uniq_u16=1,0x800927D8,,,,1,G_fam_0088
G,G_fam_unkX_unkY_1D764C,0x1D764C,0xA01D764C,,,low,low: 8000/A000 fill — pas une grille lisible; identique 64o vs 9979 au meme offset; fp32=c5050b8e06bd uniq_u16=5,0x80093AA0,,,,1,G_fam_0097
G,G_fam_unkX_unkY_1CD664,0x1CD664,0xA01CD664,,,low,low: 8000/A000 fill — pas une grille lisible; identique 64o vs 9979 au meme offset; fp32=2cde2dbaa034 uniq_u16=1,0x80093BA6,,,,1,G_fam_0098
G,G_fam_unkX_unkY_1D7688,0x1D7688,0xA01D7688,,,low,low: 8000/A000 fill — pas une grille lisible; identique 64o vs 9979 au meme offset; fp32=bb6979e9d3d7 uniq_u16=3,0x80093C9C,,,,1,G_fam_0099
G,G_fam_unkX_unkY_1D16F0,0x1D16F0,0xA01D16F0,smoke_maf_trqA,,medium,medium: pointe DANS smoke_maf_trqA @0x1D1658 +0x98 (Smoke limitation) — pas le debut; comment only; identique 64o vs 9979 au meme offset; fp32=5b5045aac031 uniq_u16=1,0x80093D90,,,Smoke limitation,1,G_fam_0100
G,G_fam_unkX_D0002BF6_188B10,0x188B10,0xA0188B10,egt_base2A,,medium,medium: pointe DANS egt_base2A @0x188948 +0x1C8 (Exhaust gas temperature EGT) — pas le debut; comment only; identique 64o vs 9979 au meme offset; fp32=eec3153b325b uniq_u16=12,0x8009493C,,,Exhaust gas temperature EGT,1,G_fam_0013
G,G_fam_unkX_D0002BF8_188B3C,0x188B3C,0xA0188B3C,egt_base2A,,medium,medium: pointe DANS egt_base2A @0x188948 +0x1F4 (Exhaust gas temperature EGT) — pas le debut; comment only; identique 64o vs 9979 au meme offset; fp32=0735805ea066 uniq_u16=10,0x800949DE,,,Exhaust gas temperature EGT,1,G_fam_0014
G,G_fam_unkX_D0002BFA_18AB0C,0x18AB0C,0xA018AB0C,,,low,low: pas dans A2L/atlas 9979 — nommer a la main si besoin; identique 64o vs 9979 au meme offset; fp32=98e1dc2346a4 uniq_u16=20,0x80094A7E,,,,1,G_fam_0015
G,G_fam_unkX_D0002BF0_194B0C,0x194B0C,0xA0194B0C,,,low,low: 8000/A000 fill — pas une grille lisible; identique 64o vs 9979 au meme offset; fp32=2cde2dbaa034 uniq_u16=1,0x80094B46,,,,1,G_fam_0010
G,G_fam_unkX_D0002BF2_196B04,0x196B04,0xA0196B04,soi_base_int_trq2A,,medium,medium: pointe DANS soi_base_int_trq2A @0x196980 +0x184 (Start of injection SOI) — pas le debut; comment only; identique 64o vs 9979 au meme offset; fp32=fc92600ee159 uniq_u16=22,0x80094BEE,,,Start of injection SOI,1,G_fam_0011
G,G_fam_unkX_D0002BF4_197B14,0x197B14,0xA0197B14,soi_base_int_trq2A,,medium,medium: pointe DANS soi_base_int_trq2A @0x197980 +0x194 (Start of injection SOI) — pas le debut; comment only; identique 64o vs 9979 au meme offset; fp32=dd14fb69c033 uniq_u16=18,0x80094C90,,,Start of injection SOI,1,G_fam_0012
G,G_fam_D000244C_unkY_1C96C4,0x1C96C4,0xA01C96C4,,,low,low: pas dans A2L/atlas 9979 — nommer a la main si besoin; identique 64o vs 9979 au meme offset; fp32=29f89b4b3459 uniq_u16=15,0x800972AA,,,,1,G_fam_0017
G,G_fam_D000244E_unkY_1C96F0,0x1C96F0,0xA01C96F0,,,low,low: pas dans A2L/atlas 9979 — nommer a la main si besoin; identique 64o vs 9979 au meme offset; fp32=a45a8a1b5172 uniq_u16=16,0x80097346,,,,1,G_fam_0018
G,G_fam_D0002450_unkY_1CB6C0,0x1CB6C0,0xA01CB6C0,,,low,low: pas dans A2L/atlas 9979 — nommer a la main si besoin; identique 64o vs 9979 au meme offset; fp32=af9613760f72 uniq_u16=1,0x800973E0,,,,1,G_fam_0019
G,G_fam_D0002452_unkY_1D26F4,0x1D26F4,0xA01D26F4,smoke_mapA,,medium,medium: pointe DANS smoke_mapA @0x1D251C +0x1D8 (Smoke limitation) — pas le debut; comment only; identique 64o vs 9979 au meme offset; fp32=c9ebb0b4399c uniq_u16=25,0x800974A6,,,Smoke limitation,1,G_fam_0020
G,G_fam_D0002454_unkY_1D46EC,0x1D46EC,0xA01D46EC,,,low,low: pas dans A2L/atlas 9979 — nommer a la main si besoin; identique 64o vs 9979 au meme offset; fp32=18bc1a603f2b uniq_u16=22,0x80097548,,,,1,G_fam_0021
G,G_fam_D0002456_unkY_1D56FC,0x1D56FC,0xA01D56FC,,,low,low: pas dans A2L/atlas 9979 — nommer a la main si besoin; identique 64o vs 9979 au meme offset; fp32=86ab4f5fd69d uniq_u16=6,0x800975E4,,,,1,G_fam_0022
G,G_fam_unkX_unkY_18CB04,0x18CB04,0xA018CB04,soi_base_int_trq2A,,medium,medium: pointe DANS soi_base_int_trq2A @0x18C980 +0x184 (Start of injection SOI) — pas le debut; comment only; identique 64o vs 9979 au meme offset; fp32=acc1e00e875c uniq_u16=13,0x800996A4,,,Start of injection SOI,1,G_fam_0109
G,G_fam_unkX_unkY_18EB18,0x18EB18,0xA018EB18,soi_base_int_trq2A,,medium,medium: pointe DANS soi_base_int_trq2A @0x18E980 +0x198 (Start of injection SOI) — pas le debut; comment only; identique 64o vs 9979 au meme offset; fp32=577042b5e328 uniq_u16=14,0x800996EA,,,Start of injection SOI,1,G_fam_0110
G,G_fam_unkX_unkY_18CB24,0x18CB24,0xA018CB24,soi_base_int_trq2A,,medium,medium: pointe DANS soi_base_int_trq2A @0x18C980 +0x1A4 (Start of injection SOI) — pas le debut; comment only; identique 64o vs 9979 au meme offset; fp32=b8fc3bae0553 uniq_u16=13,0x80099740,0xA01A1B9C,,Start of injection SOI,1,G_fam_0066
G,G_fam_unkX_unkY_18EB38,0x18EB38,0xA018EB38,soi_base_int_trq2A,,medium,medium: pointe DANS soi_base_int_trq2A @0x18E980 +0x1B8 (Start of injection SOI) — pas le debut; comment only; identique 64o vs 9979 au meme offset; fp32=4f0c7029ec82 uniq_u16=10,0x80099786,,,Start of injection SOI,1,G_fam_0111
G,G_fam_unkX_unkY_18DB1C,0x18DB1C,0xA018DB1C,soi_base_int_trq2A,,medium,medium: pointe DANS soi_base_int_trq2A @0x18D980 +0x19C (Start of injection SOI) — pas le debut; comment only; identique 64o vs 9979 au meme offset; fp32=d4ef65b55a76 uniq_u16=13,0x800997DA,0xA01A2B84,,Start of injection SOI,1,G_fam_0067
G,G_fam_unkX_unkY_18FB30,0x18FB30,0xA018FB30,,,low,low: 8000/A000 fill — pas une grille lisible; identique 64o vs 9979 au meme offset; fp32=2cde2dbaa034 uniq_u16=1,0x80099820,0xA01A0B8C,,,1,G_fam_0064
G,G_fam_unkX_unkY_184578,0x184578,0xA0184578,,,low,low: pas dans A2L/atlas 9979 — nommer a la main si besoin; identique 64o vs 9979 au meme offset; fp32=ba3ad862c7cb uniq_u16=12,0x8009A8E6,,,,1,G_fam_0112
G,G_fam_unkX_D0001B44_185544,0x185544,0xA0185544,,,low,low: pas dans A2L/atlas 9979 — nommer a la main si besoin; identique 64o vs 9979 au meme offset; fp32=ab635d8233da uniq_u16=19,0x8009A9CA,,,,1,G_fam_0078
G,G_fam_D0010000_D000BADA_19AC28,0x19AC28,0xA019AC28,soi_base_int_trq2A,,medium,medium: pointe DANS soi_base_int_trq2A @0x19AB80 +0xA8 (Start of injection SOI) — pas le debut; comment only; identique 64o vs 9979 au meme offset; fp32=77ee5fb924e9 uniq_u16=19,0x8009B5A2,0xA01A0C14,,Start of injection SOI,1,G_fam_0077
G,G_fam_unkX_unkY_1CB388,0x1CB388,0xA01CB388,,,low,low: pas dans A2L/atlas 9979 — nommer a la main si besoin; identique 64o vs 9979 au meme offset; fp32=af9613760f72 uniq_u16=1,0x800B3914,0xA01A2720,,,1,G_fam_0008
G,G_fam_D0001F24_unkY_19E4C8,0x19E4C8,0xA019E4C8,,,low,low: pas dans A2L/atlas 9979 — nommer a la main si besoin; identique 64o vs 9979 au meme offset; fp32=d7a0163c17c6 uniq_u16=5,0x800B75AE,0xA01A77EC,,,1,G_fam_0016
G,G_fam_D0001F24_unkY_1987C4,0x1987C4,0xA01987C4,,,low,low: 8000/A000 fill — pas une grille lisible; identique 64o vs 9979 au meme offset; fp32=2cde2dbaa034 uniq_u16=1,0x800B75EE,0xA01BD8D8,,,1,G_fam_0016
G,G_fam_unkX_unkY_1CB6FC,0x1CB6FC,0xA01CB6FC,,,low,low: pas dans A2L/atlas 9979 — nommer a la main si besoin; identique 64o vs 9979 au meme offset; fp32=af9613760f72 uniq_u16=1,0x800BB6F8,,,,1,G_fam_0116
G,G_fam_unkX_unkY_1CC6DC,0x1CC6DC,0xA01CC6DC,,,low,low: pas dans A2L/atlas 9979 — nommer a la main si besoin; identique 64o vs 9979 au meme offset; fp32=5637c5d01c11 uniq_u16=8,0x800BB748,,,,1,G_fam_0117
G,G_fam_unkX_unkY_1CD6D8,0x1CD6D8,0xA01CD6D8,,,low,low: 8000/A000 fill — pas une grille lisible; identique 64o vs 9979 au meme offset; fp32=2cde2dbaa034 uniq_u16=1,0x800BB798,,,,1,G_fam_0118
G,G_fam_unkX_unkY_1EF8DC,0x1EF8DC,0xA01EF8DC,,,low,low: 8000/A000 fill — pas une grille lisible; identique 64o vs 9979 au meme offset; fp32=66687aadf862 uniq_u16=1,0x800C198A,,,,1,G_fam_0122
G,G_fam_unkX_unkY_19B77C,0x19B77C,0xA019B77C,,,low,low: pas dans A2L/atlas 9979 — nommer a la main si besoin; identique 64o vs 9979 au meme offset; fp32=0c83138d177a uniq_u16=12,0x800E0D50,,,,1,G_fam_0137
G,G_fam_unkX_unkY_198558,0x198558,0xA0198558,,,low,low: 8000/A000 fill — pas une grille lisible; identique 64o vs 9979 au meme offset; fp32=2cde2dbaa034 uniq_u16=1,0x800E2420,0xA01BD958,0xA01A577C,,1,G_fam_0061
G,G_fam_unkX_unkY_19E750,0x19E750,0xA019E750,,,low,low: pas dans A2L/atlas 9979 — nommer a la main si besoin; identique 64o vs 9979 au meme offset; fp32=8bf145c90011 uniq_u16=14,0x800E2CF6,0xA01B6718,,,1,G_fam_0071
G,G_fam_unkX_unkY_19F77C,0x19F77C,0xA019F77C,,,low,low: pas dans A2L/atlas 9979 — nommer a la main si besoin; identique 64o vs 9979 au meme offset; fp32=226ccdeed2cb uniq_u16=9,0x800E2E10,0xA01A0610,,,1,G_fam_0063
G,G_fam_unkX_unkY_1815A0,0x1815A0,0xA01815A0,,,low,low: pas dans A2L/atlas 9979 — nommer a la main si besoin; identique 64o vs 9979 au meme offset; fp32=e65240d027c0 uniq_u16=16,0x800E5EDE,,,,1,G_fam_0138
G,G_fam_unkX_unkY_185564,0x185564,0xA0185564,,,low,low: pas dans A2L/atlas 9979 — nommer a la main si besoin; identique 64o vs 9979 au meme offset; fp32=7fa837917800 uniq_u16=17,0x800E5F36,,,,1,G_fam_0139
G,G_fam_unkX_unkY_193838,0x193838,0xA0193838,,,low,low: 8000/A000 fill — pas une grille lisible; identique 64o vs 9979 au meme offset; fp32=2cde2dbaa034 uniq_u16=1,0x800E608C,,,,1,G_fam_0140
G,G_fam_unkX_unkY_181638,0x181638,0xA0181638,,,low,low: pas dans A2L/atlas 9979 — nommer a la main si besoin; identique 64o vs 9979 au meme offset; fp32=1ba02f8937ac uniq_u16=18,0x800E6146,,,,1,G_fam_0141
G,G_fam_unkX_unkY_1C4DD8,0x1C4DD8,0xA01C4DD8,,,low,low: 8000/A000 fill — pas une grille lisible; tombe dans turbo_int_trq_correction2C +0x12C (Turbo boost pressure) — ne pas renommer; identique 64o vs 9979 au meme offset; fp32=2cde2dbaa034 uniq_u16=1,0x800E930C,0xA01BF944,,,1,G_fam_0073
G,G_fam_unkX_unkY_19A644,0x19A644,0xA019A644,soi_base_int_trq2A,,medium,medium: pointe DANS soi_base_int_trq2A @0x19A580 +0xC4 (Start of injection SOI) — pas le debut; comment only; identique 64o vs 9979 au meme offset; fp32=f6c03f5a2aed uniq_u16=24,0x800F0286,0xA01AC820,,Start of injection SOI,1,G_fam_0068
G,G_fam_D00022AA_unkY_199640,0x199640,0xA0199640,soi_base_int_trq2A,,medium,medium: pointe DANS soi_base_int_trq2A @0x199580 +0xC0 (Start of injection SOI) — pas le debut; comment only; identique 64o vs 9979 au meme offset; fp32=8d5b9e745fcf uniq_u16=20,0x800F0652,0xA01AA898,0xA01A666C,Start of injection SOI,1,G_fam_0041
G,G_fam_unkX_unkY_1C4898,0x1C4898,0xA01C4898,,,low,low: 8000/A000 fill — pas une grille lisible; tombe dans turbo_int_trq_correction2C +0x6C (Turbo boost pressure) — ne pas renommer; identique 64o vs 9979 au meme offset; fp32=2cde2dbaa034 uniq_u16=1,0x800F0694,0xA01A56E0,0xA01A666C,,1,G_fam_0033
G,G_fam_unkX_unkY_19B7A0,0x19B7A0,0xA019B7A0,,,low,low: pas dans A2L/atlas 9979 — nommer a la main si besoin; identique 64o vs 9979 au meme offset; fp32=0e06c72b0058 uniq_u16=1,0x800F16DA,,,,1,G_fam_0143
G,G_fam_unkX_unkY_19F790,0x19F790,0xA019F790,,,low,low: pas dans A2L/atlas 9979 — nommer a la main si besoin; identique 64o vs 9979 au meme offset; fp32=846e45f0f028 uniq_u16=11,0x800F1874,0xA01B4738,0xA01A15E8,,1,G_fam_0054
G,G_fam_unkX_unkY_1C09B0,0x1C09B0,0xA01C09B0,turbo_base3B,turbo_base3B,high,high: empreinte diverse = famille turbo_base3B (Turbo boost pressure) delta=0x4 cols=16 rows=20 src=a2l; identique 64o vs 9979 au meme offset; fp32=4e09a1a415f6 uniq_u16=21,0x800F1954,0xA01A65FC,0xA01A37D4,Turbo boost pressure,1,G_fam_0035
G,G_fam_unkX_unkY_19A728,0x19A728,0xA019A728,soi_base_int_trq2A,,medium,medium: pointe DANS soi_base_int_trq2A @0x19A580 +0x1A8 (Start of injection SOI) — pas le debut; comment only; identique 64o vs 9979 au meme offset; fp32=930c94a36b0d uniq_u16=29,0x800F5A8A,0xA01B0718,,Start of injection SOI,1,G_fam_0070
G,G_fam_unkX_unkY_19E72C,0x19E72C,0xA019E72C,,,low,low: pas dans A2L/atlas 9979 — nommer a la main si besoin; identique 64o vs 9979 au meme offset; fp32=fea7e5bb422f uniq_u16=9,0x800F5BCA,0xA01BB96C,0xA01A2550,,1,G_fam_0060
G,G_fam_unkX_unkY_19F3C4,0x19F3C4,0xA019F3C4,,,low,low: pas dans A2L/atlas 9979 — nommer a la main si besoin; identique 64o vs 9979 au meme offset; fp32=1a87c64b107b uniq_u16=10,0x800F5CCE,0xA01A34BC,0xA01B40B4,,1,G_fam_0029
G,G_fam_unkX_unkY_19D704,0x19D704,0xA019D704,,,low,low: pas dans A2L/atlas 9979 — nommer a la main si besoin; identique 64o vs 9979 au meme offset; fp32=a8b10a950dac uniq_u16=4,0x800F5D28,0xA01AF77C,0xA01A0548,,1,G_fam_0047
G,G_fam_unkX_D000277E_19C3C0,0x19C3C0,0xA019C3C0,,,low,low: pas dans A2L/atlas 9979 — nommer a la main si besoin; identique 64o vs 9979 au meme offset; fp32=5b6ec3777a17 uniq_u16=24,0x800FB032,0xA01ADBF0,0xA01A9804,,1,G_fam_0044
G,G_fam_unkX_unkY_1D54B4,0x1D54B4,0xA01D54B4,,,low,low: pas dans A2L/atlas 9979 — nommer a la main si besoin; identique 64o vs 9979 au meme offset; fp32=46070f7c8fbc uniq_u16=1,0x80100838,,,,1,G_fam_0145
G,G_fam_unkX_unkY_1D5488,0x1D5488,0xA01D5488,,,low,low: pas dans A2L/atlas 9979 — nommer a la main si besoin; identique 64o vs 9979 au meme offset; fp32=46070f7c8fbc uniq_u16=1,0x8010563A,,,,1,G_fam_0149
G,G_fam_D0001F60_D00007D8_1C0940,0x1C0940,0xA01C0940,turbo_base3B,,medium,medium: pointe DANS turbo_base3B @0x1C072C +0x214 (Turbo boost pressure) — pas le debut; comment only; identique 64o vs 9979 au meme offset; fp32=14fa40c1398e uniq_u16=14,0x8011249A,0xA01AE888,0xA01B696C,Turbo boost pressure,1,G_fam_0046
H,H_fam_unkX_unkY_19FBEC,0x19FBEC,0xA019FBEC,,,low,low: pas dans A2L/atlas 9979 — nommer a la main si besoin; identique 64o vs 9979 au meme offset; fp32=74a593004f39 uniq_u16=9,0x80093986,0xA01A4C70,,,1,H_fam_0016
H,H_fam_unkX_unkY_18BBBC,0x18BBBC,0xA018BBBC,,,low,low: 8000/A000 fill — pas une grille lisible; identique 64o vs 9979 au meme offset; fp32=6ea4cade724d uniq_u16=2,0x80097CFC,,,,1,H_fam_0022
H,H_fam_unkX_unkY_188B98,0x188B98,0xA0188B98,egt_base2A,,medium,medium: pointe DANS egt_base2A @0x188B48 +0x50 (Exhaust gas temperature EGT) — pas le debut; comment only; identique 64o vs 9979 au meme offset; fp32=345a9d4341f2 uniq_u16=10,0x80097D32,,,Exhaust gas temperature EGT,1,H_fam_0026
H,H_fam_unkX_unkY_191B74,0x191B74,0xA0191B74,soi_base_int_trq2A,,medium,medium: pointe DANS soi_base_int_trq2A @0x191980 +0x1F4 (Start of injection SOI) — pas le debut; comment only; identique 64o vs 9979 au meme offset; fp32=44fc7017af14 uniq_u16=24,0x80097D7C,,,Start of injection SOI,1,H_fam_0030
H,H_fam_unkX_unkY_192B5A,0x192B5A,0xA0192B5A,soi_base_int_trq2A,,medium,medium: pointe DANS soi_base_int_trq2A @0x192980 +0x1DA (Start of injection SOI) — pas le debut; comment only; identique 64o vs 9979 au meme offset; fp32=a4e74330f895 uniq_u16=21,0x80097D8C,,,Start of injection SOI,1,H_fam_0031
H,H_fam_unkX_unkY_195B58,0x195B58,0xA0195B58,soi_base_int_trq2A,,medium,medium: pointe DANS soi_base_int_trq2A @0x195980 +0x1D8 (Start of injection SOI) — pas le debut; comment only; identique 64o vs 9979 au meme offset; fp32=d4112b6641e5 uniq_u16=19,0x80097DA2,,,Start of injection SOI,1,H_fam_0032
H,H_fam_unkX_unkY_195B7E,0x195B7E,0xA0195B7E,soi_base_int_trq2A,,medium,medium: pointe DANS soi_base_int_trq2A @0x195980 +0x1FE (Start of injection SOI) — pas le debut; comment only; identique 64o vs 9979 au meme offset; fp32=4579f731d466 uniq_u16=7,0x80097DB0,,,Start of injection SOI,1,H_fam_0033
H,H_fam_unkX_unkY_193B40,0x193B40,0xA0193B40,,,low,low: 8000/A000 fill — pas une grille lisible; identique 64o vs 9979 au meme offset; fp32=2cde2dbaa034 uniq_u16=1,0x80097DC2,,,,1,H_fam_0034
H,H_fam_unkX_unkY_193B66,0x193B66,0xA0193B66,,,low,low: 8000/A000 fill — pas une grille lisible; identique 64o vs 9979 au meme offset; fp32=c6da87e7e7d3 uniq_u16=4,0x80097DD0,,,,1,H_fam_0035
H,H_fam_unkX_unkY_194B4C,0x194B4C,0xA0194B4C,,,low,low: 8000/A000 fill — pas une grille lisible; identique 64o vs 9979 au meme offset; fp32=2cde2dbaa034 uniq_u16=1,0x80097DE2,,,,1,H_fam_0036
H,H_fam_unkX_unkY_194B72,0x194B72,0xA0194B72,,,low,low: 8000/A000 fill — pas une grille lisible; identique 64o vs 9979 au meme offset; fp32=2cde2dbaa034 uniq_u16=1,0x80097DF0,,,,1,H_fam_0037
H,H_fam_unkX_unkY_18DB6C,0x18DB6C,0xA018DB6C,soi_base_int_trq2A,,medium,medium: pointe DANS soi_base_int_trq2A @0x18D980 +0x1EC (Start of injection SOI) — pas le debut; comment only; identique 64o vs 9979 au meme offset; fp32=ca4f14b6197f uniq_u16=9,0x80097E46,,,Start of injection SOI,1,H_fam_0038
H,H_fam_unkX_unkY_18AB48,0x18AB48,0xA018AB48,,,low,low: pas dans A2L/atlas 9979 — nommer a la main si besoin; identique 64o vs 9979 au meme offset; fp32=2c639fa78d6a uniq_u16=17,0x80097E7C,,,,1,H_fam_0042
H,H_fam_unkX_unkY_1CF6C8,0x1CF6C8,0xA01CF6C8,,,low,low: pas dans A2L/atlas 9979 — nommer a la main si besoin; identique 64o vs 9979 au meme offset; fp32=86682c1efaaf uniq_u16=28,0x80098FDC,,,,1,H_fam_0070
H,H_fam_unkX_unkY_1CF6EE,0x1CF6EE,0xA01CF6EE,,,low,low: pas dans A2L/atlas 9979 — nommer a la main si besoin; identique 64o vs 9979 au meme offset; fp32=49cfdfaad394 uniq_u16=16,0x80098FEA,,,,1,H_fam_0071
H,H_fam_unkX_unkY_1D272C,0x1D272C,0xA01D272C,smoke_mapA,,medium,medium: pointe DANS smoke_mapA @0x1D251C +0x210 (Smoke limitation) — pas le debut; comment only; identique 64o vs 9979 au meme offset; fp32=7326ffd699cb uniq_u16=28,0x80098FFC,,,Smoke limitation,1,H_fam_0072
H,H_fam_unkX_unkY_1D3712,0x1D3712,0xA01D3712,tqlim_tegt_temp,,medium,medium: pointe DANS tqlim_tegt_temp @0x1D35A8 +0x16A (Engine torque limiters) — pas le debut; comment only; identique 64o vs 9979 au meme offset; fp32=197f229e9664 uniq_u16=23,0x8009900A,,,Engine torque limiters,1,H_fam_0073
H,H_fam_unkX_unkY_1D0714,0x1D0714,0xA01D0714,,,low,low: 8000/A000 fill — pas une grille lisible; tombe dans AccPed_trq4A +0xD4 (Engine torque request) — ne pas renommer; identique 64o vs 9979 au meme offset; fp32=2cde2dbaa034 uniq_u16=2,0x8009901C,,,,1,H_fam_0074
H,H_fam_unkX_unkY_1D073A,0x1D073A,0xA01D073A,AccPed_trq4A,,medium,medium: pointe DANS AccPed_trq4A @0x1D0640 +0xFA (Engine torque request) — pas le debut; comment only; identique 64o vs 9979 au meme offset; fp32=d6de0b9f09f1 uniq_u16=2,0x8009902A,,,Engine torque request,1,H_fam_0075
H,H_fam_unkX_unkY_1D1720,0x1D1720,0xA01D1720,smoke_maf_trqA,,medium,medium: pointe DANS smoke_maf_trqA @0x1D1658 +0xC8 (Smoke limitation) — pas le debut; comment only; identique 64o vs 9979 au meme offset; fp32=5b5045aac031 uniq_u16=1,0x8009903C,,,Smoke limitation,1,H_fam_0076
H,H_fam_unkX_unkY_1D2706,0x1D2706,0xA01D2706,smoke_mapA,,medium,medium: pointe DANS smoke_mapA @0x1D251C +0x1EA (Smoke limitation) — pas le debut; comment only; identique 64o vs 9979 au meme offset; fp32=111dcbefb56b uniq_u16=27,0x8009904A,,,Smoke limitation,1,H_fam_0077
H,H_fam_unkX_unkY_1C9750,0x1C9750,0xA01C9750,,,low,low: pas dans A2L/atlas 9979 — nommer a la main si besoin; identique 64o vs 9979 au meme offset; fp32=0fd390918f9a uniq_u16=17,0x800990F0,,,,1,H_fam_0078
H,H_fam_unkX_unkY_1D576C,0x1D576C,0xA01D576C,,,low,low: pas dans A2L/atlas 9979 — nommer a la main si besoin; identique 64o vs 9979 au meme offset; fp32=bb2be5c5359e uniq_u16=8,0x80099126,,,,1,H_fam_0082
H,H_fam_unkX_unkY_1D3738,0x1D3738,0xA01D3738,tqlim_tegt_temp,,medium,medium: pointe DANS tqlim_tegt_temp @0x1D35A8 +0x190 (Engine torque limiters) — pas le debut; comment only; identique 64o vs 9979 au meme offset; fp32=c1ba1c872cae uniq_u16=23,0x800991D4,,,Engine torque limiters,1,H_fam_0086
H,H_fam_unkX_unkY_1CE724,0x1CE724,0xA01CE724,,,low,low: pas dans A2L/atlas 9979 — nommer a la main si besoin; identique 64o vs 9979 au meme offset; fp32=0b136ee0ce02 uniq_u16=6,0x8009921A,,,,1,H_fam_0088
H,H_fam_unkX_unkY_1D771C,0x1D771C,0xA01D771C,,,low,low: pas dans A2L/atlas 9979 — nommer a la main si besoin; identique 64o vs 9979 au meme offset; fp32=255fccd56eb5 uniq_u16=3,0x8009923E,,,,1,H_fam_0090
H,H_fam_unkX_unkY_1CB700,0x1CB700,0xA01CB700,,,low,low: pas dans A2L/atlas 9979 — nommer a la main si besoin; identique 64o vs 9979 au meme offset; fp32=af9613760f72 uniq_u16=1,0x80099260,,,,1,H_fam_0092
H,H_fam_unkX_unkY_1CC774,0x1CC774,0xA01CC774,,,low,low: pas dans A2L/atlas 9979 — nommer a la main si besoin; identique 64o vs 9979 au meme offset; fp32=e39c9c992361 uniq_u16=28,0x800994B0,,,,1,H_fam_0104
H,H_fam_unkX_unkY_198BF8,0x198BF8,0xA0198BF8,soi_base_int_trq2A,,medium,medium: pointe DANS soi_base_int_trq2A @0x198B80 +0x78 (Start of injection SOI) — pas le debut; comment only; identique 64o vs 9979 au meme offset; fp32=837711c9ffc4 uniq_u16=10,0x800A492C,0xA01A7BE0,,Start of injection SOI,1,H_fam_0011
H,H_fam_unkX_unkY_199BC4,0x199BC4,0xA0199BC4,,,low,low: 8000/A000 fill — pas une grille lisible; identique 64o vs 9979 au meme offset; fp32=2cde2dbaa034 uniq_u16=1,0x800A494C,0xA01A7BE0,,,1,H_fam_0011
H,H_fam_unkX_unkY_1F5918,0x1F5918,0xA01F5918,,,low,low: 8000/A000 fill — pas une grille lisible; identique 64o vs 9979 au meme offset; fp32=66687aadf862 uniq_u16=1,0x800B6814,,,,1,H_fam_0120
H,H_fam_unkX_unkY_1F593E,0x1F593E,0xA01F593E,,,low,low: 8000/A000 fill — pas une grille lisible; identique 64o vs 9979 au meme offset; fp32=66687aadf862 uniq_u16=1,0x800B6822,,,,1,H_fam_0121
H,H_fam_unkX_unkY_1F6924,0x1F6924,0xA01F6924,,,low,low: 8000/A000 fill — pas une grille lisible; identique 64o vs 9979 au meme offset; fp32=66687aadf862 uniq_u16=1,0x800B6834,,,,1,H_fam_0122
H,H_fam_unkX_unkY_1F790A,0x1F790A,0xA01F790A,,,low,low: 8000/A000 fill — pas une grille lisible; identique 64o vs 9979 au meme offset; fp32=66687aadf862 uniq_u16=1,0x800B6842,,,,1,H_fam_0123
H,H_fam_unkX_unkY_1F7930,0x1F7930,0xA01F7930,,,low,low: 8000/A000 fill — pas une grille lisible; identique 64o vs 9979 au meme offset; fp32=66687aadf862 uniq_u16=1,0x800B6854,,,,1,H_fam_0124
H,H_fam_unkX_unkY_1E8916,0x1E8916,0xA01E8916,,,low,low: pas dans A2L/atlas 9979 — nommer a la main si besoin; identique 64o vs 9979 au meme offset; fp32=11a7473bba34 uniq_u16=4,0x800B6862,,,,1,H_fam_0125
I,I_fam_unkX_unkY_1CD9EC,0x1CD9EC,0xA01CD9EC,,,low,low: 8000/A000 fill — pas une grille lisible; identique 64o vs 9979 au meme offset; fp32=2cde2dbaa034 uniq_u16=1,0x80074F06,0xA01A2734,0xA01AD8D0,,1,I_fam_0002
I,I_fam_unkX_unkY_1C89F0,0x1C89F0,0xA01C89F0,,,low,low: pas dans A2L/atlas 9979 — nommer a la main si besoin; identique 64o vs 9979 au meme offset; fp32=547c5c518a79 uniq_u16=27,0x80074F14,0xA01A2734,0xA01AD8D0,,1,I_fam_0002
I,I_fam_unkX_unkY_1C984C,0x1C984C,0xA01C984C,,,low,low: 8000/A000 fill — pas une grille lisible; identique 64o vs 9979 au meme offset; fp32=66687aadf862 uniq_u16=9,0x80079736,0xA01B7920,,,1,I_fam_0013
I,I_fam_unkX_unkY_1C887C,0x1C887C,0xA01C887C,,,low,low: pas dans A2L/atlas 9979 — nommer a la main si besoin; identique 64o vs 9979 au meme offset; fp32=1d34da742693 uniq_u16=32,0x8007974E,0xA01B7920,,,1,I_fam_0013
I,I_fam_unkX_unkY_1D282C,0x1D282C,0xA01D282C,smoke_mapA,,medium,medium: pointe DANS smoke_mapA @0x1D27C8 +0x64 (Smoke limitation) — pas le debut; comment only; identique 64o vs 9979 au meme offset; fp32=3f7783e824c8 uniq_u16=26,0x80081ECA,0xA01B2868,,Smoke limitation,1,I_fam_0054
I,I_fam_unkX_unkY_1CB454,0x1CB454,0xA01CB454,,,low,low: pas dans A2L/atlas 9979 — nommer a la main si besoin; identique 64o vs 9979 au meme offset; fp32=af9613760f72 uniq_u16=1,0x8008833E,,,,1,I_fam_0072
I,I_fam_unkX_unkY_1EFC60,0x1EFC60,0xA01EFC60,,,low,low: 8000/A000 fill — pas une grille lisible; identique 64o vs 9979 au meme offset; fp32=66687aadf862 uniq_u16=1,0x8008935A,,,,1,I_fam_0073
I,I_fam_unkX_unkY_1EEC48,0x1EEC48,0xA01EEC48,,,low,low: 8000/A000 fill — pas une grille lisible; identique 64o vs 9979 au meme offset; fp32=66687aadf862 uniq_u16=1,0x80089AEC,,,,1,I_fam_0074
I,I_fam_D00023B4_unkY_1ECC58,0x1ECC58,0xA01ECC58,,,low,low: pas dans A2L/atlas 9979 — nommer a la main si besoin; identique 64o vs 9979 au meme offset; fp32=c2bd119bc099 uniq_u16=4,0x8008A172,,,,1,I_fam_0069
I,I_fam_unkX_unkY_1D3EA8,0x1D3EA8,0xA01D3EA8,,,low,low: pas dans A2L/atlas 9979 — nommer a la main si besoin; identique 64o vs 9979 au meme offset; fp32=bb7e67a3c9a9 uniq_u16=4,0x8008B17E,0xA01B0904,,,1,I_fam_0012
I,I_fam_unkX_unkY_1D3E9C,0x1D3E9C,0xA01D3E9C,,,low,low: pas dans A2L/atlas 9979 — nommer a la main si besoin; identique 64o vs 9979 au meme offset; fp32=636f25e59a85 uniq_u16=3,0x8008B18E,0xA01B0904,,,1,I_fam_0012
I,I_fam_D0001920_unkY_1987DC,0x1987DC,0xA01987DC,,,low,low: 8000/A000 fill — pas une grille lisible; identique 64o vs 9979 au meme offset; fp32=2cde2dbaa034 uniq_u16=1,0x8008CD30,0xA01A7450,,,1,I_fam_0068
I,I_fam_D000190C_D0001900_1D49E4,0x1D49E4,0xA01D49E4,,,low,low: pas dans A2L/atlas 9979 — nommer a la main si besoin; identique 64o vs 9979 au meme offset; fp32=fe20822f293b uniq_u16=15,0x8008D098,,,,1,I_fam_0061
I,I_fam_D0002FFA_D0002FD6_1D485C,0x1D485C,0xA01D485C,,,low,low: pas dans A2L/atlas 9979 — nommer a la main si besoin; identique 64o vs 9979 au meme offset; fp32=170495952263 uniq_u16=26,0x8008D824,0xA01A6448,0xA01A9830,,1,I_fam_0003
I,I_fam_D000566E_unkY_19F400,0x19F400,0xA019F400,,,low,low: pas dans A2L/atlas 9979 — nommer a la main si besoin; identique 64o vs 9979 au meme offset; fp32=75cb68a4ebbf uniq_u16=8,0x8008E486,0xA01B0C34,0xA01AA974,,1,I_fam_0038
I,I_fam_D00017DA_unkY_1987D0,0x1987D0,0xA01987D0,,,low,low: 8000/A000 fill — pas une grille lisible; identique 64o vs 9979 au meme offset; fp32=2cde2dbaa034 uniq_u16=1,0x8008E544,0xA01A6738,,,1,I_fam_0067
I,I_fam_D0000424_unkY_1D49C4,0x1D49C4,0xA01D49C4,,,low,low: pas dans A2L/atlas 9979 — nommer a la main si besoin; identique 64o vs 9979 au meme offset; fp32=5fd2183ff08b uniq_u16=24,0x8008E8BA,,,,1,I_fam_0066
I,I_fam_unkX_unkY_1E8D84,0x1E8D84,0xA01E8D84,,,low,low: pas dans A2L/atlas 9979 — nommer a la main si besoin; identique 64o vs 9979 au meme offset; fp32=017b29739a2b uniq_u16=6,0x800909F8,,,,1,I_fam_0075
I,I_fam_unkX_unkY_18ABD8,0x18ABD8,0xA018ABD8,,,low,low: pas dans A2L/atlas 9979 — nommer a la main si besoin; identique 64o vs 9979 au meme offset; fp32=e3faca605113 uniq_u16=17,0x800924A6,,,,1,I_fam_0077
I,I_fam_unkX_unkY_18DBF0,0x18DBF0,0xA018DBF0,soi_base_int_trq2A,,medium,medium: pointe DANS soi_base_int_trq2A @0x18DB80 +0x70 (Start of injection SOI) — pas le debut; comment only; identique 64o vs 9979 au meme offset; fp32=d02b0dd02f8f uniq_u16=9,0x800925AE,,,Start of injection SOI,1,I_fam_0078
I,I_fam_unkX_unkY_192C34,0x192C34,0xA0192C34,soi_base_int_trq2A,,medium,medium: pointe DANS soi_base_int_trq2A @0x192B80 +0xB4 (Start of injection SOI) — pas le debut; comment only; identique 64o vs 9979 au meme offset; fp32=0173eee38451 uniq_u16=19,0x800926A4,,,Start of injection SOI,1,I_fam_0079
I,I_fam_unkX_unkY_188C1C,0x188C1C,0xA0188C1C,egt_base2A,,medium,medium: pointe DANS egt_base2A @0x188B48 +0xD4 (Exhaust gas temperature EGT) — pas le debut; comment only; identique 64o vs 9979 au meme offset; fp32=6169865160ba uniq_u16=10,0x80092796,,,Exhaust gas temperature EGT,1,I_fam_0080
I,I_fam_unkX_unkY_1D57A0,0x1D57A0,0xA01D57A0,,,low,low: pas dans A2L/atlas 9979 — nommer a la main si besoin; identique 64o vs 9979 au meme offset; fp32=35e0c4ad5a57 uniq_u16=8,0x80093A5A,,,,1,I_fam_0085
I,I_fam_unkX_unkY_1C87B8,0x1C87B8,0xA01C87B8,,,low,low: pas dans A2L/atlas 9979 — nommer a la main si besoin; identique 64o vs 9979 au meme offset; fp32=e4fdcfa32acf uniq_u16=31,0x80093B62,,,,1,I_fam_0086
I,I_fam_unkX_unkY_1CD7BC,0x1CD7BC,0xA01CD7BC,,,low,low: 8000/A000 fill — pas une grille lisible; identique 64o vs 9979 au meme offset; fp32=2cde2dbaa034 uniq_u16=1,0x80093C58,,,,1,I_fam_0087
I,I_fam_unkX_unkY_1D37E4,0x1D37E4,0xA01D37E4,,,low,low: 8000/A000 fill — pas une grille lisible; identique 64o vs 9979 au meme offset; fp32=2cde2dbaa034 uniq_u16=1,0x80093D4A,,,,1,I_fam_0088
I,I_fam_unkX_D0002BF6_189C00,0x189C00,0xA0189C00,,,low,low: pas dans A2L/atlas 9979 — nommer a la main si besoin; identique 64o vs 9979 au meme offset; fp32=86ab4f5fd69d uniq_u16=6,0x8009490A,,,,1,I_fam_0021
I,I_fam_unkX_D0002BF8_18AC08,0x18AC08,0xA018AC08,,,low,low: pas dans A2L/atlas 9979 — nommer a la main si besoin; identique 64o vs 9979 au meme offset; fp32=2c8d01c1cbf8 uniq_u16=17,0x800949AC,,,,1,I_fam_0022
I,I_fam_unkX_D0002BFA_18CC0C,0x18CC0C,0xA018CC0C,soi_base_int_trq2A,,medium,medium: pointe DANS soi_base_int_trq2A @0x18CB80 +0x8C (Start of injection SOI) — pas le debut; comment only; identique 64o vs 9979 au meme offset; fp32=a86af58abb38 uniq_u16=16,0x80094A4C,,,Start of injection SOI,1,I_fam_0023
I,I_fam_unkX_unkY_195BC4,0x195BC4,0xA0195BC4,soi_base_int_trq2A,,medium,medium: pointe DANS soi_base_int_trq2A @0x195B80 +0x44 (Start of injection SOI) — pas le debut; comment only; identique 64o vs 9979 au meme offset; fp32=92238bc8c16b uniq_u16=11,0x80094B0A,0xA01A2B64,,Start of injection SOI,1,I_fam_0009
I,I_fam_unkX_D0002BF2_196BC0,0x196BC0,0xA0196BC0,soi_base_int_trq2A,soi_base_int_trq2A,high,high: empreinte diverse = famille soi_base_int_trq2A (Start of injection SOI) delta=0x40 cols=16 rows=16 src=a2l; identique 64o vs 9979 au meme offset; fp32=f3e056d0b148 uniq_u16=14,0x80094BBC,,,Start of injection SOI,1,I_fam_0019
I,I_fam_unkX_D0002BF4_188BC4,0x188BC4,0xA0188BC4,egt_base2A,,medium,medium: pointe DANS egt_base2A @0x188B48 +0x7C (Exhaust gas temperature EGT) — pas le debut; comment only; identique 64o vs 9979 au meme offset; fp32=185375374043 uniq_u16=8,0x80094C5E,,,Exhaust gas temperature EGT,1,I_fam_0020
I,I_fam_D000244C_unkY_1D47C8,0x1D47C8,0xA01D47C8,,,low,low: pas dans A2L/atlas 9979 — nommer a la main si besoin; identique 64o vs 9979 au meme offset; fp32=b7a62f984261 uniq_u16=23,0x80097274,,,,1,I_fam_0025
I,I_fam_D000244C_D000244E_1D57D0,0x1D57D0,0xA01D57D0,,,low,low: pas dans A2L/atlas 9979 — nommer a la main si besoin; identique 64o vs 9979 au meme offset; fp32=d1f59bc96ea8 uniq_u16=21,0x80097310,,,,1,I_fam_0015
I,I_fam_D000244E_D0002450_1D77D4,0x1D77D4,0xA01D77D4,,,low,low: pas dans A2L/atlas 9979 — nommer a la main si besoin; identique 64o vs 9979 au meme offset; fp32=8bd42af5169e uniq_u16=12,0x800973AA,,,,1,I_fam_0016
I,I_fam_D0002450_unkY_1D07A4,0x1D07A4,0xA01D07A4,,,low,low: pas dans A2L/atlas 9979 — nommer a la main si besoin; identique 64o vs 9979 au meme offset; fp32=57d629c4b1b4 uniq_u16=1,0x80097466,,,,1,I_fam_0026
I,I_fam_D0002452_D0002454_1D17A0,0x1D17A0,0xA01D17A0,smoke_maf_trqA,,medium,medium: pointe DANS smoke_maf_trqA @0x1D1658 +0x148 (Smoke limitation) — pas le debut; comment only; identique 64o vs 9979 au meme offset; fp32=5b5045aac031 uniq_u16=1,0x80097512,,,Smoke limitation,1,I_fam_0017
I,I_fam_D0002454_D0002456_1D37A4,0x1D37A4,0xA01D37A4,,,low,low: 8000/A000 fill — pas une grille lisible; tombe dans tqlim_tegt_temp +0x1FC (Engine torque limiters) — ne pas renommer; identique 64o vs 9979 au meme offset; fp32=f6a470e1c4ea uniq_u16=2,0x800975AE,,,,1,I_fam_0018
I,I_fam_unkX_unkY_1C8F08,0x1C8F08,0xA01C8F08,,,low,low: pas dans A2L/atlas 9979 — nommer a la main si besoin; identique 64o vs 9979 au meme offset; fp32=ca4754e9c186 uniq_u16=15,0x8009BF5C,0xA01A98F4,,,1,I_fam_0049
I,I_fam_unkX_unkY_1C79A8,0x1C79A8,0xA01C79A8,,,low,low: pas dans A2L/atlas 9979 — nommer a la main si besoin; identique 64o vs 9979 au meme offset; fp32=f38e10abd011 uniq_u16=6,0x800AE0F6,,,,1,I_fam_0093
I,I_fam_unkX_unkY_1D5ED8,0x1D5ED8,0xA01D5ED8,,,low,low: pas dans A2L/atlas 9979 — nommer a la main si besoin; identique 64o vs 9979 au meme offset; fp32=169f4a49af9c uniq_u16=17,0x800B0F42,0xA01AB88C,,,1,I_fam_0050
I,I_fam_unkX_unkY_1D6EC0,0x1D6EC0,0xA01D6EC0,,,low,low: pas dans A2L/atlas 9979 — nommer a la main si besoin; identique 64o vs 9979 au meme offset; fp32=01b38ba70284 uniq_u16=4,0x800B100C,0xA01B68FC,,,1,I_fam_0057
I,I_fam_D0010000_D001386E_1D4F08,0x1D4F08,0xA01D4F08,,,low,low: pas dans A2L/atlas 9979 — nommer a la main si besoin; identique 64o vs 9979 au meme offset; fp32=1a5bed8c7857 uniq_u16=18,0x800B1074,0xA01A3620,,,1,I_fam_0063
I,I_fam_unkX_unkY_1D19EC,0x1D19EC,0xA01D19EC,smoke_maf_trqA,,medium,medium: pointe DANS smoke_maf_trqA @0x1D1898 +0x154 (Smoke limitation) — pas le debut; comment only; identique 64o vs 9979 au meme offset; fp32=5b5045aac031 uniq_u16=1,0x800B76B2,0xA01A9904,0xA01B3938,Smoke limitation,1,I_fam_0006
I,I_fam_unkX_unkY_1CAA28,0x1CAA28,0xA01CAA28,,,low,low: pas dans A2L/atlas 9979 — nommer a la main si besoin; identique 64o vs 9979 au meme offset; fp32=7bb25c61833b uniq_u16=21,0x800B7B72,0xA01A26D0,0xA01A64F4,,1,I_fam_0029
I,I_fam_unkX_unkY_1EC904,0x1EC904,0xA01EC904,,,low,low: 8000/A000 fill — pas une grille lisible; identique 64o vs 9979 au meme offset; fp32=2cde2dbaa034 uniq_u16=1,0x800C1938,,,,1,I_fam_0094
I,I_fam_unkX_unkY_18345C,0x18345C,0xA018345C,,,low,low: pas dans A2L/atlas 9979 — nommer a la main si besoin; differe de 9979 au meme offset; fp32=e3f3baa2d9ee uniq_u16=22,0x800C935C,,,,0,I_fam_0105
I,I_fam_unkX_unkY_19A654,0x19A654,0xA019A654,soi_base_int_trq2A,,medium,medium: pointe DANS soi_base_int_trq2A @0x19A580 +0xD4 (Start of injection SOI) — pas le debut; comment only; identique 64o vs 9979 au meme offset; fp32=fe42a97d6e97 uniq_u16=27,0x800CB7DE,0xA01BA9B8,,Start of injection SOI,1,I_fam_0059
I,I_fam_D0014834_unkY_1D52DC,0x1D52DC,0xA01D52DC,,,low,low: pas dans A2L/atlas 9979 — nommer a la main si besoin; identique 64o vs 9979 au meme offset; fp32=46070f7c8fbc uniq_u16=1,0x800D6DB2,,,,1,I_fam_0027
I,I_fam_D0014834_unkY_1D52CC,0x1D52CC,0xA01D52CC,,,low,low: pas dans A2L/atlas 9979 — nommer a la main si besoin; identique 64o vs 9979 au meme offset; fp32=46070f7c8fbc uniq_u16=1,0x800D6DCA,,,,1,I_fam_0027
I,I_fam_D0001B00_unkY_183598,0x183598,0xA0183598,,,low,low: pas dans A2L/atlas 9979 — nommer a la main si besoin; identique 64o vs 9979 au meme offset; fp32=b2576ca4d62e uniq_u16=8,0x800DE8B0,,,,1,I_fam_0024
I,I_fam_unkX_unkY_1866D8,0x1866D8,0xA01866D8,,,low,low: pas dans A2L/atlas 9979 — nommer a la main si besoin; identique 64o vs 9979 au meme offset; fp32=1b1380c44c4a uniq_u16=1,0x800DE8D4,,,,1,I_fam_0106
I,I_fam_unkX_unkY_1C1950,0x1C1950,0xA01C1950,turbo_base3B,,medium,medium: pointe DANS turbo_base3B @0x1C18AC +0xA4 (Turbo boost pressure) — pas le debut; comment only; identique 64o vs 9979 au meme offset; fp32=ffc98bf253b2 uniq_u16=28,0x800E20F4,,,Turbo boost pressure,1,I_fam_0110
I,I_fam_unkX_unkY_1996D8,0x1996D8,0xA01996D8,soi_base_int_trq2A,,medium,medium: pointe DANS soi_base_int_trq2A @0x199580 +0x158 (Start of injection SOI) — pas le debut; comment only; identique 64o vs 9979 au meme offset; fp32=52780d15610f uniq_u16=16,0x800E23DC,0xA01BD958,0xA01AA5FC,Start of injection SOI,1,I_fam_0046
I,I_fam_unkX_unkY_1C3954,0x1C3954,0xA01C3954,,,low,low: 8000/A000 fill — pas une grille lisible; tombe dans turbo_int_trq_correction2C +0x28 (Turbo boost pressure) — ne pas renommer; identique 64o vs 9979 au meme offset; fp32=2cde2dbaa034 uniq_u16=1,0x800E2B4C,,,,1,I_fam_0111
I,I_fam_unkX_unkY_19940C,0x19940C,0xA019940C,soi_base_int_trq2A,,medium,medium: pointe DANS soi_base_int_trq2A @0x199380 +0x8C (Start of injection SOI) — pas le debut; comment only; identique 64o vs 9979 au meme offset; fp32=c189ad71ccbe uniq_u16=19,0x800E2CBE,0xA01B6718,,Start of injection SOI,1,I_fam_0056
I,I_fam_unkX_unkY_1CFCE4,0x1CFCE4,0xA01CFCE4,AccPed_trq4A,AccPed_trq4A,high,high: empreinte diverse = famille AccPed_trq4A (Engine torque request) delta=0x24 cols=8 rows=16 src=a2l; differe de 9979 au meme offset; fp32=7a19e5133987 uniq_u16=29,0x800E2DDC,,,Engine torque request,0,I_fam_0112
I,I_fam_unkX_unkY_1C197C,0x1C197C,0xA01C197C,turbo_base3B,,medium,medium: pointe DANS turbo_base3B @0x1C18AC +0xD0 (Turbo boost pressure) — pas le debut; comment only; identique 64o vs 9979 au meme offset; fp32=952cccadb46c uniq_u16=27,0x800E9058,,,Turbo boost pressure,1,I_fam_0113
I,I_fam_unkX_unkY_1C4DD8,0x1C4DD8,0xA01C4DD8,,,low,low: 8000/A000 fill — pas une grille lisible; tombe dans turbo_int_trq_correction2C +0x12C (Turbo boost pressure) — ne pas renommer; identique 64o vs 9979 au meme offset; fp32=2cde2dbaa034 uniq_u16=1,0x800E92CC,0xA01BF944,,,1,I_fam_0060
I,I_fam_unkX_unkY_1C2968,0x1C2968,0xA01C2968,,,low,low: pas dans A2L/atlas 9979 — nommer a la main si besoin; identique 64o vs 9979 au meme offset; fp32=df9e947aa9bc uniq_u16=1,0x800F167E,,,,1,I_fam_0114
I,I_fam_unkX_unkY_1C09B0,0x1C09B0,0xA01C09B0,turbo_base3B,turbo_base3B,high,high: empreinte diverse = famille turbo_base3B (Turbo boost pressure) delta=0x4 cols=16 rows=20 src=a2l; identique 64o vs 9979 au meme offset; fp32=4e09a1a415f6 uniq_u16=21,0x800F1910,,,Turbo boost pressure,1,I_fam_0116
I,I_fam_unkX_unkY_1C0964,0x1C0964,0xA01C0964,turbo_base3B,,medium,medium: pointe DANS turbo_base3B @0x1C072C +0x238 (Turbo boost pressure) — pas le debut; comment only; identique 64o vs 9979 au meme offset; fp32=d853ba9bfdaa uniq_u16=14,0x800F588A,,,Turbo boost pressure,1,I_fam_0117
I,I_fam_unkX_unkY_19D3D8,0x19D3D8,0xA019D3D8,,,low,low: pas dans A2L/atlas 9979 — nommer a la main si besoin; identique 64o vs 9979 au meme offset; fp32=92a684adefd6 uniq_u16=1,0x800F5A46,0xA01B0718,,,1,I_fam_0052
I,I_fam_unkX_unkY_1986DC,0x1986DC,0xA01986DC,,,low,low: 8000/A000 fill — pas une grille lisible; identique 64o vs 9979 au meme offset; fp32=2cde2dbaa034 uniq_u16=1,0x800F5B86,0xA01BB96C,0xA01ACEB4,,1,I_fam_0045
I,I_fam_unkX_unkY_19C588,0x19C588,0xA019C588,,,low,low: pas dans A2L/atlas 9979 — nommer a la main si besoin; identique 64o vs 9979 au meme offset; fp32=9f4fb68f3e1d uniq_u16=2,0x800F8928,0xA01BC018,,,1,I_fam_0014
I,I_fam_unkX_unkY_1CDF60,0x1CDF60,0xA01CDF60,duration_inj6A,,medium,medium: pointe DANS duration_inj6A @0x1CDC84 +0x2DC (Injection system) — pas le debut; comment only; identique 64o vs 9979 au meme offset; fp32=ab555fd568cb uniq_u16=32,0x800F8D96,0xA01B491C,0xA01B1B04,Injection system,1,I_fam_0041
I,I_fam_unkX_unkY_1D0F80,0x1D0F80,0xA01D0F80,smoke_mapA,,medium,medium: pointe DANS smoke_mapA @0x1D0F2C +0x54 (Smoke limitation) — pas le debut; comment only; identique 64o vs 9979 au meme offset; fp32=5b5045aac031 uniq_u16=1,0x800F8DB8,0xA01B491C,0xA01B48F0,Smoke limitation,1,I_fam_0042
I,I_fam_unkX_unkY_1D6F9C,0x1D6F9C,0xA01D6F9C,,,low,low: pas dans A2L/atlas 9979 — nommer a la main si besoin; identique 64o vs 9979 au meme offset; fp32=3f17a5309580 uniq_u16=21,0x800F95B4,0xA01B491C,0xA01AA9A8,,1,I_fam_0040
I,I_fam_unkX_unkY_1D6FB4,0x1D6FB4,0xA01D6FB4,,,low,low: pas dans A2L/atlas 9979 — nommer a la main si besoin; identique 64o vs 9979 au meme offset; fp32=79e22dfba9c2 uniq_u16=13,0x800F95D4,0xA01B58E4,,,1,I_fam_0055
I,I_fam_unkX_unkY_1D6F90,0x1D6F90,0xA01D6F90,,,low,low: pas dans A2L/atlas 9979 — nommer a la main si besoin; identique 64o vs 9979 au meme offset; fp32=79868032c59e uniq_u16=24,0x800F95F4,,,,1,I_fam_0118
I,I_fam_unkX_unkY_1D6FA8,0x1D6FA8,0xA01D6FA8,,,low,low: pas dans A2L/atlas 9979 — nommer a la main si besoin; identique 64o vs 9979 au meme offset; fp32=a712f8e465ef uniq_u16=17,0x800F9614,,,,1,I_fam_0119
I,I_fam_unkX_unkY_19C50C,0x19C50C,0xA019C50C,,,low,low: pas dans A2L/atlas 9979 — nommer a la main si besoin; identique 64o vs 9979 au meme offset; fp32=bb1022609b15 uniq_u16=18,0x80107AD8,0xA01B7C00,,,1,I_fam_0058
I,I_fam_unkX_unkY_19C51C,0x19C51C,0xA019C51C,,,low,low: pas dans A2L/atlas 9979 — nommer a la main si besoin; identique 64o vs 9979 au meme offset; fp32=c85abec95b83 uniq_u16=11,0x80107AF6,0xA01B7C00,0xA01B7C0C,,1,I_fam_0044
I,I_fam_unkX_unkY_1CE4D8,0x1CE4D8,0xA01CE4D8,,,low,low: pas dans A2L/atlas 9979 — nommer a la main si besoin; identique 64o vs 9979 au meme offset; fp32=1ca4dce1a17a uniq_u16=26,0x80110DE2,,,,1,I_fam_0122
I,I_fam_unkX_unkY_1D64AC,0x1D64AC,0xA01D64AC,,,low,low: pas dans A2L/atlas 9979 — nommer a la main si besoin; identique 64o vs 9979 au meme offset; fp32=5287224a1809 uniq_u16=22,0x8011658A,,,,1,I_fam_0123
I,I_fam_unkX_unkY_1D70A0,0x1D70A0,0xA01D70A0,,,low,low: 8000/A000 fill — pas une grille lisible; identique 64o vs 9979 au meme offset; fp32=a4c06e20b2de uniq_u16=6,0x8011C4BC,0xA01B78E8,,,1,I_fam_0001
I,I_fam_unkX_unkY_1C80AC,0x1C80AC,0xA01C80AC,,,low,low: pas dans A2L/atlas 9979 — nommer a la main si besoin; differe de 9979 au meme offset; fp32=d68a5f60c28e uniq_u16=2,0x8011C4DC,0xA01B78E8,,,0,I_fam_0001
I,I_fam_unkX_unkY_1C9084,0x1C9084,0xA01C9084,,,low,low: 8000/A000 fill — pas une grille lisible; identique 64o vs 9979 au meme offset; fp32=2cde2dbaa034 uniq_u16=1,0x8011C51A,0xA01B78E8,,,1,I_fam_0001
I,I_fam_unkX_unkY_1D4488,0x1D4488,0xA01D4488,,,low,low: pas dans A2L/atlas 9979 — nommer a la main si besoin; identique 64o vs 9979 au meme offset; fp32=a179a089c0a6 uniq_u16=21,0x801481CC,,,,1,I_fam_0125
J,J_fam_unkX_unkY_1D0798,0x1D0798,0xA01D0798,,,low,low: pas dans A2L/atlas 9979 — nommer a la main si besoin; identique 64o vs 9979 au meme offset; fp32=57d629c4b1b4 uniq_u16=1,0x8007928A,,,,1,J_fam_0045
J,J_fam_unkX_unkY_199490,0x199490,0xA0199490,soi_base_int_trq2A,,medium,medium: pointe DANS soi_base_int_trq2A @0x199380 +0x110 (Start of injection SOI) — pas le debut; comment only; identique 64o vs 9979 au meme offset; fp32=ea757f7eea17 uniq_u16=25,0x8009A598,0xA01ABAC8,,Start of injection SOI,1,J_fam_0034
J,J_fam_unkX_unkY_1C5794,0x1C5794,0xA01C5794,,,low,low: 8000/A000 fill — pas une grille lisible; tombe dans turbo_int_trq_correction2C +0x68 (Turbo boost pressure) — ne pas renommer; identique 64o vs 9979 au meme offset; fp32=2cde2dbaa034 uniq_u16=1,0x800BCB56,0xA01A068C,0xA01A0698,,1,J_fam_0010
J,J_fam_unkX_unkY_19F660,0x19F660,0xA019F660,,,low,low: pas dans A2L/atlas 9979 — nommer a la main si besoin; identique 64o vs 9979 au meme offset; fp32=6834a2a4895d uniq_u16=12,0x800DE2B6,0xA01B79C0,0xA01A14FC,,1,J_fam_0032
J,J_fam_unkX_unkY_1815EC,0x1815EC,0xA01815EC,,,low,low: pas dans A2L/atlas 9979 — nommer a la main si besoin; differe de 9979 au meme offset; fp32=9b9318015daa uniq_u16=15,0x800E4DBA,,,,0,J_fam_0046
J,J_fam_unkX_unkY_19C778,0x19C778,0xA019C778,,,low,low: pas dans A2L/atlas 9979 — nommer a la main si besoin; identique 64o vs 9979 au meme offset; fp32=af9613760f72 uniq_u16=1,0x800F2156,0xA01B0B10,,,1,J_fam_0037
J,J_fam_unkX_unkY_1C8488,0x1C8488,0xA01C8488,,,low,low: pas dans A2L/atlas 9979 — nommer a la main si besoin; identique 64o vs 9979 au meme offset; fp32=8dfe8d3bc326 uniq_u16=5,0x801007FE,,,,1,J_fam_0056
J,J_fam_unkX_unkY_1D44DC,0x1D44DC,0xA01D44DC,,,low,low: pas dans A2L/atlas 9979 — nommer a la main si besoin; identique 64o vs 9979 au meme offset; fp32=62271dc319c4 uniq_u16=21,0x80100910,,,,1,J_fam_0057
J,J_fam_unkX_unkY_19E674,0x19E674,0xA019E674,,,low,low: pas dans A2L/atlas 9979 — nommer a la main si besoin; identique 64o vs 9979 au meme offset; fp32=cf7dbce5dc40 uniq_u16=14,0x80103272,0xA01A9B4C,,,1,J_fam_0033
J,J_fam_unkX_D0001A54_19F654,0x19F654,0xA019F654,,,low,low: pas dans A2L/atlas 9979 — nommer a la main si besoin; identique 64o vs 9979 au meme offset; fp32=ca7ea4ba364c uniq_u16=12,0x8010659A,0xA01AFA84,,,1,J_fam_0041
J,J_fam_unkX_unkY_19F66C,0x19F66C,0xA019F66C,,,low,low: pas dans A2L/atlas 9979 — nommer a la main si besoin; identique 64o vs 9979 au meme offset; fp32=905c73d408d7 uniq_u16=12,0x80117B6C,0xA01ABB54,,,1,J_fam_0035
K,K_fam_unkX_unkY_1F6CBC,0x1F6CBC,0xA01F6CBC,,,low,low: 8000/A000 fill — pas une grille lisible; identique 64o vs 9979 au meme offset; fp32=66687aadf862 uniq_u16=1,0x80087D0E,,,,1,K_fam_0033
K,K_fam_unkX_unkY_1EEC48,0x1EEC48,0xA01EEC48,,,low,low: 8000/A000 fill — pas une grille lisible; identique 64o vs 9979 au meme offset; fp32=66687aadf862 uniq_u16=1,0x80089AD6,,,,1,K_fam_0036
K,K_fam_D0002FFA_D0002FD6_1D485C,0x1D485C,0xA01D485C,,,low,low: pas dans A2L/atlas 9979 — nommer a la main si besoin; identique 64o vs 9979 au meme offset; fp32=170495952263 uniq_u16=26,0x8008D81C,0xA01A6448,0xA01A9830,,1,K_fam_0007
K,K_fam_unkX_unkY_18CA74,0x18CA74,0xA018CA74,soi_base_int_trq2A,,medium,medium: pointe DANS soi_base_int_trq2A @0x18C980 +0xF4 (Start of injection SOI) — pas le debut; comment only; identique 64o vs 9979 au meme offset; fp32=95b38b27de52 uniq_u16=21,0x80092490,,,Start of injection SOI,1,K_fam_0039
K,K_fam_unkX_unkY_18EA6C,0x18EA6C,0xA018EA6C,soi_base_int_trq2A,,medium,medium: pointe DANS soi_base_int_trq2A @0x18E980 +0xEC (Start of injection SOI) — pas le debut; comment only; identique 64o vs 9979 au meme offset; fp32=9726cfc64e89 uniq_u16=21,0x80092598,,,Start of injection SOI,1,K_fam_0040
K,K_fam_unkX_unkY_191AA0,0x191AA0,0xA0191AA0,soi_base_int_trq2A,,medium,medium: pointe DANS soi_base_int_trq2A @0x191980 +0x120 (Start of injection SOI) — pas le debut; comment only; identique 64o vs 9979 au meme offset; fp32=43c5b096e94c uniq_u16=25,0x8009268E,,,Start of injection SOI,1,K_fam_0041
K,K_fam_unkX_unkY_194AA8,0x194AA8,0xA0194AA8,,,low,low: 8000/A000 fill — pas une grille lisible; identique 64o vs 9979 au meme offset; fp32=2cde2dbaa034 uniq_u16=1,0x80092780,,,,1,K_fam_0042
K,K_fam_unkX_unkY_1CA620,0x1CA620,0xA01CA620,,,low,low: pas dans A2L/atlas 9979 — nommer a la main si besoin; identique 64o vs 9979 au meme offset; fp32=0c4fdbd13c9a uniq_u16=4,0x80093A44,,,,1,K_fam_0051
K,K_fam_unkX_unkY_1CC618,0x1CC618,0xA01CC618,,,low,low: pas dans A2L/atlas 9979 — nommer a la main si besoin; identique 64o vs 9979 au meme offset; fp32=09c4442b7b16 uniq_u16=28,0x80093B4C,,,,1,K_fam_0052
K,K_fam_unkX_unkY_1CF60C,0x1CF60C,0xA01CF60C,,,low,low: pas dans A2L/atlas 9979 — nommer a la main si besoin; identique 64o vs 9979 au meme offset; fp32=c57ac7215e75 uniq_u16=21,0x80093C42,,,,1,K_fam_0053
K,K_fam_unkX_unkY_1D2654,0x1D2654,0xA01D2654,smoke_mapA,,medium,medium: pointe DANS smoke_mapA @0x1D251C +0x138 (Smoke limitation) — pas le debut; comment only; identique 64o vs 9979 au meme offset; fp32=0c2239d76506 uniq_u16=28,0x80093D34,,,Smoke limitation,1,K_fam_0054
K,K_fam_unkX_unkY_195AAC,0x195AAC,0xA0195AAC,soi_base_int_trq2A,,medium,medium: pointe DANS soi_base_int_trq2A @0x195980 +0x12C (Start of injection SOI) — pas le debut; comment only; identique 64o vs 9979 au meme offset; fp32=eba61cea37bd uniq_u16=21,0x800948F2,,,Start of injection SOI,1,K_fam_0063
K,K_fam_unkX_unkY_196A98,0x196A98,0xA0196A98,soi_base_int_trq2A,,medium,medium: pointe DANS soi_base_int_trq2A @0x196980 +0x118 (Start of injection SOI) — pas le debut; comment only; identique 64o vs 9979 au meme offset; fp32=6a88b9434c2a uniq_u16=27,0x80094994,0xA01A0B44,,Start of injection SOI,1,K_fam_0002
K,K_fam_unkX_unkY_197AA8,0x197AA8,0xA0197AA8,soi_base_int_trq2A,,medium,medium: pointe DANS soi_base_int_trq2A @0x197980 +0x128 (Start of injection SOI) — pas le debut; comment only; identique 64o vs 9979 au meme offset; fp32=5bf06c313748 uniq_u16=10,0x80094A34,0xA01A0B7C,,Start of injection SOI,1,K_fam_0003
K,K_fam_unkX_unkY_1D3670,0x1D3670,0xA01D3670,tqlim_tegt_temp,,medium,medium: pointe DANS tqlim_tegt_temp @0x1D35A8 +0xC8 (Engine torque limiters) — pas le debut; comment only; identique 64o vs 9979 au meme offset; fp32=9e7e28f28780 uniq_u16=27,0x8009725C,,,Engine torque limiters,1,K_fam_0065
K,K_fam_D000244C_unkY_1D465C,0x1D465C,0xA01D465C,,,low,low: pas dans A2L/atlas 9979 — nommer a la main si besoin; identique 64o vs 9979 au meme offset; fp32=10abe1cb81c5 uniq_u16=2,0x800972F8,,,,1,K_fam_0004
K,K_fam_D000244E_unkY_1D566C,0x1D566C,0xA01D566C,,,low,low: pas dans A2L/atlas 9979 — nommer a la main si besoin; identique 64o vs 9979 au meme offset; fp32=86ab4f5fd69d uniq_u16=8,0x80097392,,,,1,K_fam_0005
K,K_fam_unkX_unkY_1F391C,0x1F391C,0xA01F391C,,,low,low: 8000/A000 fill — pas une grille lisible; identique 64o vs 9979 au meme offset; fp32=66687aadf862 uniq_u16=1,0x800B6804,,,,1,K_fam_0067
K,K_fam_unkX_unkY_1EE8C8,0x1EE8C8,0xA01EE8C8,,,low,low: 8000/A000 fill — pas une grille lisible; identique 64o vs 9979 au meme offset; fp32=66687aadf862 uniq_u16=1,0x800C1924,,,,1,K_fam_0069
K,K_fam_unkX_unkY_19D684,0x19D684,0xA019D684,,,low,low: pas dans A2L/atlas 9979 — nommer a la main si besoin; identique 64o vs 9979 au meme offset; fp32=46a22cf10e7d uniq_u16=4,0x800E20E0,,,,1,K_fam_0078
K,K_fam_unkX_unkY_1996D8,0x1996D8,0xA01996D8,soi_base_int_trq2A,,medium,medium: pointe DANS soi_base_int_trq2A @0x199580 +0x158 (Start of injection SOI) — pas le debut; comment only; identique 64o vs 9979 au meme offset; fp32=52780d15610f uniq_u16=16,0x800E23C6,0xA01AA5FC,,Start of injection SOI,1,K_fam_0019
K,K_fam_unkX_unkY_19E6B0,0x19E6B0,0xA019E6B0,,,low,low: pas dans A2L/atlas 9979 — nommer a la main si besoin; identique 64o vs 9979 au meme offset; fp32=f18ccc677018 uniq_u16=13,0x800E2B3A,,,,1,K_fam_0079
K,K_fam_unkX_unkY_1CFCE4,0x1CFCE4,0xA01CFCE4,AccPed_trq4A,AccPed_trq4A,high,high: empreinte diverse = famille AccPed_trq4A (Engine torque request) delta=0x24 cols=8 rows=16 src=a2l; differe de 9979 au meme offset; fp32=7a19e5133987 uniq_u16=29,0x800E2DCA,,,Engine torque request,0,K_fam_0080
K,K_fam_unkX_unkY_19D6B8,0x19D6B8,0xA019D6B8,,,low,low: pas dans A2L/atlas 9979 — nommer a la main si besoin; identique 64o vs 9979 au meme offset; fp32=9244f7e4bc34 uniq_u16=5,0x800E9044,,,,1,K_fam_0082
K,K_fam_unkX_unkY_1C4DD8,0x1C4DD8,0xA01C4DD8,,,low,low: 8000/A000 fill — pas une grille lisible; tombe dans turbo_int_trq_correction2C +0x12C (Turbo boost pressure) — ne pas renommer; identique 64o vs 9979 au meme offset; fp32=2cde2dbaa034 uniq_u16=1,0x800E92BA,,,,1,K_fam_0083
K,K_fam_unkX_unkY_19E694,0x19E694,0xA019E694,,,low,low: pas dans A2L/atlas 9979 — nommer a la main si besoin; identique 64o vs 9979 au meme offset; fp32=f75134f01f2c uniq_u16=11,0x800F166A,,,,1,K_fam_0084
K,K_fam_unkX_unkY_1C206C,0x1C206C,0xA01C206C,turbo_base3B,turbo_base3B,high,high: empreinte diverse = famille turbo_base3B (Turbo boost pressure) delta=0x40 cols=16 rows=20 src=a2l; identique 64o vs 9979 au meme offset; fp32=9af3e182d2ba uniq_u16=31,0x800F1740,,,Turbo boost pressure,1,K_fam_0085
K,K_fam_unkX_unkY_19B6D0,0x19B6D0,0xA019B6D0,,,low,low: 8000/A000 fill — pas une grille lisible; identique 64o vs 9979 au meme offset; fp32=2cde2dbaa034 uniq_u16=11,0x800F18FE,,,,1,K_fam_0086
K,K_fam_unkX_unkY_19C6A8,0x19C6A8,0xA019C6A8,,,low,low: pas dans A2L/atlas 9979 — nommer a la main si besoin; identique 64o vs 9979 au meme offset; fp32=f849d67325fa uniq_u16=2,0x800F5876,,,,1,K_fam_0087
K,K_fam_unkX_unkY_1986DC,0x1986DC,0xA01986DC,,,low,low: 8000/A000 fill — pas une grille lisible; identique 64o vs 9979 au meme offset; fp32=2cde2dbaa034 uniq_u16=1,0x800F5B70,0xA01ACEB4,,,1,K_fam_0021
K,K_fam_unkX_unkY_198630,0x198630,0xA0198630,,,low,low: 8000/A000 fill — pas une grille lisible; identique 64o vs 9979 au meme offset; fp32=2cde2dbaa034 uniq_u16=1,0x800FD890,0xA01B582C,0xA01A76EC,,1,K_fam_0014
K,K_fam_unkX_unkY_19EBFC,0x19EBFC,0xA019EBFC,,,low,low: pas dans A2L/atlas 9979 — nommer a la main si besoin; identique 64o vs 9979 au meme offset; fp32=6489d9892fc6 uniq_u16=7,0x80100688,,,,1,K_fam_0088
K,K_fam_unkX_unkY_1CF468,0x1CF468,0xA01CF468,,,low,low: pas dans A2L/atlas 9979 — nommer a la main si besoin; identique 64o vs 9979 au meme offset; fp32=f2293c6802b7 uniq_u16=31,0x80106320,,,,1,K_fam_0089
K,K_fam_unkX_unkY_1CF474,0x1CF474,0xA01CF474,,,low,low: pas dans A2L/atlas 9979 — nommer a la main si besoin; identique 64o vs 9979 au meme offset; fp32=e6952b5e259d uniq_u16=30,0x8010BD48,,,,1,K_fam_0090
L,L_fam_unkX_unkY_19D6AC,0x19D6AC,0xA019D6AC,,,low,low: pas dans A2L/atlas 9979 — nommer a la main si besoin; identique 64o vs 9979 au meme offset; fp32=e5ec572b71ac uniq_u16=5,0x80080D0E,0xA01B1874,0xA01AA9FC,,1,L_fam_0015
L,L_fam_unkX_unkY_1834B8,0x1834B8,0xA01834B8,,,low,low: pas dans A2L/atlas 9979 — nommer a la main si besoin; identique 64o vs 9979 au meme offset; fp32=df58af2f9a94 uniq_u16=9,0x80081674,,,,1,L_fam_0038
L,L_fam_D00031EC_unkY_183498,0x183498,0xA0183498,,,low,low: pas dans A2L/atlas 9979 — nommer a la main si besoin; differe de 9979 au meme offset; fp32=6038906d337c uniq_u16=11,0x80081832,,,,0,L_fam_0037
L,L_fam_unkX_unkY_183488,0x183488,0xA0183488,,,low,low: pas dans A2L/atlas 9979 — nommer a la main si besoin; differe de 9979 au meme offset; fp32=0df89c51fbfa uniq_u16=11,0x8008A8EE,,,,0,L_fam_0039
L,L_fam_D00030A2_D00030A0_1824B8,0x1824B8,0xA01824B8,,,low,low: pas dans A2L/atlas 9979 — nommer a la main si besoin; identique 64o vs 9979 au meme offset; fp32=b84adf4c2241 uniq_u16=22,0x8008AA7E,,,,1,L_fam_0033
L,L_fam_unkX_unkY_19B524,0x19B524,0xA019B524,,,low,low: pas dans A2L/atlas 9979 — nommer a la main si besoin; identique 64o vs 9979 au meme offset; fp32=9de0e1cbb6cc uniq_u16=18,0x80096AAA,0xA01B1874,0xA01B1874,,1,L_fam_0016
L,L_fam_D000241C_unkY_1C2A24,0x1C2A24,0xA01C2A24,,,low,low: pas dans A2L/atlas 9979 — nommer a la main si besoin; identique 64o vs 9979 au meme offset; fp32=1f6e56e808b0 uniq_u16=16,0x8009AE3A,0xA01A9AC8,0xA01BD9E4,,1,L_fam_0007
L,L_fam_unkX_D0002416_199534,0x199534,0xA0199534,soi_base_int_trq2A,,medium,medium: pointe DANS soi_base_int_trq2A @0x199380 +0x1B4 (Start of injection SOI) — pas le debut; comment only; identique 64o vs 9979 au meme offset; fp32=3ca1ffe1d0aa uniq_u16=9,0x8009B032,0xA01AAAE8,,Start of injection SOI,1,L_fam_0034
L,L_fam_unkX_D0002416_1C0A04,0x1C0A04,0xA01C0A04,turbo_base3B,,medium,medium: pointe DANS turbo_base3B @0x1C09AC +0x58 (Turbo boost pressure) — pas le debut; comment only; identique 64o vs 9979 au meme offset; fp32=0483f32db26e uniq_u16=30,0x8009B086,0xA01A9AE8,0xA01A8AE8,Turbo boost pressure,1,L_fam_0008
L,L_fam_unkX_unkY_199484,0x199484,0xA0199484,soi_base_int_trq2A,,medium,medium: pointe DANS soi_base_int_trq2A @0x199380 +0x104 (Start of injection SOI) — pas le debut; comment only; identique 64o vs 9979 au meme offset; fp32=8d13ba411091 uniq_u16=26,0x8009B7A6,0xA01B39E8,,Start of injection SOI,1,L_fam_0029
L,L_fam_unkX_unkY_19ABEC,0x19ABEC,0xA019ABEC,soi_base_int_trq2A,,medium,medium: pointe DANS soi_base_int_trq2A @0x19AB80 +0x6C (Start of injection SOI) — pas le debut; comment only; identique 64o vs 9979 au meme offset; fp32=af8f283c4c1a uniq_u16=23,0x800A49DA,0xA01A7BF8,0xA01A7BF8,Start of injection SOI,1,L_fam_0004
L,L_fam_unkX_unkY_19A488,0x19A488,0xA019A488,soi_base_int_trq2A,,medium,medium: pointe DANS soi_base_int_trq2A @0x19A380 +0x108 (Start of injection SOI) — pas le debut; comment only; identique 64o vs 9979 au meme offset; fp32=17e29b3d8959 uniq_u16=27,0x800B200E,0xA01B4B0C,,Start of injection SOI,1,L_fam_0030
L,L_fam_unkX_unkY_199BD0,0x199BD0,0xA0199BD0,,,low,low: 8000/A000 fill — pas une grille lisible; identique 64o vs 9979 au meme offset; fp32=2cde2dbaa034 uniq_u16=1,0x800BBF64,,,,1,L_fam_0041
L,L_fam_unkX_unkY_18344C,0x18344C,0xA018344C,,,low,low: pas dans A2L/atlas 9979 — nommer a la main si besoin; differe de 9979 au meme offset; fp32=f2ad405baf6e uniq_u16=25,0x800E1DF2,,,,0,L_fam_0044
M,M_fam_unkX_unkY_1D3A70,0x1D3A70,0xA01D3A70,,,low,low: pas dans A2L/atlas 9979 — nommer a la main si besoin; identique 64o vs 9979 au meme offset; fp32=b228a60bcbb0 uniq_u16=20,0x8007D562,0xA01A76D8,0xA01A2650,,1,M_fam_0007
M,M_fam_D000194C_unkY_182484,0x182484,0xA0182484,,,low,low: pas dans A2L/atlas 9979 — nommer a la main si besoin; identique 64o vs 9979 au meme offset; fp32=dba46df32ac9 uniq_u16=12,0x80081A08,,,,1,M_fam_0015
M,M_fam_D00031EE_unkY_1864C8,0x1864C8,0xA01864C8,,,low,low: pas dans A2L/atlas 9979 — nommer a la main si besoin; identique 64o vs 9979 au meme offset; fp32=c52fbcdaac27 uniq_u16=1,0x80081A6A,,,,1,M_fam_0002
M,M_fam_D00031EE_unkY_182494,0x182494,0xA0182494,,,low,low: pas dans A2L/atlas 9979 — nommer a la main si besoin; identique 64o vs 9979 au meme offset; fp32=4c42474452c0 uniq_u16=13,0x80081B1C,,,,1,M_fam_0002
M,M_fam_D00031EE_unkY_1874E8,0x1874E8,0xA01874E8,,,low,low: pas dans A2L/atlas 9979 — nommer a la main si besoin; identique 64o vs 9979 au meme offset; fp32=77c87b252e63 uniq_u16=12,0x80081B7E,,,,1,M_fam_0002
M,M_fam_unkX_unkY_19B40C,0x19B40C,0xA019B40C,,,low,low: 8000/A000 fill — pas une grille lisible; identique 64o vs 9979 au meme offset; fp32=3c247d81de24 uniq_u16=3,0x800878C0,0xA01BA9D8,0xA01B5820,,1,M_fam_0008
M,M_fam_unkX_unkY_1D6A20,0x1D6A20,0xA01D6A20,,,low,low: pas dans A2L/atlas 9979 — nommer a la main si besoin; identique 64o vs 9979 au meme offset; fp32=ce2d0d8cfbf6 uniq_u16=17,0x8009DEC6,,0xA01A6680,,1,M_fam_0011
M,M_fam_unkX_D0001710_1CAA3C,0x1CAA3C,0xA01CAA3C,,,low,low: pas dans A2L/atlas 9979 — nommer a la main si besoin; identique 64o vs 9979 au meme offset; fp32=2cd638865d77 uniq_u16=15,0x8009E4EA,,,,1,M_fam_0014
M,M_fam_unkX_unkY_181494,0x181494,0xA0181494,,,low,low: pas dans A2L/atlas 9979 — nommer a la main si besoin; identique 64o vs 9979 au meme offset; fp32=99b0f542fd94 uniq_u16=21,0x800A32CA,,,,1,M_fam_0018
M,M_fam_unkX_unkY_1CD3A0,0x1CD3A0,0xA01CD3A0,,,low,low: pas dans A2L/atlas 9979 — nommer a la main si besoin; identique 64o vs 9979 au meme offset; fp32=53ac2cf738f3 uniq_u16=32,0x800ADEBE,,0xA01A5680,,1,M_fam_0010
M,M_fam_unkX_unkY_1C93A0,0x1C93A0,0xA01C93A0,,,low,low: 8000/A000 fill — pas une grille lisible; identique 64o vs 9979 au meme offset; fp32=66687aadf862 uniq_u16=1,0x800AEEDA,0xA01A4670,,,1,M_fam_0013
M,M_fam_unkX_unkY_1D13A8,0x1D13A8,0xA01D13A8,smoke_maf_trqA,,medium,medium: pointe DANS smoke_maf_trqA @0x1D11D8 +0x1D0 (Smoke limitation) — pas le debut; comment only; identique 64o vs 9979 au meme offset; fp32=5b5045aac031 uniq_u16=1,0x800CC852,0xA01AE94C,0xA01B292C,Smoke limitation,1,M_fam_0004
M,M_fam_unkX_unkY_1CE368,0x1CE368,0xA01CE368,,,low,low: pas dans A2L/atlas 9979 — nommer a la main si besoin; identique 64o vs 9979 au meme offset; fp32=40ee63265a2a uniq_u16=18,0x800CC88C,0xA01AE94C,0xA01B292C,,1,M_fam_0004
M,M_fam_unkX_unkY_1C77F4,0x1C77F4,0xA01C77F4,,,low,low: pas dans A2L/atlas 9979 — nommer a la main si besoin; differe de 9979 au meme offset; fp32=f45ef5b48105 uniq_u16=26,0x800D2728,0xA01B2874,0xA01AC814,,0,M_fam_0006
M,M_fam_unkX_unkY_1CEA28,0x1CEA28,0xA01CEA28,,,low,low: pas dans A2L/atlas 9979 — nommer a la main si besoin; identique 64o vs 9979 au meme offset; fp32=8fc8e0beac71 uniq_u16=9,0x80116C40,,0xA01A04D0,,1,M_fam_0009
M,M_fam_D00029CA_unkY_1D7A28,0x1D7A28,0xA01D7A28,,,low,low: pas dans A2L/atlas 9979 — nommer a la main si besoin; identique 64o vs 9979 au meme offset; fp32=44c437da53f0 uniq_u16=7,0x801182BC,,,,1,M_fam_0016
M,M_fam_unkX_unkY_1CD94C,0x1CD94C,0xA01CD94C,,,low,low: 8000/A000 fill — pas une grille lisible; identique 64o vs 9979 au meme offset; fp32=63b08d620d69 uniq_u16=6,0x80118D16,0xA01A06C8,,,1,M_fam_0012
N,N_fam_unkX_unkY_19A468,0x19A468,0xA019A468,soi_base_int_trq2A,,medium,medium: pointe DANS soi_base_int_trq2A @0x19A380 +0xE8 (Start of injection SOI) — pas le debut; comment only; identique 64o vs 9979 au meme offset; fp32=34fe461b4ff5 uniq_u16=30,0x8007F14A,0xA01AA70C,0xA01A070C,Start of injection SOI,1,N_fam_0007
N,N_fam_unkX_unkY_19C490,0x19C490,0xA019C490,,,low,low: pas dans A2L/atlas 9979 — nommer a la main si besoin; identique 64o vs 9979 au meme offset; fp32=96bf2b31dc4e uniq_u16=24,0x80085BD2,0xA01B4870,0xA01BCAF8,,1,N_fam_0012
N,N_fam_unkX_unkY_19F638,0x19F638,0xA019F638,,,low,low: 8000/A000 fill — pas une grille lisible; identique 64o vs 9979 au meme offset; fp32=2b94d1cdd617 uniq_u16=4,0x8008C39A,,,,1,N_fam_0026
N,N_fam_D00019D2_unkY_19BDD8,0x19BDD8,0xA019BDD8,,,low,low: pas dans A2L/atlas 9979 — nommer a la main si besoin; identique 64o vs 9979 au meme offset; fp32=632619d5f97b uniq_u16=18,0x800A0378,,,,1,N_fam_0002
N,N_fam_D00019D2_unkY_19BDC4,0x19BDC4,0xA019BDC4,,,low,low: pas dans A2L/atlas 9979 — nommer a la main si besoin; identique 64o vs 9979 au meme offset; fp32=2bf6603dd108 uniq_u16=13,0x800A046C,,,,1,N_fam_0002
N,N_fam_unkX_unkY_1E88C8,0x1E88C8,0xA01E88C8,,,low,low: pas dans A2L/atlas 9979 — nommer a la main si besoin; identique 64o vs 9979 au meme offset; fp32=10c0f1047978 uniq_u16=5,0x800B5D86,,,,1,N_fam_0027
N,N_fam_D0001B94_unkY_1F4D94,0x1F4D94,0xA01F4D94,,,low,low: 8000/A000 fill — pas une grille lisible; identique 64o vs 9979 au meme offset; fp32=66687aadf862 uniq_u16=1,0x800C4996,,,,1,N_fam_0022
N,N_fam_unkX_unkY_19ADF4,0x19ADF4,0xA019ADF4,soi_base_int_trq2A,,medium,medium: pointe DANS soi_base_int_trq2A @0x19AD80 +0x74 (Start of injection SOI) — pas le debut; comment only; identique 64o vs 9979 au meme offset; fp32=6a5eca574e4e uniq_u16=27,0x800C8612,,,Start of injection SOI,1,N_fam_0028
N,N_fam_unkX_unkY_19C3E8,0x19C3E8,0xA019C3E8,,,low,low: pas dans A2L/atlas 9979 — nommer a la main si besoin; identique 64o vs 9979 au meme offset; fp32=4db797857506 uniq_u16=26,0x800CE9F0,0xA01AC868,0xA01BD8C0,,1,N_fam_0004
N,N_fam_unkX_unkY_1CF99C,0x1CF99C,0xA01CF99C,,,low,low: pas dans A2L/atlas 9979 — nommer a la main si besoin; differe de 9979 au meme offset; fp32=8744887000a9 uniq_u16=15,0x800D0DE4,0xA01A54C0,,,0,N_fam_0013
N,N_fam_unkX_unkY_1D7640,0x1D7640,0xA01D7640,,,low,low: pas dans A2L/atlas 9979 — nommer a la main si besoin; identique 64o vs 9979 au meme offset; fp32=3a7aaa1d8aef uniq_u16=9,0x800D27DE,0xA01AC814,0xA01AC814,,1,N_fam_0009
N,N_fam_unkX_unkY_1D6674,0x1D6674,0xA01D6674,,,low,low: pas dans A2L/atlas 9979 — nommer a la main si besoin; identique 64o vs 9979 au meme offset; fp32=2f6e5280df08 uniq_u16=17,0x800D284E,,,,1,N_fam_0029
N,N_fam_unkX_unkY_1E88DC,0x1E88DC,0xA01E88DC,,,low,low: pas dans A2L/atlas 9979 — nommer a la main si besoin; identique 64o vs 9979 au meme offset; fp32=52fa3907d122 uniq_u16=5,0x800D4E28,,,,1,N_fam_0030
N,N_fam_unkX_D00022E2_19E608,0x19E608,0xA019E608,,,low,low: pas dans A2L/atlas 9979 — nommer a la main si besoin; identique 64o vs 9979 au meme offset; fp32=cf40208097e2 uniq_u16=13,0x800D6A20,,,,1,N_fam_0021
N,N_fam_unkX_D0001ADE_198530,0x198530,0xA0198530,,,low,low: 8000/A000 fill — pas une grille lisible; identique 64o vs 9979 au meme offset; fp32=2cde2dbaa034 uniq_u16=1,0x800DDFC2,,,,1,N_fam_0020
N,N_fam_D0001CBC_D0001CB4_19C4A0,0x19C4A0,0xA019C4A0,,,low,low: pas dans A2L/atlas 9979 — nommer a la main si besoin; identique 64o vs 9979 au meme offset; fp32=15b43d85a02d uniq_u16=19,0x800EBA3E,,,,1,N_fam_0017
N,N_fam_unkX_unkY_1C4918,0x1C4918,0xA01C4918,,,low,low: 8000/A000 fill — pas une grille lisible; tombe dans turbo_int_trq_correction2C +0xEC (Turbo boost pressure) — ne pas renommer; identique 64o vs 9979 au meme offset; fp32=2cde2dbaa034 uniq_u16=1,0x800ED996,0xA01A3470,0xA01A7648,,1,N_fam_0003
N,N_fam_D0001D50_unkY_19A678,0x19A678,0xA019A678,soi_base_int_trq2A,,medium,medium: pointe DANS soi_base_int_trq2A @0x19A580 +0xF8 (Start of injection SOI) — pas le debut; comment only; identique 64o vs 9979 au meme offset; fp32=7b5fdcfcddd1 uniq_u16=29,0x800F3ED0,,,Start of injection SOI,1,N_fam_0023
N,N_fam_unkX_unkY_19C52C,0x19C52C,0xA019C52C,,,low,low: 8000/A000 fill — pas une grille lisible; identique 64o vs 9979 au meme offset; fp32=b22366b21ec2 uniq_u16=3,0x800F98A0,0xA01AF84C,0xA01AA828,,1,N_fam_0011
N,N_fam_D000274C_D000277E_19B3E0,0x19B3E0,0xA019B3E0,,,low,low: 8000/A000 fill — pas une grille lisible; identique 64o vs 9979 au meme offset; fp32=2cde2dbaa034 uniq_u16=2,0x800FB0F8,0xA01ABBC8,0xA01A570C,,1,N_fam_0008
N,N_fam_unkX_unkY_1ECC48,0x1ECC48,0xA01ECC48,,,low,low: pas dans A2L/atlas 9979 — nommer a la main si besoin; identique 64o vs 9979 au meme offset; fp32=331eeb78f213 uniq_u16=4,0x80103CEC,,,,1,N_fam_0031
N,N_fam_D0010000_D0012975_1EBC78,0x1EBC78,0xA01EBC78,rail_request_horsA2L_banque_14,,medium,medium: pointe DANS rail_request_horsA2L_banque_14 @0x1EBB68 +0x110 (Hors A2L / provisoire) — pas le debut; comment only; identique 64o vs 9979 au meme offset; fp32=e70f0ea2d132 uniq_u16=32,0x80103D8C,,,Hors A2L / provisoire,1,N_fam_0019
N,N_fam_D00026C0_unkY_1EBC6C,0x1EBC6C,0xA01EBC6C,rail_request_horsA2L_banque_14,,medium,medium: pointe DANS rail_request_horsA2L_banque_14 @0x1EBB68 +0x104 (Hors A2L / provisoire) — pas le debut; comment only; identique 64o vs 9979 au meme offset; fp32=8fe4689b756d uniq_u16=32,0x80104930,,,Hors A2L / provisoire,1,N_fam_0024
N,N_fam_unkX_unkY_1D0ACC,0x1D0ACC,0xA01D0ACC,AccPed_trq4A,,medium,medium: pointe DANS AccPed_trq4A @0x1D0A5C +0x70 (Engine torque request) — pas le debut; comment only; identique 64o vs 9979 au meme offset; fp32=9c9061c2a997 uniq_u16=29,0x80116446,,,Engine torque request,1,N_fam_0032
N,N_fam_unkX_unkY_1C8AB8,0x1C8AB8,0xA01C8AB8,,,low,low: pas dans A2L/atlas 9979 — nommer a la main si besoin; identique 64o vs 9979 au meme offset; fp32=16913e94aee6 uniq_u16=32,0x8011B130,,,,1,N_fam_0033
O,O_fam_unkX_unkY_185434,0x185434,0xA0185434,,,low,low: pas dans A2L/atlas 9979 — nommer a la main si besoin; identique 64o vs 9979 au meme offset; fp32=b577c78efa33 uniq_u16=29,0x8005546C,,,,1,O_fam_0013
O,O_fam_unkX_unkY_1F5CBC,0x1F5CBC,0xA01F5CBC,,,low,low: 8000/A000 fill — pas une grille lisible; identique 64o vs 9979 au meme offset; fp32=66687aadf862 uniq_u16=1,0x80086D52,,,,1,O_fam_0014
O,O_fam_unkX_unkY_1F5D44,0x1F5D44,0xA01F5D44,,,low,low: 8000/A000 fill — pas une grille lisible; identique 64o vs 9979 au meme offset; fp32=66687aadf862 uniq_u16=1,0x80089190,,,,1,O_fam_0015
O,O_fam_unkX_unkY_1CD000,0x1CD000,0xA01CD000,,,low,low: 8000/A000 fill — pas une grille lisible; identique 64o vs 9979 au meme offset; fp32=2cde2dbaa034 uniq_u16=1,0x80096BAC,0xA01A8928,,,1,O_fam_0004
O,O_fam_unkX_unkY_1D5040,0x1D5040,0xA01D5040,,,low,low: pas dans A2L/atlas 9979 — nommer a la main si besoin; identique 64o vs 9979 au meme offset; fp32=46070f7c8fbc uniq_u16=1,0x80096BFC,0xA01A8928,,,1,O_fam_0004
O,O_fam_unkX_unkY_1C0AA4,0x1C0AA4,0xA01C0AA4,turbo_base3B,,medium,medium: pointe DANS turbo_base3B @0x1C09AC +0xF8 (Turbo boost pressure) — pas le debut; comment only; identique 64o vs 9979 au meme offset; fp32=7f11d342f15c uniq_u16=28,0x8009ACB8,0xA01B1874,0xA01B1874,Turbo boost pressure,1,O_fam_0003
O,O_fam_D000241E_unkY_1C0AE4,0x1C0AE4,0xA01C0AE4,turbo_base3B,,medium,medium: pointe DANS turbo_base3B @0x1C09AC +0x138 (Turbo boost pressure) — pas le debut; comment only; identique 64o vs 9979 au meme offset; fp32=e7ab0b643769 uniq_u16=26,0x8009AD22,0xA01B1874,0xA01B1874,Turbo boost pressure,1,O_fam_0003
O,O_fam_D000241C_unkY_1C2A24,0x1C2A24,0xA01C2A24,,,low,low: pas dans A2L/atlas 9979 — nommer a la main si besoin; identique 64o vs 9979 au meme offset; fp32=1f6e56e808b0 uniq_u16=16,0x8009AE10,0xA01AAAC8,0xA01A9AC8,,1,O_fam_0001
O,O_fam_unkX_D0002416_1C5A04,0x1C5A04,0xA01C5A04,turbo_int_trq_correction2C,,medium,medium: pointe DANS turbo_int_trq_correction2C @0x1C58AC +0x158 (Turbo boost pressure) — pas le debut; comment only; identique 64o vs 9979 au meme offset; fp32=72d19081a450 uniq_u16=4,0x8009B05C,0xA01AAAE8,0xA01A9AE8,Turbo boost pressure,1,O_fam_0002
O,O_fam_unkX_D0002416_1C0A04,0x1C0A04,0xA01C0A04,turbo_base3B,,medium,medium: pointe DANS turbo_base3B @0x1C09AC +0x58 (Turbo boost pressure) — pas le debut; comment only; identique 64o vs 9979 au meme offset; fp32=0483f32db26e uniq_u16=30,0x8009B074,0xA01AAAE8,0xA01A9AE8,Turbo boost pressure,1,O_fam_0002
O,O_fam_unkX_unkY_1D0824,0x1D0824,0xA01D0824,,,low,low: pas dans A2L/atlas 9979 — nommer a la main si besoin; identique 64o vs 9979 au meme offset; fp32=57d629c4b1b4 uniq_u16=2,0x8009D546,,,,1,O_fam_0016
O,O_fam_D00019D2_unkY_19CDF4,0x19CDF4,0xA019CDF4,,,low,low: pas dans A2L/atlas 9979 — nommer a la main si besoin; identique 64o vs 9979 au meme offset; fp32=3752d3d5e46f uniq_u16=3,0x800A03A4,,,,1,O_fam_0005
O,O_fam_D00019D2_unkY_19BDEC,0x19BDEC,0xA019BDEC,,,low,low: pas dans A2L/atlas 9979 — nommer a la main si besoin; identique 64o vs 9979 au meme offset; fp32=6492dc88231b uniq_u16=15,0x800A0422,,,,1,O_fam_0005
O,O_fam_unkX_unkY_1CCEF4,0x1CCEF4,0xA01CCEF4,,,low,low: 8000/A000 fill — pas une grille lisible; identique 64o vs 9979 au meme offset; fp32=66687aadf862 uniq_u16=1,0x800A5790,0xA01A5500,0xA01A14E4,,1,O_fam_0006
O,O_fam_unkX_unkY_1C5794,0x1C5794,0xA01C5794,,,low,low: 8000/A000 fill — pas une grille lisible; tombe dans turbo_int_trq_correction2C +0x68 (Turbo boost pressure) — ne pas renommer; identique 64o vs 9979 au meme offset; fp32=2cde2dbaa034 uniq_u16=1,0x800BCB30,,0xA01A0698,,1,O_fam_0008
O,O_fam_unkX_unkY_19FDCC,0x19FDCC,0xA019FDCC,,,low,low: pas dans A2L/atlas 9979 — nommer a la main si besoin; identique 64o vs 9979 au meme offset; fp32=8921b5641f2d uniq_u16=6,0x80112C3A,,,,1,O_fam_0017
O,O_fam_D0003154_unkY_1CFA3C,0x1CFA3C,0xA01CFA3C,AccPed_trq4A,,medium,medium: pointe DANS AccPed_trq4A @0x1CF9C0 +0x7C (Engine torque request) — pas le debut; comment only; differe de 9979 au meme offset; fp32=78fffd206fe2 uniq_u16=22,0x80116C78,0xA01A04D0,,Engine torque request,0,O_fam_0012
O,O_fam_D0003158_D0003158_1CDA20,0x1CDA20,0xA01CDA20,,,low,low: 8000/A000 fill — pas une grille lisible; identique 64o vs 9979 au meme offset; fp32=2cde2dbaa034 uniq_u16=1,0x80116DCA,,,,1,O_fam_0010
O,O_fam_unkX_unkY_19B6AC,0x19B6AC,0xA019B6AC,,,low,low: 8000/A000 fill — pas une grille lisible; identique 64o vs 9979 au meme offset; fp32=2cde2dbaa034 uniq_u16=1,0x801206FA,0xA01A92AC,,,1,O_fam_0009
O,O_fam_unkX_unkY_1C8A24,0x1C8A24,0xA01C8A24,,,low,low: pas dans A2L/atlas 9979 — nommer a la main si besoin; identique 64o vs 9979 au meme offset; fp32=75106bc6f7da uniq_u16=32,0x801244F0,,,,1,O_fam_0018
